date,method,confidence,window_start,window_days,var_usd,es_usd,actual_pnl_usd,breach
2025-01-02,Historical,0.95,2020-02-03,1237,18328921.8,32111182.78,-663240.37,False
2025-01-02,Historical,0.97,2020-02-03,1237,24788340.24,39333069.28,-663240.37,False
2025-01-02,Historical,0.99,2020-02-03,1237,34556102.46,57433725.26,-663240.37,False
2025-01-02,Parametric (Normal),0.95,2020-02-03,1237,21438975.36,27089289.48,-663240.37,False
2025-01-02,Parametric (Normal),0.97,2020-02-03,1237,24629368.37,29866073.42,-663240.37,False
2025-01-02,Parametric (Normal),0.99,2020-02-03,1237,30654176.91,35236345.72,-663240.37,False
2025-01-02,Monte Carlo (Student-t),0.95,2020-02-03,1237,17750066.9,29705937.51,-663240.37,False
2025-01-02,Monte Carlo (Student-t),0.97,2020-02-03,1237,22247652.25,36454017.17,-663240.37,False
2025-01-02,Monte Carlo (Student-t),0.99,2020-02-03,1237,33834965.56,56102221.78,-663240.37,False
2025-01-03,Historical,0.95,2020-02-03,1238,18328112.85,32111182.78,10048002.11,False
2025-01-03,Historical,0.97,2020-02-03,1238,24784109.77,39333069.28,10048002.11,False
2025-01-03,Historical,0.99,2020-02-03,1238,34555377.9,57433725.26,10048002.11,False
2025-01-03,Parametric (Normal),0.95,2020-02-03,1238,21431273.18,27079329.8,10048002.11,False
2025-01-03,Parametric (Normal),0.97,2020-02-03,1238,24620391.51,29855004.31,10048002.11,False
2025-01-03,Parametric (Normal),0.99,2020-02-03,1238,30642792.93,35223131.0,10048002.11,False
2025-01-03,Monte Carlo (Student-t),0.95,2020-02-03,1238,18315161.86,30687559.64,10048002.11,False
2025-01-03,Monte Carlo (Student-t),0.97,2020-02-03,1238,23271826.75,37482998.16,10048002.11,False
2025-01-03,Monte Carlo (Student-t),0.99,2020-02-03,1238,34921006.16,56508848.13,10048002.11,False
2025-01-06,Historical,0.95,2020-02-06,1236,18329730.76,32111182.78,1090941.34,False
2025-01-06,Historical,0.97,2020-02-06,1236,24792570.71,39333069.28,1090941.34,False
2025-01-06,Historical,0.99,2020-02-06,1236,34556827.02,57433725.26,1090941.34,False
2025-01-06,Parametric (Normal),0.95,2020-02-06,1236,21451002.5,27098565.96,1090941.34,False
2025-01-06,Parametric (Normal),0.97,2020-02-06,1236,24639842.38,29873998.12,1090941.34,False
2025-01-06,Parametric (Normal),0.99,2020-02-06,1236,30661717.95,35241656.09,1090941.34,False
2025-01-06,Monte Carlo (Student-t),0.95,2020-02-06,1236,17723266.69,30341792.88,1090941.34,False
2025-01-06,Monte Carlo (Student-t),0.97,2020-02-06,1236,22612294.92,37186649.65,1090941.34,False
2025-01-06,Monte Carlo (Student-t),0.99,2020-02-06,1236,36566141.81,56024990.24,1090941.34,False
2025-01-07,Historical,0.95,2020-02-07,1236,18329730.76,32111182.78,-4574615.21,False
2025-01-07,Historical,0.97,2020-02-07,1236,24792570.71,39333069.28,-4574615.21,False
2025-01-07,Historical,0.99,2020-02-07,1236,34556827.02,57433725.26,-4574615.21,False
2025-01-07,Parametric (Normal),0.95,2020-02-07,1236,21452574.56,27100048.69,-4574615.21,False
2025-01-07,Parametric (Normal),0.97,2020-02-07,1236,24641364.0,29875436.95,-4574615.21,False
2025-01-07,Parametric (Normal),0.99,2020-02-07,1236,30663144.32,35243010.02,-4574615.21,False
2025-01-07,Monte Carlo (Student-t),0.95,2020-02-07,1236,17828097.7,29723858.63,-4574615.21,False
2025-01-07,Monte Carlo (Student-t),0.97,2020-02-07,1236,22494051.26,36317286.47,-4574615.21,False
2025-01-07,Monte Carlo (Student-t),0.99,2020-02-07,1236,34676793.53,55123107.29,-4574615.21,False
2025-01-08,Historical,0.95,2020-02-10,1236,18329730.76,32111182.78,2394946.49,False
2025-01-08,Historical,0.97,2020-02-10,1236,24792570.71,39333069.28,2394946.49,False
2025-01-08,Historical,0.99,2020-02-10,1236,34556827.02,57433725.26,2394946.49,False
2025-01-08,Parametric (Normal),0.95,2020-02-10,1236,21452297.32,27099743.33,2394946.49,False
2025-01-08,Parametric (Normal),0.97,2020-02-10,1236,24641070.88,29875117.77,2394946.49,False
2025-01-08,Parametric (Normal),0.99,2020-02-10,1236,30662821.22,35242664.11,2394946.49,False
2025-01-08,Monte Carlo (Student-t),0.95,2020-02-10,1236,17977902.3,30509293.73,2394946.49,False
2025-01-08,Monte Carlo (Student-t),0.97,2020-02-10,1236,23033213.85,37462390.83,2394946.49,False
2025-01-08,Monte Carlo (Student-t),0.99,2020-02-10,1236,36970898.32,55011343.56,2394946.49,False
2025-01-10,Historical,0.95,2020-02-10,1237,18328921.8,32111182.78,-15496851.79,False
2025-01-10,Historical,0.97,2020-02-10,1237,24788340.24,39333069.28,-15496851.79,False
2025-01-10,Historical,0.99,2020-02-10,1237,34556102.46,57433725.26,-15496851.79,False
2025-01-10,Parametric (Normal),0.95,2020-02-10,1237,21442124.23,27087317.89,-15496851.79,False
2025-01-10,Parametric (Normal),0.97,2020-02-10,1237,24629626.02,29861585.44,-15496851.79,False
2025-01-10,Parametric (Normal),0.99,2020-02-10,1237,30648974.73,35226991.06,-15496851.79,False
2025-01-10,Monte Carlo (Student-t),0.95,2020-02-10,1237,17968548.13,29301599.58,-15496851.79,False
2025-01-10,Monte Carlo (Student-t),0.97,2020-02-10,1237,22668036.69,35388895.02,-15496851.79,False
2025-01-10,Monte Carlo (Student-t),0.99,2020-02-10,1237,35292541.07,51095265.37,-15496851.79,False
2025-01-13,Historical,0.95,2020-02-13,1235,18330539.71,32111182.78,4665714.7,False
2025-01-13,Historical,0.97,2020-02-13,1235,24796801.17,39333069.28,4665714.7,False
2025-01-13,Historical,0.99,2020-02-13,1235,34557551.58,57433725.26,4665714.7,False
2025-01-13,Parametric (Normal),0.95,2020-02-13,1235,21494617.15,27146763.56,4665714.7,False
2025-01-13,Parametric (Normal),0.97,2020-02-13,1235,24686044.74,29924447.95,4665714.7,False
2025-01-13,Parametric (Normal),0.99,2020-02-13,1235,30712807.01,35296461.73,4665714.7,False
2025-01-13,Monte Carlo (Student-t),0.95,2020-02-13,1235,17503410.42,28054903.2,4665714.7,False
2025-01-13,Monte Carlo (Student-t),0.97,2020-02-13,1235,22384146.76,33606823.72,4665714.7,False
2025-01-13,Monte Carlo (Student-t),0.99,2020-02-13,1235,34271428.35,47199550.55,4665714.7,False
2025-01-14,Historical,0.95,2020-02-14,1235,18330539.71,32111182.78,4678512.37,False
2025-01-14,Historical,0.97,2020-02-14,1235,24796801.17,39333069.28,4678512.37,False
2025-01-14,Historical,0.99,2020-02-14,1235,34557551.58,57433725.26,4678512.37,False
2025-01-14,Parametric (Normal),0.95,2020-02-14,1235,21491669.62,27144002.27,4678512.37,False
2025-01-14,Parametric (Normal),0.97,2020-02-14,1235,24683202.37,29921778.19,4678512.37,False
2025-01-14,Parametric (Normal),0.99,2020-02-14,1235,30710163.22,35293968.97,4678512.37,False
2025-01-14,Monte Carlo (Student-t),0.95,2020-02-14,1235,17415698.54,28619944.53,4678512.37,False
2025-01-14,Monte Carlo (Student-t),0.97,2020-02-14,1235,21802801.03,34746832.78,4678512.37,False
2025-01-14,Monte Carlo (Student-t),0.99,2020-02-14,1235,33896707.73,51233960.17,4678512.37,False
2025-01-15,Historical,0.95,2020-02-18,1235,18330539.71,32111182.78,15384038.07,False
2025-01-15,Historical,0.97,2020-02-18,1235,24796801.17,39333069.28,15384038.07,False
2025-01-15,Historical,0.99,2020-02-18,1235,34557551.58,57433725.26,15384038.07,False
2025-01-15,Parametric (Normal),0.95,2020-02-18,1235,21489747.33,27142267.18,15384038.07,False
2025-01-15,Parametric (Normal),0.97,2020-02-18,1235,24681385.78,29920135.09,15384038.07,False
2025-01-15,Parametric (Normal),0.99,2020-02-18,1235,30708546.24,35292503.8,15384038.07,False
2025-01-15,Monte Carlo (Student-t),0.95,2020-02-18,1235,17555457.67,29056075.96,15384038.07,False
2025-01-15,Monte Carlo (Student-t),0.97,2020-02-18,1235,22603043.25,35305987.03,15384038.07,False
2025-01-15,Monte Carlo (Student-t),0.99,2020-02-18,1235,34382499.75,51378647.11,15384038.07,False
2025-01-16,Historical,0.95,2020-02-18,1236,18329730.76,32111182.78,5122963.04,False
2025-01-16,Historical,0.97,2020-02-18,1236,24792570.71,39333069.28,5122963.04,False
2025-01-16,Historical,0.99,2020-02-18,1236,34556827.02,57433725.26,5122963.04,False
2025-01-16,Parametric (Normal),0.95,2020-02-18,1236,21479426.43,27132329.94,5122963.04,False
2025-01-16,Parametric (Normal),0.97,2020-02-18,1236,24671281.51,29910386.4,5122963.04,False
2025-01-16,Parametric (Normal),0.99,2020-02-18,1236,30698851.06,35283119.76,5122963.04,False
2025-01-16,Monte Carlo (Student-t),0.95,2020-02-18,1236,17712019.88,29400926.22,5122963.04,False
2025-01-16,Monte Carlo (Student-t),0.97,2020-02-18,1236,21882910.55,35937556.44,5122963.04,False
2025-01-16,Monte Carlo (Student-t),0.99,2020-02-18,1236,32703523.8,56009445.65,5122963.04,False
2025-01-17,Historical,0.95,2020-02-18,1237,18328921.8,32111182.78,8513513.3,False
2025-01-17,Historical,0.97,2020-02-18,1237,24788340.24,39333069.28,8513513.3,False
2025-01-17,Historical,0.99,2020-02-18,1237,34556102.46,57433725.26,8513513.3,False
2025-01-17,Parametric (Normal),0.95,2020-02-18,1237,21467836.59,27118689.24,8513513.3,False
2025-01-17,Parametric (Normal),0.97,2020-02-18,1237,24658533.67,29895737.84,8513513.3,False
2025-01-17,Parametric (Normal),0.99,2020-02-18,1237,30683916.45,35266521.98,8513513.3,False
2025-01-17,Monte Carlo (Student-t),0.95,2020-02-18,1237,17390376.86,31571208.55,8513513.3,False
2025-01-17,Monte Carlo (Student-t),0.97,2020-02-18,1237,22615613.91,39419483.65,8513513.3,False
2025-01-17,Monte Carlo (Student-t),0.99,2020-02-18,1237,36639464.53,62804716.75,8513513.3,False
2025-01-21,Historical,0.95,2020-02-21,1235,18330539.71,32111182.78,12472967.2,False
2025-01-21,Historical,0.97,2020-02-21,1235,24796801.17,39333069.28,12472967.2,False
2025-01-21,Historical,0.99,2020-02-21,1235,34557551.58,57433725.26,12472967.2,False
2025-01-21,Parametric (Normal),0.95,2020-02-21,1235,21476936.38,27132095.03,12472967.2,False
2025-01-21,Parametric (Normal),0.97,2020-02-21,1235,24670064.8,29911259.75,12472967.2,False
2025-01-21,Parametric (Normal),0.99,2020-02-21,1235,30700038.96,35286136.47,12472967.2,False
2025-01-21,Monte Carlo (Student-t),0.95,2020-02-21,1235,18059041.85,31995791.88,12472967.2,False
2025-01-21,Monte Carlo (Student-t),0.97,2020-02-21,1235,22966820.5,39811727.12,12472967.2,False
2025-01-21,Monte Carlo (Student-t),0.99,2020-02-21,1235,36191232.73,63092902.58,12472967.2,False
2025-01-22,Historical,0.95,2020-02-24,1235,18330539.71,32111182.78,1731927.11,False
2025-01-22,Historical,0.97,2020-02-24,1235,24796801.17,39333069.28,1731927.11,False
2025-01-22,Historical,0.99,2020-02-24,1235,34557551.58,57433725.26,1731927.11,False
2025-01-22,Parametric (Normal),0.95,2020-02-24,1235,21461462.32,27117116.55,1731927.11,False
2025-01-22,Parametric (Normal),0.97,2020-02-24,1235,24654870.57,29896524.83,1731927.11,False
2025-01-22,Parametric (Normal),0.99,2020-02-24,1235,30685373.15,35271872.57,1731927.11,False
2025-01-22,Monte Carlo (Student-t),0.95,2020-02-24,1235,17817960.22,30139764.06,1731927.11,False
2025-01-22,Monte Carlo (Student-t),0.97,2020-02-24,1235,22748526.72,36784712.37,1731927.11,False
2025-01-22,Monte Carlo (Student-t),0.99,2020-02-24,1235,35033187.07,54883396.23,1731927.11,False
2025-01-23,Historical,0.95,2020-02-24,1236,18329730.76,32111182.78,8508850.2,False
2025-01-23,Historical,0.97,2020-02-24,1236,24792570.71,39333069.28,8508850.2,False
2025-01-23,Historical,0.99,2020-02-24,1236,34556827.02,57433725.26,8508850.2,False
2025-01-23,Parametric (Normal),0.95,2020-02-24,1236,21451736.91,27105111.76,8508850.2,False
2025-01-23,Parametric (Normal),0.97,2020-02-24,1236,24643858.12,29883399.85,8508850.2,False
2025-01-23,Parametric (Normal),0.99,2020-02-24,1236,30671930.25,35256581.18,8508850.2,False
2025-01-23,Monte Carlo (Student-t),0.95,2020-02-24,1236,17537750.47,29558618.74,8508850.2,False
2025-01-23,Monte Carlo (Student-t),0.97,2020-02-24,1236,21302993.62,36475831.12,8508850.2,False
2025-01-23,Monte Carlo (Student-t),0.99,2020-02-24,1236,33213705.98,56875205.49,8508850.2,False
2025-01-24,Historical,0.95,2020-02-24,1237,18328921.8,32111182.78,-1704254.3,False
2025-01-24,Historical,0.97,2020-02-24,1237,24788340.24,39333069.28,-1704254.3,False
2025-01-24,Historical,0.99,2020-02-24,1237,34556102.46,57433725.26,-1704254.3,False
2025-01-24,Parametric (Normal),0.95,2020-02-24,1237,21439422.23,27091251.38,-1704254.3,False
2025-01-24,Parametric (Normal),0.97,2020-02-24,1237,24630670.68,29868779.86,-1704254.3,False
2025-01-24,Parametric (Normal),0.99,2020-02-24,1237,30657094.66,35240492.09,-1704254.3,False
2025-01-24,Monte Carlo (Student-t),0.95,2020-02-24,1237,17118569.19,28318736.06,-1704254.3,False
2025-01-24,Monte Carlo (Student-t),0.97,2020-02-24,1237,21211919.31,34588470.81,-1704254.3,False
2025-01-24,Monte Carlo (Student-t),0.99,2020-02-24,1237,32950362.65,52627115.62,-1704254.3,False
2025-01-27,Historical,0.95,2020-02-27,1235,17560312.33,31605590.96,-497856.28,False
2025-01-27,Historical,0.97,2020-02-27,1235,24112260.0,38843535.35,-497856.28,False
2025-01-27,Historical,0.99,2020-02-27,1235,34403974.58,57428151.72,-497856.28,False
2025-01-27,Parametric (Normal),0.95,2020-02-27,1235,21281107.29,26907375.95,-497856.28,False
2025-01-27,Parametric (Normal),0.97,2020-02-27,1235,24457923.27,29672343.01,-497856.28,False
2025-01-27,Parametric (Normal),0.99,2020-02-27,1235,30457092.65,35019761.58,-497856.28,False
2025-01-27,Monte Carlo (Student-t),0.95,2020-02-27,1235,17422056.68,29671523.89,-497856.28,False
2025-01-27,Monte Carlo (Student-t),0.97,2020-02-27,1235,22609085.6,36261409.3,-497856.28,False
2025-01-27,Monte Carlo (Student-t),0.99,2020-02-27,1235,34752288.53,54030329.6,-497856.28,False
2025-01-28,Historical,0.95,2020-02-28,1235,17428989.08,31196493.53,-2980613.78,False
2025-01-28,Historical,0.97,2020-02-28,1235,23115641.28,38324525.67,-2980613.78,False
2025-01-28,Historical,0.99,2020-02-28,1235,34131866.31,56762235.76,-2980613.78,False
2025-01-28,Parametric (Normal),0.95,2020-02-28,1235,21152006.5,26754191.36,-2980613.78,False
2025-01-28,Parametric (Normal),0.97,2020-02-28,1235,24315223.8,29507322.71,-2980613.78,False
2025-01-28,Parametric (Normal),0.99,2020-02-28,1235,30288713.15,34831851.14,-2980613.78,False
2025-01-28,Monte Carlo (Student-t),0.95,2020-02-28,1235,17444332.43,27729837.27,-2980613.78,False
2025-01-28,Monte Carlo (Student-t),0.97,2020-02-28,1235,21366386.66,33453698.33,-2980613.78,False
2025-01-28,Monte Carlo (Student-t),0.99,2020-02-28,1235,32746378.72,48747980.22,-2980613.78,False
2025-01-29,Historical,0.95,2020-03-02,1235,17428989.08,31196493.53,-652450.19,False
2025-01-29,Historical,0.97,2020-03-02,1235,23115641.28,38324525.67,-652450.19,False
2025-01-29,Historical,0.99,2020-03-02,1235,34131866.31,56762235.76,-652450.19,False
2025-01-29,Parametric (Normal),0.95,2020-03-02,1235,21146578.19,26748187.41,-652450.19,False
2025-01-29,Parametric (Normal),0.97,2020-03-02,1235,24309470.47,29501035.87,-652450.19,False
2025-01-29,Parametric (Normal),0.99,2020-03-02,1235,30282346.02,34825017.19,-652450.19,False
2025-01-29,Monte Carlo (Student-t),0.95,2020-03-02,1235,16724459.51,28068115.44,-652450.19,False
2025-01-29,Monte Carlo (Student-t),0.97,2020-03-02,1235,20549554.79,34495830.77,-652450.19,False
2025-01-29,Monte Carlo (Student-t),0.99,2020-03-02,1235,34019935.23,51815414.59,-652450.19,False
2025-01-30,Historical,0.95,2020-03-02,1236,17424520.41,31196493.53,7319153.23,False
2025-01-30,Historical,0.97,2020-03-02,1236,23089268.73,38324525.67,7319153.23,False
2025-01-30,Historical,0.99,2020-03-02,1236,34129901.1,56762235.76,7319153.23,False
2025-01-30,Parametric (Normal),0.95,2020-03-02,1236,21139028.3,26738399.74,7319153.23,False
2025-01-30,Parametric (Normal),0.97,2020-03-02,1236,24300657.04,29490148.47,7319153.23,False
2025-01-30,Parametric (Normal),0.99,2020-03-02,1236,30271146.5,34812002.92,7319153.23,False
2025-01-30,Monte Carlo (Student-t),0.95,2020-03-02,1236,18173205.73,30613474.71,7319153.23,False
2025-01-30,Monte Carlo (Student-t),0.97,2020-03-02,1236,22825499.83,37500652.36,7319153.23,False
2025-01-30,Monte Carlo (Student-t),0.99,2020-03-02,1236,36014157.54,57369018.44,7319153.23,False
2025-01-31,Historical,0.95,2020-03-02,1237,17420051.74,31196493.53,-4146730.7,False
2025-01-31,Historical,0.97,2020-03-02,1237,23062896.18,38324525.67,-4146730.7,False
2025-01-31,Historical,0.99,2020-03-02,1237,34127935.89,56762235.76,-4146730.7,False
2025-01-31,Parametric (Normal),0.95,2020-03-02,1237,21126966.39,26724591.45,-4146730.7,False
2025-01-31,Parametric (Normal),0.97,2020-03-02,1237,24287609.05,29475481.93,-4146730.7,False
2025-01-31,Parametric (Normal),0.99,2020-03-02,1237,30256236.38,34795676.55,-4146730.7,False
2025-01-31,Monte Carlo (Student-t),0.95,2020-03-02,1237,17587758.13,29631544.64,-4146730.7,False
2025-01-31,Monte Carlo (Student-t),0.97,2020-03-02,1237,21665711.85,36409165.53,-4146730.7,False
2025-01-31,Monte Carlo (Student-t),0.99,2020-03-02,1237,32730577.33,57049288.41,-4146730.7,False
2025-02-03,Historical,0.95,2020-03-03,1237,17420051.74,31196493.53,-3182134.19,False
2025-02-03,Historical,0.97,2020-03-03,1237,23062896.18,38324525.67,-3182134.19,False
2025-02-03,Historical,0.99,2020-03-03,1237,34127935.89,56762235.76,-3182134.19,False
2025-02-03,Parametric (Normal),0.95,2020-03-03,1237,21076359.92,26651343.06,-3182134.19,False
2025-02-03,Parametric (Normal),0.97,2020-03-03,1237,24224218.04,29391106.42,-3182134.19,False
2025-02-03,Parametric (Normal),0.99,2020-03-03,1237,30168702.78,34689781.31,-3182134.19,False
2025-02-03,Monte Carlo (Student-t),0.95,2020-03-03,1237,16981285.63,28260525.51,-3182134.19,False
2025-02-03,Monte Carlo (Student-t),0.97,2020-03-03,1237,21314829.15,34521943.1,-3182134.19,False
2025-02-03,Monte Carlo (Student-t),0.99,2020-03-03,1237,33560164.01,50982624.63,-3182134.19,False
2025-02-04,Historical,0.95,2020-03-04,1237,17236954.92,31025388.49,1382205.05,False
2025-02-04,Historical,0.97,2020-03-04,1237,22242151.51,38173037.47,1382205.05,False
2025-02-04,Historical,0.99,2020-03-04,1237,34127935.89,56762235.76,1382205.05,False
2025-02-04,Parametric (Normal),0.95,2020-03-04,1237,21015448.33,26580056.47,1382205.05,False
2025-02-04,Parametric (Normal),0.97,2020-03-04,1237,24157448.32,29314721.15,1382205.05,False
2025-02-04,Parametric (Normal),0.99,2020-03-04,1237,30090870.41,34603535.24,1382205.05,False
2025-02-04,Monte Carlo (Student-t),0.95,2020-03-04,1237,17299389.02,28690737.92,1382205.05,False
2025-02-04,Monte Carlo (Student-t),0.97,2020-03-04,1237,21683079.58,34771873.55,1382205.05,False
2025-02-04,Monte Carlo (Student-t),0.99,2020-03-04,1237,33863273.81,51592243.35,1382205.05,False
2025-02-05,Historical,0.95,2020-03-05,1237,17236954.92,31025388.49,6916277.21,False
2025-02-05,Historical,0.97,2020-03-05,1237,22242151.51,38173037.47,6916277.21,False
2025-02-05,Historical,0.99,2020-03-05,1237,34127935.89,56762235.76,6916277.21,False
2025-02-05,Parametric (Normal),0.95,2020-03-05,1237,20955645.55,26496243.35,6916277.21,False
2025-02-05,Parametric (Normal),0.97,2020-03-05,1237,24084088.34,29219108.42,6916277.21,False
2025-02-05,Parametric (Normal),0.99,2020-03-05,1237,29991908.72,34485102.17,6916277.21,False
2025-02-05,Monte Carlo (Student-t),0.95,2020-03-05,1237,16904697.99,28945735.8,6916277.21,False
2025-02-05,Monte Carlo (Student-t),0.97,2020-03-05,1237,21349873.43,35597119.27,6916277.21,False
2025-02-05,Monte Carlo (Student-t),0.99,2020-03-05,1237,32607141.28,55160084.38,6916277.21,False
2025-02-06,Historical,0.95,2020-03-06,1237,17041911.05,30754315.7,664180.75,False
2025-02-06,Historical,0.97,2020-03-06,1237,22101856.63,37859936.0,664180.75,False
2025-02-06,Historical,0.99,2020-03-06,1237,34082251.67,56762235.76,664180.75,False
2025-02-06,Parametric (Normal),0.95,2020-03-06,1237,20863292.17,26388831.82,664180.75,False
2025-02-06,Parametric (Normal),0.97,2020-03-06,1237,23983232.53,29104296.74,664180.75,False
2025-02-06,Parametric (Normal),0.99,2020-03-06,1237,29874996.74,34355978.67,664180.75,False
2025-02-06,Monte Carlo (Student-t),0.95,2020-03-06,1237,16767052.69,27716273.82,664180.75,False
2025-02-06,Monte Carlo (Student-t),0.97,2020-03-06,1237,21272716.86,33695833.97,664180.75,False
2025-02-06,Monte Carlo (Student-t),0.99,2020-03-06,1237,31313926.46,50200733.37,664180.75,False
2025-02-07,Historical,0.95,2020-03-09,1237,17041911.05,30754315.7,-6432278.29,False
2025-02-07,Historical,0.97,2020-03-09,1237,22101856.63,37859936.0,-6432278.29,False
2025-02-07,Historical,0.99,2020-03-09,1237,34082251.67,56762235.76,-6432278.29,False
2025-02-07,Parametric (Normal),0.95,2020-03-09,1237,20835125.59,26356959.13,-6432278.29,False
2025-02-07,Parametric (Normal),0.97,2020-03-09,1237,23952973.33,29070602.72,-6432278.29,False
2025-02-07,Parametric (Normal),0.99,2020-03-09,1237,29840785.8,34318762.22,-6432278.29,False
2025-02-07,Monte Carlo (Student-t),0.95,2020-03-09,1237,16474134.55,28180010.44,-6432278.29,False
2025-02-07,Monte Carlo (Student-t),0.97,2020-03-09,1237,21175485.79,34634373.21,-6432278.29,False
2025-02-07,Monte Carlo (Student-t),0.99,2020-03-09,1237,31792847.31,53286694.61,-6432278.29,False
2025-02-10,Historical,0.95,2020-03-10,1237,16981625.38,29769700.06,6756187.41,False
2025-02-10,Historical,0.97,2020-03-10,1237,22068459.48,36386884.34,6756187.41,False
2025-02-10,Historical,0.99,2020-03-10,1237,33689403.27,53364206.19,6756187.41,False
2025-02-10,Parametric (Normal),0.95,2020-03-10,1237,20463605.97,25905766.47,6756187.41,False
2025-02-10,Parametric (Normal),0.97,2020-03-10,1237,23536467.13,28580255.63,6756187.41,False
2025-02-10,Parametric (Normal),0.99,2020-03-10,1237,29339325.94,33752690.85,6756187.41,False
2025-02-10,Monte Carlo (Student-t),0.95,2020-03-10,1237,15808358.62,27097200.36,6756187.41,False
2025-02-10,Monte Carlo (Student-t),0.97,2020-03-10,1237,19721887.15,33538168.72,6756187.41,False
2025-02-10,Monte Carlo (Student-t),0.99,2020-03-10,1237,32245300.53,51409014.17,6756187.41,False
2025-02-11,Historical,0.95,2020-03-11,1237,16981625.38,29769700.06,1775722.73,False
2025-02-11,Historical,0.97,2020-03-11,1237,22068459.48,36386884.34,1775722.73,False
2025-02-11,Historical,0.99,2020-03-11,1237,33689403.27,53364206.19,1775722.73,False
2025-02-11,Parametric (Normal),0.95,2020-03-11,1237,20376638.18,25787807.61,1775722.73,False
2025-02-11,Parametric (Normal),0.97,2020-03-11,1237,23432000.54,28447066.55,1775722.73,False
2025-02-11,Parametric (Normal),0.99,2020-03-11,1237,29201814.24,33590046.69,1775722.73,False
2025-02-11,Monte Carlo (Student-t),0.95,2020-03-11,1237,16759614.78,27437690.03,1775722.73,False
2025-02-11,Monte Carlo (Student-t),0.97,2020-03-11,1237,21655641.85,33147727.76,1775722.73,False
2025-02-11,Monte Carlo (Student-t),0.99,2020-03-11,1237,33308376.6,47645182.8,1775722.73,False
2025-02-12,Historical,0.95,2020-03-12,1237,16847139.82,29260212.34,-3428110.56,False
2025-02-12,Historical,0.97,2020-03-12,1237,21975517.64,35688041.91,-3428110.56,False
2025-02-12,Historical,0.99,2020-03-12,1237,33327988.58,52194559.01,-3428110.56,False
2025-02-12,Parametric (Normal),0.95,2020-03-12,1237,20209659.91,25588748.38,-3428110.56,False
2025-02-12,Parametric (Normal),0.97,2020-03-12,1237,23246908.08,28232241.49,-3428110.56,False
2025-02-12,Parametric (Normal),0.99,2020-03-12,1237,28982514.54,33344730.67,-3428110.56,False
2025-02-12,Monte Carlo (Student-t),0.95,2020-03-12,1237,16296195.95,27449244.15,-3428110.56,False
2025-02-12,Monte Carlo (Student-t),0.97,2020-03-12,1237,20868466.13,33617861.11,-3428110.56,False
2025-02-12,Monte Carlo (Student-t),0.99,2020-03-12,1237,32034292.56,50824679.5,-3428110.56,False
2025-02-13,Historical,0.95,2020-03-13,1237,16732783.19,27976704.93,8255875.23,False
2025-02-13,Historical,0.97,2020-03-13,1237,21573038.64,33719756.38,8255875.23,False
2025-02-13,Historical,0.99,2020-03-13,1237,32671005.15,47339215.53,8255875.23,False
2025-02-13,Parametric (Normal),0.95,2020-03-13,1237,19639426.55,24892744.63,8255875.23,False
2025-02-13,Parametric (Normal),0.97,2020-03-13,1237,22605659.74,27474429.28,8255875.23,False
2025-02-13,Parametric (Normal),0.99,2020-03-13,1237,28207159.93,32467381.53,8255875.23,False
2025-02-13,Monte Carlo (Student-t),0.95,2020-03-13,1237,16144115.77,26773087.46,8255875.23,False
2025-02-13,Monte Carlo (Student-t),0.97,2020-03-13,1237,20169705.95,32628078.0,8255875.23,False
2025-02-13,Monte Carlo (Student-t),0.99,2020-03-13,1237,32392532.8,48866730.1,8255875.23,False
2025-02-14,Historical,0.95,2020-03-16,1237,16732783.19,27976704.93,-1907386.77,False
2025-02-14,Historical,0.97,2020-03-16,1237,21573038.64,33719756.38,-1907386.77,False
2025-02-14,Historical,0.99,2020-03-16,1237,32671005.15,47339215.53,-1907386.77,False
2025-02-14,Parametric (Normal),0.95,2020-03-16,1237,19224342.88,24354072.42,-1907386.77,False
2025-02-14,Parametric (Normal),0.97,2020-03-16,1237,22120793.04,26875020.86,-1907386.77,False
2025-02-14,Parametric (Normal),0.99,2020-03-16,1237,27590513.42,31750509.86,-1907386.77,False
2025-02-14,Monte Carlo (Student-t),0.95,2020-03-16,1237,16239448.9,27314259.77,-1907386.77,False
2025-02-14,Monte Carlo (Student-t),0.97,2020-03-16,1237,20495335.09,33375200.42,-1907386.77,False
2025-02-14,Monte Carlo (Student-t),0.99,2020-03-16,1237,31485820.51,50223658.07,-1907386.77,False
2025-02-18,Historical,0.95,2020-03-18,1236,16652892.65,26270148.23,6882036.73,False
2025-02-18,Historical,0.97,2020-03-18,1236,21280687.57,31055888.9,6882036.73,False
2025-02-18,Historical,0.99,2020-03-18,1236,31582361.88,40345541.29,6882036.73,False
2025-02-18,Parametric (Normal),0.95,2020-03-18,1236,18154940.45,23026176.61,6882036.73,False
2025-02-18,Parametric (Normal),0.97,2020-03-18,1236,20905434.92,25420091.36,6882036.73,False
2025-02-18,Parametric (Normal),0.99,2020-03-18,1236,26099529.38,30049898.49,6882036.73,False
2025-02-18,Monte Carlo (Student-t),0.95,2020-03-18,1236,15544999.41,24591608.4,6882036.73,False
2025-02-18,Monte Carlo (Student-t),0.97,2020-03-18,1236,20101838.59,29229285.93,6882036.73,False
2025-02-18,Monte Carlo (Student-t),0.99,2020-03-18,1236,30051707.93,40218940.39,6882036.73,False
2025-02-19,Historical,0.95,2020-03-19,1236,16606987.2,25591909.42,3816176.56,False
2025-02-19,Historical,0.97,2020-03-19,1236,21056273.98,30066032.88,3816176.56,False
2025-02-19,Historical,0.99,2020-03-19,1236,31459797.26,38258143.04,3816176.56,False
2025-02-19,Parametric (Normal),0.95,2020-03-19,1236,17898960.31,22718643.24,3816176.56,False
2025-02-19,Parametric (Normal),0.97,2020-03-19,1236,20620345.78,25087222.73,3816176.56,False
2025-02-19,Parametric (Normal),0.99,2020-03-19,1236,25759470.13,29668031.72,3816176.56,False
2025-02-19,Monte Carlo (Student-t),0.95,2020-03-19,1236,16187845.66,25036147.04,3816176.56,False
2025-02-19,Monte Carlo (Student-t),0.97,2020-03-19,1236,20144342.9,29808188.36,3816176.56,False
2025-02-19,Monte Carlo (Student-t),0.99,2020-03-19,1236,29181955.7,41865141.49,3816176.56,False
2025-02-20,Historical,0.95,2020-03-20,1236,16606987.2,25591909.42,-2890951.11,False
2025-02-20,Historical,0.97,2020-03-20,1236,21056273.98,30066032.88,-2890951.11,False
2025-02-20,Historical,0.99,2020-03-20,1236,31459797.26,38258143.04,-2890951.11,False
2025-02-20,Parametric (Normal),0.95,2020-03-20,1236,17894857.92,22710683.61,-2890951.11,False
2025-02-20,Parametric (Normal),0.97,2020-03-20,1236,20614065.43,25077367.5,-2890951.11,False
2025-02-20,Parametric (Normal),0.99,2020-03-20,1236,25749076.89,29654510.42,-2890951.11,False
2025-02-20,Monte Carlo (Student-t),0.95,2020-03-20,1236,15703885.06,25307498.04,-2890951.11,False
2025-02-20,Monte Carlo (Student-t),0.97,2020-03-20,1236,19623268.71,30644859.27,-2890951.11,False
2025-02-20,Monte Carlo (Student-t),0.99,2020-03-20,1236,31348299.59,44066406.08,-2890951.11,False
2025-02-21,Historical,0.95,2020-03-23,1236,16447549.41,25197255.74,-12736240.41,False
2025-02-21,Historical,0.97,2020-03-23,1236,20792499.63,29532886.0,-12736240.41,False
2025-02-21,Historical,0.99,2020-03-23,1236,30936750.14,37506579.84,-12736240.41,False
2025-02-21,Parametric (Normal),0.95,2020-03-23,1236,17761978.48,22551893.87,-12736240.41,False
2025-02-21,Parametric (Normal),0.97,2020-03-23,1236,20466556.0,24905844.43,-12736240.41,False
2025-02-21,Parametric (Normal),0.99,2020-03-23,1236,25573939.86,29458361.23,-12736240.41,False
2025-02-21,Monte Carlo (Student-t),0.95,2020-03-23,1236,16102810.75,25125724.8,-12736240.41,False
2025-02-21,Monte Carlo (Student-t),0.97,2020-03-23,1236,20226370.69,29852380.5,-12736240.41,False
2025-02-21,Monte Carlo (Student-t),0.99,2020-03-23,1236,29419691.15,41715791.23,-12736240.41,False
2025-02-24,Historical,0.95,2020-03-24,1236,16264347.33,25022906.4,-2489352.53,False
2025-02-24,Historical,0.97,2020-03-24,1236,20508465.2,29356720.06,-2489352.53,False
2025-02-24,Historical,0.99,2020-03-24,1236,30936750.14,37506579.84,-2489352.53,False
2025-02-24,Parametric (Normal),0.95,2020-03-24,1236,17714811.12,22495718.34,-2489352.53,False
2025-02-24,Parametric (Normal),0.97,2020-03-24,1236,20414302.27,24845241.93,-2489352.53,False
2025-02-24,Parametric (Normal),0.99,2020-03-24,1236,25512080.9,29389197.01,-2489352.53,False
2025-02-24,Monte Carlo (Student-t),0.95,2020-03-24,1236,15468359.51,24797581.33,-2489352.53,False
2025-02-24,Monte Carlo (Student-t),0.97,2020-03-24,1236,19504658.59,29780741.66,-2489352.53,False
2025-02-24,Monte Carlo (Student-t),0.99,2020-03-24,1236,29107841.33,42867694.26,-2489352.53,False
2025-02-25,Historical,0.95,2020-03-25,1236,16264347.33,25022906.4,-988401.83,False
2025-02-25,Historical,0.97,2020-03-25,1236,20508465.2,29356720.06,-988401.83,False
2025-02-25,Historical,0.99,2020-03-25,1236,30936750.14,37506579.84,-988401.83,False
2025-02-25,Parametric (Normal),0.95,2020-03-25,1236,17146215.99,21760294.46,-988401.83,False
2025-02-25,Parametric (Normal),0.97,2020-03-25,1236,19751508.97,24027831.93,-988401.83,False
2025-02-25,Parametric (Normal),0.99,2020-03-25,1236,24671401.7,28413226.67,-988401.83,False
2025-02-25,Monte Carlo (Student-t),0.95,2020-03-25,1236,15426899.12,23332242.49,-988401.83,False
2025-02-25,Monte Carlo (Student-t),0.97,2020-03-25,1236,19059212.6,27579262.39,-988401.83,False
2025-02-25,Monte Carlo (Student-t),0.99,2020-03-25,1236,28442868.97,37621479.79,-988401.83,False
2025-02-26,Historical,0.95,2020-03-26,1236,16264347.33,25022906.4,-251527.2,False
2025-02-26,Historical,0.97,2020-03-26,1236,20508465.2,29356720.06,-251527.2,False
2025-02-26,Historical,0.99,2020-03-26,1236,30936750.14,37506579.84,-251527.2,False
2025-02-26,Parametric (Normal),0.95,2020-03-26,1236,17146036.68,21756457.34,-251527.2,False
2025-02-26,Parametric (Normal),0.97,2020-03-26,1236,19749264.31,24022197.22,-251527.2,False
2025-02-26,Parametric (Normal),0.99,2020-03-26,1236,24665256.8,28404115.43,-251527.2,False
2025-02-26,Monte Carlo (Student-t),0.95,2020-03-26,1236,15008190.29,23936646.87,-251527.2,False
2025-02-26,Monte Carlo (Student-t),0.97,2020-03-26,1236,18979021.97,28716515.12,-251527.2,False
2025-02-26,Monte Carlo (Student-t),0.99,2020-03-26,1236,27910506.86,40621400.98,-251527.2,False
2025-02-27,Historical,0.95,2020-03-27,1236,16264347.33,25022906.4,-9072107.89,False
2025-02-27,Historical,0.97,2020-03-27,1236,20508465.2,29356720.06,-9072107.89,False
2025-02-27,Historical,0.99,2020-03-27,1236,30936750.14,37506579.84,-9072107.89,False
2025-02-27,Parametric (Normal),0.95,2020-03-27,1236,16943122.04,21488388.94,-9072107.89,False
2025-02-27,Parametric (Normal),0.97,2020-03-27,1236,19509561.25,23722109.72,-9072107.89,False
2025-02-27,Parametric (Normal),0.99,2020-03-27,1236,24356081.68,28042103.34,-9072107.89,False
2025-02-27,Monte Carlo (Student-t),0.95,2020-03-27,1236,15605053.0,23528771.56,-9072107.89,False
2025-02-27,Monte Carlo (Student-t),0.97,2020-03-27,1236,19087839.82,27761745.22,-9072107.89,False
2025-02-27,Monte Carlo (Student-t),0.99,2020-03-27,1236,28022781.22,38189174.52,-9072107.89,False
2025-02-28,Historical,0.95,2020-03-30,1236,16127916.56,24727911.19,15212204.34,False
2025-02-28,Historical,0.97,2020-03-30,1236,20426121.33,28986168.74,15212204.34,False
2025-02-28,Historical,0.99,2020-03-30,1236,30245005.78,37180344.08,15212204.34,False
2025-02-28,Parametric (Normal),0.95,2020-03-30,1236,16851542.6,21378772.92,15212204.34,False
2025-02-28,Parametric (Normal),0.97,2020-03-30,1236,19407797.64,23603629.84,15212204.34,False
2025-02-28,Parametric (Normal),0.99,2020-03-30,1236,24235086.07,27906480.81,15212204.34,False
2025-02-28,Monte Carlo (Student-t),0.95,2020-03-30,1236,15383424.75,23214982.14,15212204.34,False
2025-02-28,Monte Carlo (Student-t),0.97,2020-03-30,1236,18821693.26,27340379.84,15212204.34,False
2025-02-28,Monte Carlo (Student-t),0.99,2020-03-30,1236,27374999.9,37902235.61,15212204.34,False
2025-03-03,Historical,0.95,2020-04-03,1233,15964253.88,24226289.17,-9907397.63,False
2025-03-03,Historical,0.97,2020-04-03,1233,20377722.26,28493963.09,-9907397.63,False
2025-03-03,Historical,0.99,2020-04-03,1233,30102936.72,35872904.69,-9907397.63,False
2025-03-03,Parametric (Normal),0.95,2020-04-03,1233,16602577.33,21070865.65,-9907397.63,False
2025-03-03,Parametric (Normal),0.97,2020-04-03,1233,19125551.37,23266756.17,-9907397.63,False
2025-03-03,Parametric (Normal),0.99,2020-04-03,1233,23889991.19,27513586.43,-9907397.63,False
2025-03-03,Monte Carlo (Student-t),0.95,2020-04-03,1233,15350857.13,22565887.39,-9907397.63,False
2025-03-03,Monte Carlo (Student-t),0.97,2020-04-03,1233,18464885.79,26445353.15,-9907397.63,False
2025-03-03,Monte Carlo (Student-t),0.99,2020-04-03,1233,25851168.07,36433540.78,-9907397.63,False
2025-03-04,Historical,0.95,2020-04-06,1233,15782228.83,24200225.69,-16005980.66,True
2025-03-04,Historical,0.97,2020-04-06,1233,20377722.26,28493963.09,-16005980.66,False
2025-03-04,Historical,0.99,2020-04-06,1233,30102936.72,35872904.69,-16005980.66,False
2025-03-04,Parametric (Normal),0.95,2020-04-06,1233,16582511.7,21047265.14,-16005980.66,False
2025-03-04,Parametric (Normal),0.97,2020-04-06,1233,19103489.8,23241418.48,-16005980.66,False
2025-03-04,Parametric (Normal),0.99,2020-04-06,1233,23864160.46,27484889.05,-16005980.66,False
2025-03-04,Monte Carlo (Student-t),0.95,2020-04-06,1233,15018194.95,22761115.47,-16005980.66,True
2025-03-04,Monte Carlo (Student-t),0.97,2020-04-06,1233,18460512.07,26808204.45,-16005980.66,False
2025-03-04,Monte Carlo (Student-t),0.99,2020-04-06,1233,26031379.38,37051651.57,-16005980.66,False
2025-03-05,Historical,0.95,2020-04-06,1234,15921242.75,24202328.37,9696324.04,False
2025-03-05,Historical,0.97,2020-04-06,1234,20376126.68,28493963.09,9696324.04,False
2025-03-05,Historical,0.99,2020-04-06,1234,30099870.18,35872904.69,9696324.04,False
2025-03-05,Parametric (Normal),0.95,2020-04-06,1234,16607179.74,21074700.42,9696324.04,False
2025-03-05,Parametric (Normal),0.97,2020-04-06,1234,19129720.33,23270213.7,9696324.04,False
2025-03-05,Parametric (Normal),0.99,2020-04-06,1234,23893341.65,27516314.37,9696324.04,False
2025-03-05,Monte Carlo (Student-t),0.95,2020-04-06,1234,14964080.63,22606735.4,9696324.04,False
2025-03-05,Monte Carlo (Student-t),0.97,2020-04-06,1234,18725697.73,26546062.62,9696324.04,False
2025-03-05,Monte Carlo (Student-t),0.99,2020-04-06,1234,26166437.95,36176558.54,9696324.04,False
2025-03-06,Historical,0.95,2020-04-06,1235,15914724.44,24202328.37,-14918602.11,False
2025-03-06,Historical,0.97,2020-04-06,1235,20371767.77,28280321.82,-14918602.11,False
2025-03-06,Historical,0.99,2020-04-06,1235,30096803.65,35872904.69,-14918602.11,False
2025-03-06,Parametric (Normal),0.95,2020-04-06,1235,16597728.8,21064641.79,-14918602.11,False
2025-03-06,Parametric (Normal),0.97,2020-04-06,1235,19119926.27,23259856.42,-14918602.11,False
2025-03-06,Parametric (Normal),0.99,2020-04-06,1235,23882899.61,27505379.51,-14918602.11,False
2025-03-06,Monte Carlo (Student-t),0.95,2020-04-06,1235,15539527.89,23385285.12,-14918602.11,False
2025-03-06,Monte Carlo (Student-t),0.97,2020-04-06,1235,19202525.47,27498478.34,-14918602.11,False
2025-03-06,Monte Carlo (Student-t),0.99,2020-04-06,1235,27416574.82,38136089.32,-14918602.11,False
2025-03-07,Historical,0.95,2020-04-07,1235,15914724.44,24202328.37,5837163.4,False
2025-03-07,Historical,0.97,2020-04-07,1235,20371767.77,28280321.82,5837163.4,False
2025-03-07,Historical,0.99,2020-04-07,1235,30096803.65,35872904.69,5837163.4,False
2025-03-07,Parametric (Normal),0.95,2020-04-07,1235,16353968.85,20740767.47,5837163.4,False
2025-03-07,Parametric (Normal),0.97,2020-04-07,1235,18830930.54,22896610.79,5837163.4,False
2025-03-07,Parametric (Normal),0.99,2020-04-07,1235,23508479.66,27065990.16,5837163.4,False
2025-03-07,Monte Carlo (Student-t),0.95,2020-04-07,1235,15472370.2,23807447.79,5837163.4,False
2025-03-07,Monte Carlo (Student-t),0.97,2020-04-07,1235,19149303.45,28301499.81,5837163.4,False
2025-03-07,Monte Carlo (Student-t),0.99,2020-04-07,1235,28653476.86,39311689.36,5837163.4,False
2025-03-10,Historical,0.95,2020-04-13,1233,15927761.05,24202328.37,-22080521.51,True
2025-03-10,Historical,0.97,2020-04-13,1233,20377722.26,28493963.09,-22080521.51,True
2025-03-10,Historical,0.99,2020-04-13,1233,30102936.72,35872904.69,-22080521.51,False
2025-03-10,Parametric (Normal),0.95,2020-04-13,1233,16315436.96,20684736.28,-22080521.51,True
2025-03-10,Parametric (Normal),0.97,2020-04-13,1233,18782517.85,22831979.76,-22080521.51,True
2025-03-10,Parametric (Normal),0.99,2020-04-13,1233,23441407.84,26984727.14,-22080521.51,False
2025-03-10,Monte Carlo (Student-t),0.95,2020-04-13,1233,15031732.11,21771271.17,-22080521.51,True
2025-03-10,Monte Carlo (Student-t),0.97,2020-04-13,1233,18373860.96,25257906.63,-22080521.51,True
2025-03-10,Monte Carlo (Student-t),0.99,2020-04-13,1233,26162472.81,33368180.43,-22080521.51,False
2025-03-11,Historical,0.95,2020-04-13,1234,16037911.89,24300304.83,-9784204.06,False
2025-03-11,Historical,0.97,2020-04-13,1234,20429619.4,28538604.73,-9784204.06,False
2025-03-11,Historical,0.99,2020-04-13,1234,30099870.18,35872904.69,-9784204.06,False
2025-03-11,Parametric (Normal),0.95,2020-04-13,1234,16360664.48,20736725.81,-9784204.06,False
2025-03-11,Parametric (Normal),0.97,2020-04-13,1234,18831563.47,22887292.41,-9784204.06,False
2025-03-11,Parametric (Normal),0.99,2020-04-13,1234,23497663.65,27046466.66,-9784204.06,False
2025-03-11,Monte Carlo (Student-t),0.95,2020-04-13,1234,14813396.94,21666127.75,-9784204.06,False
2025-03-11,Monte Carlo (Student-t),0.97,2020-04-13,1234,17884250.43,25323659.47,-9784204.06,False
2025-03-11,Monte Carlo (Student-t),0.99,2020-04-13,1234,25057012.07,34386289.6,-9784204.06,False
2025-03-12,Historical,0.95,2020-04-13,1235,16033350.29,24300304.83,2704572.21,False
2025-03-12,Historical,0.97,2020-04-13,1235,20427716.9,28325188.31,2704572.21,False
2025-03-12,Historical,0.99,2020-04-13,1235,30096803.65,35872904.69,2704572.21,False
2025-03-12,Parametric (Normal),0.95,2020-04-13,1235,16369519.3,20745639.53,2704572.21,False
2025-03-12,Parametric (Normal),0.97,2020-04-13,1235,18840451.55,22896235.07,2704572.21,False
2025-03-12,Parametric (Normal),0.99,2020-04-13,1235,23506614.52,27055465.29,2704572.21,False
2025-03-12,Monte Carlo (Student-t),0.95,2020-04-13,1235,15114667.79,22151837.19,2704572.21,False
2025-03-12,Monte Carlo (Student-t),0.97,2020-04-13,1235,17931782.19,25924128.92,2704572.21,False
2025-03-12,Monte Carlo (Student-t),0.99,2020-04-13,1235,25713945.97,35589643.82,2704572.21,False
2025-03-13,Historical,0.95,2020-04-13,1236,16028788.68,24300304.83,-10008380.31,False
2025-03-13,Historical,0.97,2020-04-13,1236,20426121.33,28325188.31,-10008380.31,False
2025-03-13,Historical,0.99,2020-04-13,1236,30093737.11,35872904.69,-10008380.31,False
2025-03-13,Parametric (Normal),0.95,2020-04-13,1236,16361265.68,20735668.99,-10008380.31,False
2025-03-13,Parametric (Normal),0.97,2020-04-13,1236,18831228.49,22885420.77,-10008380.31,False
2025-03-13,Parametric (Normal),0.99,2020-04-13,1236,23495560.74,27043019.16,-10008380.31,False
2025-03-13,Monte Carlo (Student-t),0.95,2020-04-13,1236,15336534.65,23014109.36,-10008380.31,False
2025-03-13,Monte Carlo (Student-t),0.97,2020-04-13,1236,18773875.97,27090259.52,-10008380.31,False
2025-03-13,Monte Carlo (Student-t),0.99,2020-04-13,1236,26466594.99,37713513.65,-10008380.31,False
2025-03-14,Historical,0.95,2020-04-14,1236,16028788.68,24300304.83,18685152.43,False
2025-03-14,Historical,0.97,2020-04-14,1236,20426121.33,28325188.31,18685152.43,False
2025-03-14,Historical,0.99,2020-04-14,1236,30093737.11,35872904.69,18685152.43,False
2025-03-14,Parametric (Normal),0.95,2020-04-14,1236,16360591.14,20734885.8,18685152.43,False
2025-03-14,Parametric (Normal),0.97,2020-04-14,1236,18830492.6,22884584.18,18685152.43,False
2025-03-14,Parametric (Normal),0.99,2020-04-14,1236,23494709.0,27042079.3,18685152.43,False
2025-03-14,Monte Carlo (Student-t),0.95,2020-04-14,1236,15277275.23,22134640.03,18685152.43,False
2025-03-14,Monte Carlo (Student-t),0.97,2020-04-14,1236,18386046.8,25742991.2,18685152.43,False
2025-03-14,Monte Carlo (Student-t),0.99,2020-04-14,1236,26109381.17,34109870.04,18685152.43,False
2025-03-17,Historical,0.95,2020-04-17,1234,15921242.75,24169236.13,11265917.79,False
2025-03-17,Historical,0.97,2020-04-17,1234,20376126.68,28438511.23,11265917.79,False
2025-03-17,Historical,0.99,2020-04-17,1234,30099870.18,35872904.69,11265917.79,False
2025-03-17,Parametric (Normal),0.95,2020-04-17,1234,16295170.07,20655110.64,11265917.79,False
2025-03-17,Parametric (Normal),0.97,2020-04-17,1234,18756966.63,22797754.86,11265917.79,False
2025-03-17,Parametric (Normal),0.99,2020-04-17,1234,23405877.58,26941607.32,11265917.79,False
2025-03-17,Monte Carlo (Student-t),0.95,2020-04-17,1234,15100761.53,22709233.03,11265917.79,False
2025-03-17,Monte Carlo (Student-t),0.97,2020-04-17,1234,18625049.77,26794782.92,11265917.79,False
2025-03-17,Monte Carlo (Student-t),0.99,2020-04-17,1234,27156965.5,36495836.87,11265917.79,False
2025-03-18,Historical,0.95,2020-04-20,1234,15921242.75,24169236.13,-7046174.72,False
2025-03-18,Historical,0.97,2020-04-20,1234,20376126.68,28438511.23,-7046174.72,False
2025-03-18,Historical,0.99,2020-04-20,1234,30099870.18,35872904.69,-7046174.72,False
2025-03-18,Parametric (Normal),0.95,2020-04-20,1234,16255216.34,20600636.41,-7046174.72,False
2025-03-18,Parametric (Normal),0.97,2020-04-20,1234,18708814.05,22736144.7,-7046174.72,False
2025-03-18,Parametric (Normal),0.99,2020-04-20,1234,23342242.1,26866196.32,-7046174.72,False
2025-03-18,Monte Carlo (Student-t),0.95,2020-04-20,1234,15090139.39,22675010.55,-7046174.72,False
2025-03-18,Monte Carlo (Student-t),0.97,2020-04-20,1234,18505323.19,26710787.61,-7046174.72,False
2025-03-18,Monte Carlo (Student-t),0.99,2020-04-20,1234,26992724.52,36638291.26,-7046174.72,False
2025-03-19,Historical,0.95,2020-04-20,1235,15914724.44,24169236.13,7012810.81,False
2025-03-19,Historical,0.97,2020-04-20,1235,20371767.77,28226329.22,7012810.81,False
2025-03-19,Historical,0.99,2020-04-20,1235,30096803.65,35872904.69,7012810.81,False
2025-03-19,Parametric (Normal),0.95,2020-04-20,1235,16258671.64,20603345.24,7012810.81,False
2025-03-19,Parametric (Normal),0.97,2020-04-20,1235,18711847.86,22738486.68,7012810.81,False
2025-03-19,Parametric (Normal),0.99,2020-04-20,1235,23344479.97,26867828.83,7012810.81,False
2025-03-19,Monte Carlo (Student-t),0.95,2020-04-20,1235,14629190.05,22386127.0,7012810.81,False
2025-03-19,Monte Carlo (Student-t),0.97,2020-04-20,1235,18001527.01,26549113.2,7012810.81,False
2025-03-19,Monte Carlo (Student-t),0.99,2020-04-20,1235,27188502.09,36928904.46,7012810.81,False
2025-03-20,Historical,0.95,2020-04-20,1236,15908206.14,24169236.13,-2377039.76,False
2025-03-20,Historical,0.97,2020-04-20,1236,20366027.19,28226329.22,-2377039.76,False
2025-03-20,Historical,0.99,2020-04-20,1236,30093737.11,35872904.69,-2377039.76,False
2025-03-20,Parametric (Normal),0.95,2020-04-20,1236,16249191.4,20592724.61,-2377039.76,False
2025-03-20,Parametric (Normal),0.97,2020-04-20,1236,18701723.72,22727305.63,-2377039.76,False
2025-03-20,Parametric (Normal),0.99,2020-04-20,1236,23333139.86,26855563.92,-2377039.76,False
2025-03-20,Monte Carlo (Student-t),0.95,2020-04-20,1236,14902865.72,22040347.13,-2377039.76,False
2025-03-20,Monte Carlo (Student-t),0.97,2020-04-20,1236,18248031.03,25832172.85,-2377039.76,False
2025-03-20,Monte Carlo (Student-t),0.99,2020-04-20,1236,25868505.17,34531525.66,-2377039.76,False
2025-03-21,Historical,0.95,2020-04-21,1236,15758882.38,24144614.15,-2797500.46,False
2025-03-21,Historical,0.97,2020-04-21,1236,20366027.19,28226329.22,-2797500.46,False
2025-03-21,Historical,0.99,2020-04-21,1236,30093737.11,35872904.69,-2797500.46,False
2025-03-21,Parametric (Normal),0.95,2020-04-21,1236,16216338.17,20554613.52,-2797500.46,False
2025-03-21,Parametric (Normal),0.97,2020-04-21,1236,18665901.69,22686610.61,-2797500.46,False
2025-03-21,Parametric (Normal),0.99,2020-04-21,1236,23291711.48,26809871.63,-2797500.46,False
2025-03-21,Monte Carlo (Student-t),0.95,2020-04-21,1236,15232768.95,22375969.26,-2797500.46,False
2025-03-21,Monte Carlo (Student-t),0.97,2020-04-21,1236,18290438.6,26187584.91,-2797500.46,False
2025-03-21,Monte Carlo (Student-t),0.99,2020-04-21,1236,25530863.53,35759889.37,-2797500.46,False
2025-03-24,Historical,0.95,2020-04-24,1234,15701442.35,23851786.89,14684507.25,False
2025-03-24,Historical,0.97,2020-04-24,1234,20186155.68,28073655.36,14684507.25,False
2025-03-24,Historical,0.99,2020-04-24,1234,29867305.84,35566685.49,14684507.25,False
2025-03-24,Parametric (Normal),0.95,2020-04-24,1234,16109061.63,20422050.42,14684507.25,False
2025-03-24,Parametric (Normal),0.97,2020-04-24,1234,18544347.35,22541620.72,14684507.25,False
2025-03-24,Parametric (Normal),0.99,2020-04-24,1234,23143194.62,26640848.43,14684507.25,False
2025-03-24,Monte Carlo (Student-t),0.95,2020-04-24,1234,14910144.74,21913259.98,14684507.25,False
2025-03-24,Monte Carlo (Student-t),0.97,2020-04-24,1234,17614693.14,25751008.24,14684507.25,False
2025-03-24,Monte Carlo (Student-t),0.99,2020-04-24,1234,25948953.69,35408124.12,14684507.25,False
2025-03-25,Historical,0.95,2020-04-27,1234,15701442.35,23851786.89,-397760.08,False
2025-03-25,Historical,0.97,2020-04-27,1234,20186155.68,28073655.36,-397760.08,False
2025-03-25,Historical,0.99,2020-04-27,1234,29867305.84,35566685.49,-397760.08,False
2025-03-25,Parametric (Normal),0.95,2020-04-27,1234,16109497.66,20422692.16,-397760.08,False
2025-03-25,Parametric (Normal),0.97,2020-04-27,1234,18544899.53,22542363.55,-397760.08,False
2025-03-25,Parametric (Normal),0.99,2020-04-27,1234,23143966.15,26641786.78,-397760.08,False
2025-03-25,Monte Carlo (Student-t),0.95,2020-04-27,1234,14626070.52,22060663.09,-397760.08,False
2025-03-25,Monte Carlo (Student-t),0.97,2020-04-27,1234,17852768.65,26032166.82,-397760.08,False
2025-03-25,Monte Carlo (Student-t),0.99,2020-04-27,1234,26709640.4,35737622.56,-397760.08,False
2025-03-26,Historical,0.95,2020-04-27,1235,15700017.02,23851786.89,-6032477.92,False
2025-03-26,Historical,0.97,2020-04-27,1235,20181965.58,27866039.22,-6032477.92,False
2025-03-26,Historical,0.99,2020-04-27,1235,29866484.43,35566685.49,-6032477.92,False
2025-03-26,Parametric (Normal),0.95,2020-04-27,1235,16103746.03,20415218.83,-6032477.92,False
2025-03-26,Parametric (Normal),0.97,2020-04-27,1235,18538175.76,22534044.12,-6032477.92,False
2025-03-26,Parametric (Normal),0.99,2020-04-27,1235,23135406.57,26631830.98,-6032477.92,False
2025-03-26,Monte Carlo (Student-t),0.95,2020-04-27,1235,15239006.72,22490644.78,-6032477.92,False
2025-03-26,Monte Carlo (Student-t),0.97,2020-04-27,1235,18633600.16,26310179.08,-6032477.92,False
2025-03-26,Monte Carlo (Student-t),0.99,2020-04-27,1235,26120633.9,35947608.1,-6032477.92,False
2025-03-27,Historical,0.95,2020-04-27,1236,15698591.69,23851786.89,-2966043.29,False
2025-03-27,Historical,0.97,2020-04-27,1236,20178550.73,27866039.22,-2966043.29,False
2025-03-27,Historical,0.99,2020-04-27,1236,29865663.03,35566685.49,-2966043.29,False
2025-03-27,Parametric (Normal),0.95,2020-04-27,1236,16105527.91,20416035.13,-2966043.29,False
2025-03-27,Parametric (Normal),0.97,2020-04-27,1236,18539412.43,22534385.88,-2966043.29,False
2025-03-27,Parametric (Normal),0.99,2020-04-27,1236,23135613.66,26631255.02,-2966043.29,False
2025-03-27,Monte Carlo (Student-t),0.95,2020-04-27,1236,15226377.06,23079003.4,-2966043.29,False
2025-03-27,Monte Carlo (Student-t),0.97,2020-04-27,1236,18709318.04,27306018.47,-2966043.29,False
2025-03-27,Monte Carlo (Student-t),0.99,2020-04-27,1236,27043252.6,37935801.3,-2966043.29,False
2025-03-28,Historical,0.95,2020-04-28,1236,15698591.69,23851786.89,-15890315.47,True
2025-03-28,Historical,0.97,2020-04-28,1236,20178550.73,27866039.22,-15890315.47,False
2025-03-28,Historical,0.99,2020-04-28,1236,29865663.03,35566685.49,-15890315.47,False
2025-03-28,Parametric (Normal),0.95,2020-04-28,1236,16102965.83,20408306.68,-15890315.47,False
2025-03-28,Parametric (Normal),0.97,2020-04-28,1236,18533933.21,22524118.47,-15890315.47,False
2025-03-28,Parametric (Normal),0.99,2020-04-28,1236,23124625.65,26616077.28,-15890315.47,False
2025-03-28,Monte Carlo (Student-t),0.95,2020-04-28,1236,15289155.12,22070962.19,-15890315.47,True
2025-03-28,Monte Carlo (Student-t),0.97,2020-04-28,1236,18259603.67,25653900.38,-15890315.47,False
2025-03-28,Monte Carlo (Student-t),0.99,2020-04-28,1236,25698371.06,34278875.61,-15890315.47,False
2025-03-31,Historical,0.95,2020-04-30,1235,15766664.53,23854534.37,8128457.02,False
2025-03-31,Historical,0.97,2020-04-30,1235,20181965.58,27866039.22,8128457.02,False
2025-03-31,Historical,0.99,2020-04-30,1235,29866484.43,35566685.49,8128457.02,False
2025-03-31,Parametric (Normal),0.95,2020-04-30,1235,16112940.22,20413393.52,8128457.02,False
2025-03-31,Parametric (Normal),0.97,2020-04-30,1235,18541147.9,22526803.38,8128457.02,False
2025-03-31,Parametric (Normal),0.99,2020-04-30,1235,23126628.84,26614116.88,8128457.02,False
2025-03-31,Monte Carlo (Student-t),0.95,2020-04-30,1235,15180774.93,23443810.03,8128457.02,False
2025-03-31,Monte Carlo (Student-t),0.97,2020-04-30,1235,19048754.38,27839819.01,8128457.02,False
2025-03-31,Monte Carlo (Student-t),0.99,2020-04-30,1235,28049870.38,38240048.63,8128457.02,False
2025-04-01,Historical,0.95,2020-05-01,1235,15766664.53,23854534.37,-84138.08,False
2025-04-01,Historical,0.97,2020-05-01,1235,20181965.58,27866039.22,-84138.08,False
2025-04-01,Historical,0.99,2020-05-01,1235,29866484.43,35566685.49,-84138.08,False
2025-04-01,Parametric (Normal),0.95,2020-05-01,1235,16083464.55,20381039.87,-84138.08,False
2025-04-01,Parametric (Normal),0.97,2020-05-01,1235,18510047.21,22493035.39,-84138.08,False
2025-04-01,Parametric (Normal),0.99,2020-05-01,1235,23092459.43,26577613.55,-84138.08,False
2025-04-01,Monte Carlo (Student-t),0.95,2020-05-01,1235,15528124.32,22659200.82,-84138.08,False
2025-04-01,Monte Carlo (Student-t),0.97,2020-05-01,1235,18988841.42,26459710.46,-84138.08,False
2025-04-01,Monte Carlo (Student-t),0.99,2020-05-01,1235,26282627.55,35311747.68,-84138.08,False
2025-04-02,Historical,0.95,2020-05-04,1235,15700017.02,23625914.36,5907823.44,False
2025-04-02,Historical,0.97,2020-05-04,1235,20060425.79,27607512.95,5907823.44,False
2025-04-02,Historical,0.99,2020-05-04,1235,29811591.34,35560366.98,5907823.44,False
2025-04-02,Parametric (Normal),0.95,2020-05-04,1235,15998037.47,20280042.86,5907823.44,False
2025-04-02,Parametric (Normal),0.97,2020-05-04,1235,18415828.72,22384386.71,5907823.44,False
2025-04-02,Parametric (Normal),0.99,2020-05-04,1235,22981639.06,26454166.62,5907823.44,False
2025-04-02,Monte Carlo (Student-t),0.95,2020-05-04,1235,14478736.61,21640431.34,5907823.44,False
2025-04-02,Monte Carlo (Student-t),0.97,2020-05-04,1235,17925879.88,25377824.0,5907823.44,False
2025-04-02,Monte Carlo (Student-t),0.99,2020-05-04,1235,25023249.85,34619661.65,5907823.44,False
2025-04-03,Historical,0.95,2020-05-04,1236,15698591.69,23625914.36,-42037918.93,True
2025-04-03,Historical,0.97,2020-05-04,1236,20045443.84,27607512.95,-42037918.93,True
2025-04-03,Historical,0.99,2020-05-04,1236,29811571.34,35560366.98,-42037918.93,True
2025-04-03,Parametric (Normal),0.95,2020-05-04,1236,15988782.69,20269474.98,-42037918.93,True
2025-04-03,Parametric (Normal),0.97,2020-05-04,1236,18405832.51,22373173.53,-42037918.93,True
2025-04-03,Parametric (Normal),0.99,2020-05-04,1236,22970242.73,26441705.43,-42037918.93,True
2025-04-03,Monte Carlo (Student-t),0.95,2020-05-04,1236,15167724.49,22878685.56,-42037918.93,True
2025-04-03,Monte Carlo (Student-t),0.97,2020-05-04,1236,18215584.35,27088686.37,-42037918.93,True
2025-04-03,Monte Carlo (Student-t),0.99,2020-05-04,1236,26301867.64,38543638.06,-42037918.93,True
2025-04-04,Historical,0.95,2020-05-04,1237,15751100.23,24050397.39,-63525634.34,True
2025-04-04,Historical,0.97,2020-05-04,1237,20175135.88,28185605.19,-63525634.34,True
2025-04-04,Historical,0.99,2020-05-04,1237,30061099.95,36500801.39,-63525634.34,True
2025-04-04,Parametric (Normal),0.95,2020-05-04,1237,16135712.56,20444920.77,-63525634.34,True
2025-04-04,Parametric (Normal),0.97,2020-05-04,1237,18568863.61,22562633.14,-63525634.34,True
2025-04-04,Parametric (Normal),0.99,2020-05-04,1237,23163679.73,26658267.65,-63525634.34,True
2025-04-04,Monte Carlo (Student-t),0.95,2020-05-04,1237,14822632.47,22310270.51,-63525634.34,True
2025-04-04,Monte Carlo (Student-t),0.97,2020-05-04,1237,18155176.88,26321991.07,-63525634.34,True
2025-04-04,Monte Carlo (Student-t),0.99,2020-05-04,1237,25687259.28,36414312.26,-63525634.34,True
2025-04-07,Historical,0.95,2020-05-07,1235,15880024.89,24818946.09,-1417877.43,False
2025-04-07,Historical,0.97,2020-05-07,1235,20371767.77,29326168.14,-1417877.43,False
2025-04-07,Historical,0.99,2020-05-07,1235,30245681.77,39064229.73,-1417877.43,False
2025-04-07,Parametric (Normal),0.95,2020-05-07,1235,16456486.68,20833462.97,-1417877.43,False
2025-04-07,Parametric (Normal),0.97,2020-05-07,1235,18927902.29,22984479.21,-1417877.43,False
2025-04-07,Parametric (Normal),0.99,2020-05-07,1235,23594978.06,27144523.06,-1417877.43,False
2025-04-07,Monte Carlo (Student-t),0.95,2020-05-07,1235,15398043.75,23044421.52,-1417877.43,False
2025-04-07,Monte Carlo (Student-t),0.97,2020-05-07,1235,19009047.01,27058528.43,-1417877.43,False
2025-04-07,Monte Carlo (Student-t),0.99,2020-05-07,1235,26911488.61,36781460.99,-1417877.43,False
2025-04-08,Historical,0.95,2020-05-08,1235,15880024.89,24818946.09,-14745365.9,False
2025-04-08,Historical,0.97,2020-05-08,1235,20371767.77,29326168.14,-14745365.9,False
2025-04-08,Historical,0.99,2020-05-08,1235,30245681.77,39064229.73,-14745365.9,False
2025-04-08,Parametric (Normal),0.95,2020-05-08,1235,16457542.32,20831483.74,-14745365.9,False
2025-04-08,Parametric (Normal),0.97,2020-05-08,1235,18927244.32,22981008.53,-14745365.9,False
2025-04-08,Parametric (Normal),0.99,2020-05-08,1235,23591084.09,27138167.93,-14745365.9,False
2025-04-08,Monte Carlo (Student-t),0.95,2020-05-08,1235,15551638.8,23819523.36,-14745365.9,False
2025-04-08,Monte Carlo (Student-t),0.97,2020-05-08,1235,19139899.58,28348525.94,-14745365.9,False
2025-04-08,Monte Carlo (Student-t),0.99,2020-05-08,1235,28216348.0,39701584.82,-14745365.9,False
2025-04-09,Historical,0.95,2020-05-11,1235,15880024.89,24818946.09,85145370.48,False
2025-04-09,Historical,0.97,2020-05-11,1235,20371767.77,29326168.14,85145370.48,False
2025-04-09,Historical,0.99,2020-05-11,1235,30245681.77,39064229.73,85145370.48,False
2025-04-09,Parametric (Normal),0.95,2020-05-11,1235,16481247.63,20854607.08,85145370.48,False
2025-04-09,Parametric (Normal),0.97,2020-05-11,1235,18950621.03,23003845.87,85145370.48,False
2025-04-09,Parametric (Normal),0.99,2020-05-11,1235,23613840.25,27160452.14,85145370.48,False
2025-04-09,Monte Carlo (Student-t),0.95,2020-05-11,1235,15111230.88,22775482.7,85145370.48,False
2025-04-09,Monte Carlo (Student-t),0.97,2020-05-11,1235,18507665.92,26848071.09,85145370.48,False
2025-04-09,Monte Carlo (Student-t),0.99,2020-05-11,1235,26456303.12,37116023.46,85145370.48,False
2025-04-10,Historical,0.95,2020-05-11,1236,15879289.85,24818946.09,-33877419.12,True
2025-04-10,Historical,0.97,2020-05-11,1236,20366027.19,29326168.14,-33877419.12,True
2025-04-10,Historical,0.99,2020-05-11,1236,30245005.78,39064229.73,-33877419.12,True
2025-04-10,Parametric (Normal),0.95,2020-05-11,1236,16853348.35,21338585.83,-33877419.12,True
2025-04-10,Parametric (Normal),0.97,2020-05-11,1236,19385892.55,23542805.83,-33877419.12,True
2025-04-10,Parametric (Normal),0.99,2020-05-11,1236,24168404.91,27805745.21,-33877419.12,True
2025-04-10,Monte Carlo (Student-t),0.95,2020-05-11,1236,15339700.69,23606527.06,-33877419.12,True
2025-04-10,Monte Carlo (Student-t),0.97,2020-05-11,1236,18570815.49,28070075.71,-33877419.12,True
2025-04-10,Monte Carlo (Student-t),0.99,2020-05-11,1236,27343002.28,40259172.79,-33877419.12,True
2025-04-11,Historical,0.95,2020-05-11,1237,15913448.51,25109060.67,13164512.86,False
2025-04-11,Historical,0.97,2020-05-11,1237,20424525.76,29681479.31,13164512.86,False
2025-04-11,Historical,0.99,2020-05-11,1237,30926471.92,39341826.15,13164512.86,False
2025-04-11,Parametric (Normal),0.95,2020-05-11,1237,16948607.61,21450922.69,13164512.86,False
2025-04-11,Parametric (Normal),0.97,2020-05-11,1237,19490794.51,23663535.28,13164512.86,False
2025-04-11,Parametric (Normal),0.99,2020-05-11,1237,24291516.34,27942705.86,13164512.86,False
2025-04-11,Monte Carlo (Student-t),0.95,2020-05-11,1237,15693674.44,23922420.58,13164512.86,False
2025-04-11,Monte Carlo (Student-t),0.97,2020-05-11,1237,19253211.92,28345954.86,13164512.86,False
2025-04-11,Monte Carlo (Student-t),0.99,2020-05-11,1237,28920859.69,38508923.13,13164512.86,False
2025-04-14,Historical,0.95,2020-05-14,1235,15766664.53,24985039.69,10831405.94,False
2025-04-14,Historical,0.97,2020-05-14,1235,20371767.77,29670120.54,10831405.94,False
2025-04-14,Historical,0.99,2020-05-14,1235,30947028.36,39341826.15,10831405.94,False
2025-04-14,Parametric (Normal),0.95,2020-05-14,1235,16875316.6,21370354.03,10831405.94,False
2025-04-14,Parametric (Normal),0.97,2020-05-14,1235,19413394.25,23579390.11,10831405.94,False
2025-04-14,Parametric (Normal),0.99,2020-05-14,1235,24206356.09,27851643.74,10831405.94,False
2025-04-14,Monte Carlo (Student-t),0.95,2020-05-14,1235,15020908.81,22231770.51,10831405.94,False
2025-04-14,Monte Carlo (Student-t),0.97,2020-05-14,1235,18165189.92,26041839.24,10831405.94,False
2025-04-14,Monte Carlo (Student-t),0.99,2020-05-14,1235,26633403.24,35016179.0,10831405.94,False
2025-04-15,Historical,0.95,2020-05-15,1235,15766664.53,24985039.69,-1082211.47,False
2025-04-15,Historical,0.97,2020-05-15,1235,20371767.77,29670120.54,-1082211.47,False
2025-04-15,Historical,0.99,2020-05-15,1235,30947028.36,39341826.15,-1082211.47,False
2025-04-15,Parametric (Normal),0.95,2020-05-15,1235,16873596.16,21367613.4,-1082211.47,False
2025-04-15,Parametric (Normal),0.97,2020-05-15,1235,19411097.77,23576148.11,-1082211.47,False
2025-04-15,Parametric (Normal),0.99,2020-05-15,1235,24202971.79,27847432.11,-1082211.47,False
2025-04-15,Monte Carlo (Student-t),0.95,2020-05-15,1235,15481625.13,23179737.27,-1082211.47,False
2025-04-15,Monte Carlo (Student-t),0.97,2020-05-15,1235,18770339.96,27299209.83,-1082211.47,False
2025-04-15,Monte Carlo (Student-t),0.99,2020-05-15,1235,27539813.46,37466467.49,-1082211.47,False
2025-04-16,Historical,0.95,2020-05-18,1235,15766664.53,24985039.69,-17564593.89,True
2025-04-16,Historical,0.97,2020-05-18,1235,20371767.77,29670120.54,-17564593.89,False
2025-04-16,Historical,0.99,2020-05-18,1235,30947028.36,39341826.15,-17564593.89,False
2025-04-16,Parametric (Normal),0.95,2020-05-18,1235,16875579.28,21369651.97,-17564593.89,True
2025-04-16,Parametric (Normal),0.97,2020-05-18,1235,19413112.2,23578213.94,-17564593.89,False
2025-04-16,Parametric (Normal),0.99,2020-05-18,1235,24205045.35,27849550.64,-17564593.89,False
2025-04-16,Monte Carlo (Student-t),0.95,2020-05-18,1235,15234200.06,23765993.02,-17564593.89,True
2025-04-16,Monte Carlo (Student-t),0.97,2020-05-18,1235,18763492.62,28449940.12,-17564593.89,False
2025-04-16,Monte Carlo (Student-t),0.99,2020-05-18,1235,28958138.85,39982324.05,-17564593.89,False
2025-04-17,Historical,0.95,2020-05-18,1236,15879289.85,25012281.29,2316927.55,False
2025-04-17,Historical,0.97,2020-05-18,1236,20366027.19,29670120.54,2316927.55,False
2025-04-17,Historical,0.99,2020-05-18,1236,30936750.14,39341826.15,2316927.55,False
2025-04-17,Parametric (Normal),0.95,2020-05-18,1236,16904181.2,21401742.35,2316927.55,False
2025-04-17,Parametric (Normal),0.97,2020-05-18,1236,19443683.84,23612018.67,2316927.55,False
2025-04-17,Parametric (Normal),0.99,2020-05-18,1236,24239336.65,27886670.93,2316927.55,False
2025-04-17,Monte Carlo (Student-t),0.95,2020-05-18,1236,15121468.69,23363028.05,2316927.55,False
2025-04-17,Monte Carlo (Student-t),0.97,2020-05-18,1236,18692530.89,27752733.93,2316927.55,False
2025-04-17,Monte Carlo (Student-t),0.99,2020-05-18,1236,27133557.48,38979350.18,2316927.55,False
2025-04-21,Historical,0.95,2020-05-21,1234,15880759.93,25012281.29,-21731928.91,True
2025-04-21,Historical,0.97,2020-05-21,1234,20376126.68,29921323.93,-21731928.91,True
2025-04-21,Historical,0.99,2020-05-21,1234,30957306.58,39341826.15,-21731928.91,False
2025-04-21,Parametric (Normal),0.95,2020-05-21,1234,16845776.06,21320560.15,-21731928.91,True
2025-04-21,Parametric (Normal),0.97,2020-05-21,1234,19372417.87,23519642.95,-21731928.91,True
2025-04-21,Parametric (Normal),0.99,2020-05-21,1234,24143783.99,27772647.03,-21731928.91,False
2025-04-21,Monte Carlo (Student-t),0.95,2020-05-21,1234,15545986.29,23787522.39,-21731928.91,True
2025-04-21,Monte Carlo (Student-t),0.97,2020-05-21,1234,18993855.53,28293256.98,-21731928.91,True
2025-04-21,Monte Carlo (Student-t),0.99,2020-05-21,1234,27343457.37,40114521.92,-21731928.91,False
2025-04-22,Historical,0.95,2020-05-22,1234,15930798.29,25106500.86,23458830.88,False
2025-04-22,Historical,0.97,2020-05-22,1234,20429619.4,29956544.16,23458830.88,False
2025-04-22,Historical,0.99,2020-05-22,1234,30957306.58,39341826.15,23458830.88,False
2025-04-22,Parametric (Normal),0.95,2020-05-22,1234,16884165.67,21365815.52,23458830.88,False
2025-04-22,Parametric (Normal),0.97,2020-05-22,1234,19414684.16,23568272.42,23458830.88,False
2025-04-22,Parametric (Normal),0.99,2020-05-22,1234,24193371.1,27827801.99,23458830.88,False
2025-04-22,Monte Carlo (Student-t),0.95,2020-05-22,1234,14697710.36,23145718.41,23458830.88,False
2025-04-22,Monte Carlo (Student-t),0.97,2020-05-22,1234,18221964.83,27769091.72,23458830.88,False
2025-04-22,Monte Carlo (Student-t),0.99,2020-05-22,1234,28242679.82,39337321.54,23458830.88,False
2025-04-23,Historical,0.95,2020-05-26,1234,15930798.29,25106500.86,14053888.94,False
2025-04-23,Historical,0.97,2020-05-26,1234,20429619.4,29956544.16,14053888.94,False
2025-04-23,Historical,0.99,2020-05-26,1234,30957306.58,39341826.15,14053888.94,False
2025-04-23,Parametric (Normal),0.95,2020-05-26,1234,16898779.49,21388527.46,14053888.94,False
2025-04-23,Parametric (Normal),0.97,2020-05-26,1234,19433870.5,23594964.08,14053888.94,False
2025-04-23,Parametric (Normal),0.99,2020-05-26,1234,24221192.28,27862190.4,14053888.94,False
2025-04-23,Monte Carlo (Student-t),0.95,2020-05-26,1234,15411960.0,23393548.87,14053888.94,False
2025-04-23,Monte Carlo (Student-t),0.97,2020-05-26,1234,18867641.31,27611223.05,14053888.94,False
2025-04-23,Monte Carlo (Student-t),0.99,2020-05-26,1234,27801290.56,37858778.77,14053888.94,False
2025-04-24,Historical,0.95,2020-05-26,1235,15925015.03,25106500.86,17672051.09,False
2025-04-24,Historical,0.97,2020-05-26,1235,20427716.9,29705813.54,17672051.09,False
2025-04-24,Historical,0.99,2020-05-26,1235,30947028.36,39341826.15,17672051.09,False
2025-04-24,Parametric (Normal),0.95,2020-05-26,1235,16891794.82,21382499.96,17672051.09,False
2025-04-24,Parametric (Normal),0.97,2020-05-26,1235,19427426.29,23589406.98,17672051.09,False
2025-04-24,Parametric (Normal),0.99,2020-05-26,1235,24215768.68,27857543.03,17672051.09,False
2025-04-24,Monte Carlo (Student-t),0.95,2020-05-26,1235,15463140.15,22873729.68,17672051.09,False
2025-04-24,Monte Carlo (Student-t),0.97,2020-05-26,1235,19217365.53,26714229.02,17672051.09,False
2025-04-24,Monte Carlo (Student-t),0.99,2020-05-26,1235,26530399.2,35535460.59,17672051.09,False
2025-04-25,Historical,0.95,2020-05-26,1236,15919231.77,25106500.86,2304468.96,False
2025-04-25,Historical,0.97,2020-05-26,1236,20426121.33,29705813.54,2304468.96,False
2025-04-25,Historical,0.99,2020-05-26,1236,30936750.14,39341826.15,2304468.96,False
2025-04-25,Parametric (Normal),0.95,2020-05-26,1236,16888628.26,21381999.76,2304468.96,False
2025-04-25,Parametric (Normal),0.97,2020-05-26,1236,19425765.26,23590217.13,2304468.96,False
2025-04-25,Parametric (Normal),0.99,2020-05-26,1236,24216950.75,27860887.4,2304468.96,False
2025-04-25,Monte Carlo (Student-t),0.95,2020-05-26,1236,15274169.8,23923153.71,2304468.96,False
2025-04-25,Monte Carlo (Student-t),0.97,2020-05-26,1236,18870927.0,28608246.15,2304468.96,False
2025-04-25,Monte Carlo (Student-t),0.99,2020-05-26,1236,28467137.13,41307455.99,2304468.96,False
2025-04-28,Historical,0.95,2020-05-28,1235,15925015.03,25106500.86,2530916.39,False
2025-04-28,Historical,0.97,2020-05-28,1235,20427716.9,29705813.54,2530916.39,False
2025-04-28,Historical,0.99,2020-05-28,1235,30947028.36,39341826.15,2530916.39,False
2025-04-28,Parametric (Normal),0.95,2020-05-28,1235,16888343.4,21375405.2,2530916.39,False
2025-04-28,Parametric (Normal),0.97,2020-05-28,1235,19421917.69,23580521.75,2530916.39,False
2025-04-28,Parametric (Normal),0.99,2020-05-28,1235,24206375.28,27845195.04,2530916.39,False
2025-04-28,Monte Carlo (Student-t),0.95,2020-05-28,1235,15384383.32,23075998.9,2530916.39,False
2025-04-28,Monte Carlo (Student-t),0.97,2020-05-28,1235,18460947.26,27322418.06,2530916.39,False
2025-04-28,Monte Carlo (Student-t),0.99,2020-05-28,1235,26603091.15,37941742.88,2530916.39,False
2025-04-29,Historical,0.95,2020-05-29,1235,15925015.03,25106500.86,7051635.39,False
2025-04-29,Historical,0.97,2020-05-29,1235,20427716.9,29705813.54,7051635.39,False
2025-04-29,Historical,0.99,2020-05-29,1235,30947028.36,39341826.15,7051635.39,False
2025-04-29,Parametric (Normal),0.95,2020-05-29,1235,16880845.5,21367486.02,7051635.39,False
2025-04-29,Parametric (Normal),0.97,2020-05-29,1235,19414181.92,23572395.52,7051635.39,False
2025-04-29,Parametric (Normal),0.99,2020-05-29,1235,24198190.3,27836668.41,7051635.39,False
2025-04-29,Monte Carlo (Student-t),0.95,2020-05-29,1235,15624883.39,23747050.29,7051635.39,False
2025-04-29,Monte Carlo (Student-t),0.97,2020-05-29,1235,19302218.65,28054706.68,7051635.39,False
2025-04-29,Monte Carlo (Student-t),0.99,2020-05-29,1235,27840444.74,39354491.27,7051635.39,False
2025-04-30,Historical,0.95,2020-06-01,1235,15925015.03,25106500.86,3761348.44,False
2025-04-30,Historical,0.97,2020-06-01,1235,20427716.9,29705813.54,3761348.44,False
2025-04-30,Historical,0.99,2020-06-01,1235,30947028.36,39341826.15,3761348.44,False
2025-04-30,Parametric (Normal),0.95,2020-06-01,1235,16880793.58,21367564.29,3761348.44,False
2025-04-30,Parametric (Normal),0.97,2020-06-01,1235,19414203.51,23572537.77,3761348.44,False
2025-04-30,Parametric (Normal),0.99,2020-06-01,1235,24198350.71,27836934.39,3761348.44,False
2025-04-30,Monte Carlo (Student-t),0.95,2020-06-01,1235,15401604.46,23054028.32,3761348.44,False
2025-04-30,Monte Carlo (Student-t),0.97,2020-06-01,1235,18919554.44,27109459.9,3761348.44,False
2025-04-30,Monte Carlo (Student-t),0.99,2020-06-01,1235,27337648.04,37097067.83,3761348.44,False
2025-05-01,Historical,0.95,2020-06-01,1236,15919231.77,25106500.86,-1743390.81,False
2025-05-01,Historical,0.97,2020-06-01,1236,20426121.33,29705813.54,-1743390.81,False
2025-05-01,Historical,0.99,2020-06-01,1236,30936750.14,39341826.15,-1743390.81,False
2025-05-01,Parametric (Normal),0.95,2020-06-01,1236,16871780.97,21356874.71,-1743390.81,False
2025-05-01,Parametric (Normal),0.97,2020-06-01,1236,19404244.01,23561024.06,-1743390.81,False
2025-05-01,Parametric (Normal),0.99,2020-06-01,1236,24186603.09,27823826.82,-1743390.81,False
2025-05-01,Monte Carlo (Student-t),0.95,2020-06-01,1236,15290720.54,23112871.19,-1743390.81,False
2025-05-01,Monte Carlo (Student-t),0.97,2020-06-01,1236,18743901.52,27322042.13,-1743390.81,False
2025-05-01,Monte Carlo (Student-t),0.99,2020-06-01,1236,26719430.26,38030091.75,-1743390.81,False
2025-05-02,Historical,0.95,2020-06-02,1236,15919231.77,25106500.86,16913446.65,False
2025-05-02,Historical,0.97,2020-06-02,1236,20426121.33,29705813.54,16913446.65,False
2025-05-02,Historical,0.99,2020-06-02,1236,30936750.14,39341826.15,16913446.65,False
2025-05-02,Parametric (Normal),0.95,2020-06-02,1236,16874818.71,21360003.18,16913446.65,False
2025-05-02,Parametric (Normal),0.97,2020-06-02,1236,19407332.99,23564197.12,16913446.65,False
2025-05-02,Parametric (Normal),0.99,2020-06-02,1236,24189788.81,27827086.11,16913446.65,False
2025-05-02,Monte Carlo (Student-t),0.95,2020-06-02,1236,15505245.99,22809618.14,16913446.65,False
2025-05-02,Monte Carlo (Student-t),0.97,2020-06-02,1236,19158120.45,26542242.53,16913446.65,False
2025-05-02,Monte Carlo (Student-t),0.99,2020-06-02,1236,27767458.35,35315516.98,16913446.65,False
2025-05-05,Historical,0.95,2020-06-05,1234,15930798.29,25106500.86,-4621288.88,False
2025-05-05,Historical,0.97,2020-06-05,1234,20429619.4,29956544.16,-4621288.88,False
2025-05-05,Historical,0.99,2020-06-05,1234,30957306.58,39341826.15,-4621288.88,False
2025-05-05,Parametric (Normal),0.95,2020-06-05,1234,16892101.63,21380521.75,-4621288.88,False
2025-05-05,Parametric (Normal),0.97,2020-06-05,1234,19426442.88,23586305.82,-4621288.88,False
2025-05-05,Parametric (Normal),0.99,2020-06-05,1234,24212348.81,27852270.1,-4621288.88,False
2025-05-05,Monte Carlo (Student-t),0.95,2020-06-05,1234,15038385.69,22958624.27,-4621288.88,False
2025-05-05,Monte Carlo (Student-t),0.97,2020-06-05,1234,18611313.83,27167387.52,-4621288.88,False
2025-05-05,Monte Carlo (Student-t),0.99,2020-06-05,1234,27416932.25,37645655.78,-4621288.88,False
2025-05-06,Historical,0.95,2020-06-08,1234,15930798.29,25106500.86,-8680954.24,False
2025-05-06,Historical,0.97,2020-06-08,1234,20429619.4,29956544.16,-8680954.24,False
2025-05-06,Historical,0.99,2020-06-08,1234,30957306.58,39341826.15,-8680954.24,False
2025-05-06,Parametric (Normal),0.95,2020-06-08,1234,16878169.43,21356662.54,-8680954.24,False
2025-05-06,Parametric (Normal),0.97,2020-06-08,1234,19406905.49,23557568.08,-8680954.24,False
2025-05-06,Parametric (Normal),0.99,2020-06-08,1234,24182226.46,27814097.35,-8680954.24,False
2025-05-06,Monte Carlo (Student-t),0.95,2020-06-08,1234,15546001.22,22903106.98,-8680954.24,False
2025-05-06,Monte Carlo (Student-t),0.97,2020-06-08,1234,18872502.76,26812605.92,-8680954.24,False
2025-05-06,Monte Carlo (Student-t),0.99,2020-06-08,1234,26361147.6,36570883.93,-8680954.24,False
2025-05-07,Historical,0.95,2020-06-08,1235,15925015.03,25106500.86,6784129.5,False
2025-05-07,Historical,0.97,2020-06-08,1235,20427716.9,29705813.54,6784129.5,False
2025-05-07,Historical,0.99,2020-06-08,1235,30947028.36,39341826.15,6784129.5,False
2025-05-07,Parametric (Normal),0.95,2020-06-08,1235,16884190.84,21362273.48,6784129.5,False
2025-05-07,Parametric (Normal),0.97,2020-06-08,1235,19412695.14,23562977.32,6784129.5,False
2025-05-07,Parametric (Normal),0.99,2020-06-08,1235,24187578.44,27819116.47,6784129.5,False
2025-05-07,Monte Carlo (Student-t),0.95,2020-06-08,1235,14963318.09,23298028.75,6784129.5,False
2025-05-07,Monte Carlo (Student-t),0.97,2020-06-08,1235,18646594.69,27772291.75,6784129.5,False
2025-05-07,Monte Carlo (Student-t),0.99,2020-06-08,1235,27020904.23,39228995.03,6784129.5,False
2025-05-08,Historical,0.95,2020-06-08,1236,15919231.77,25106500.86,3633909.66,False
2025-05-08,Historical,0.97,2020-06-08,1236,20426121.33,29705813.54,3633909.66,False
2025-05-08,Historical,0.99,2020-06-08,1236,30936750.14,39341826.15,3633909.66,False
2025-05-08,Parametric (Normal),0.95,2020-06-08,1236,16874431.88,21351276.96,3633909.66,False
2025-05-08,Parametric (Normal),0.97,2020-06-08,1236,19402237.4,23551372.61,3633909.66,False
2025-05-08,Parametric (Normal),0.99,2020-06-08,1236,24175801.12,27806335.54,3633909.66,False
2025-05-08,Monte Carlo (Student-t),0.95,2020-06-08,1236,15745216.67,24415822.57,3633909.66,False
2025-05-08,Monte Carlo (Student-t),0.97,2020-06-08,1236,19282539.18,29057116.68,3633909.66,False
2025-05-08,Monte Carlo (Student-t),0.99,2020-06-08,1236,28357716.26,41295878.4,3633909.66,False
2025-05-09,Historical,0.95,2020-06-09,1236,15919231.77,25106500.86,-1568412.51,False
2025-05-09,Historical,0.97,2020-06-09,1236,20426121.33,29705813.54,-1568412.51,False
2025-05-09,Historical,0.99,2020-06-09,1236,30936750.14,39341826.15,-1568412.51,False
2025-05-09,Parametric (Normal),0.95,2020-06-09,1236,16874773.07,21350394.05,-1568412.51,False
2025-05-09,Parametric (Normal),0.97,2020-06-09,1236,19401887.42,23549888.13,-1568412.51,False
2025-05-09,Parametric (Normal),0.99,2020-06-09,1236,24174145.91,27803687.63,-1568412.51,False
2025-05-09,Monte Carlo (Student-t),0.95,2020-06-09,1236,15514224.57,23991047.32,-1568412.51,False
2025-05-09,Monte Carlo (Student-t),0.97,2020-06-09,1236,19289933.76,28538008.29,-1568412.51,False
2025-05-09,Monte Carlo (Student-t),0.99,2020-06-09,1236,27819182.27,40351863.88,-1568412.51,False
2025-05-12,Historical,0.95,2020-06-12,1234,15880759.93,24357765.23,30244342.57,False
2025-05-12,Historical,0.97,2020-06-12,1234,20376126.68,28824567.3,30244342.57,False
2025-05-12,Historical,0.99,2020-06-12,1234,30246357.77,36876960.09,30244342.57,False
2025-05-12,Parametric (Normal),0.95,2020-06-12,1234,16565529.5,20978821.97,30244342.57,False
2025-05-12,Parametric (Normal),0.97,2020-06-12,1234,19057450.68,23147685.4,30244342.57,False
2025-05-12,Parametric (Normal),0.99,2020-06-12,1234,23763249.62,27342245.52,30244342.57,False
2025-05-12,Monte Carlo (Student-t),0.95,2020-06-12,1234,15226400.18,23021885.98,30244342.57,False
2025-05-12,Monte Carlo (Student-t),0.97,2020-06-12,1234,18666045.43,27154701.72,30244342.57,False
2025-05-12,Monte Carlo (Student-t),0.99,2020-06-12,1234,27199872.27,37515681.64,30244342.57,False
2025-05-13,Historical,0.95,2020-06-15,1234,15880759.93,24357765.23,933861.07,False
2025-05-13,Historical,0.97,2020-06-15,1234,20376126.68,28824567.3,933861.07,False
2025-05-13,Historical,0.99,2020-06-15,1234,30246357.77,36876960.09,933861.07,False
2025-05-13,Parametric (Normal),0.95,2020-06-15,1234,16595034.1,21018942.57,933861.07,False
2025-05-13,Parametric (Normal),0.97,2020-06-15,1234,19092949.5,23193023.11,933861.07,False
2025-05-13,Parametric (Normal),0.99,2020-06-15,1234,23810068.04,27397673.08,933861.07,False
2025-05-13,Monte Carlo (Student-t),0.95,2020-06-15,1234,15314002.42,22700918.5,933861.07,False
2025-05-13,Monte Carlo (Student-t),0.97,2020-06-15,1234,18602989.22,26619243.63,933861.07,False
2025-05-13,Monte Carlo (Student-t),0.99,2020-06-15,1234,26630108.06,36142421.11,933861.07,False
2025-05-14,Historical,0.95,2020-06-15,1235,15880024.89,24357765.23,-4967186.13,False
2025-05-14,Historical,0.97,2020-06-15,1235,20371767.77,28602225.92,-4967186.13,False
2025-05-14,Historical,0.99,2020-06-15,1235,30245681.77,36876960.09,-4967186.13,False
2025-05-14,Parametric (Normal),0.95,2020-06-15,1235,16587884.63,21010000.44,-4967186.13,False
2025-05-14,Parametric (Normal),0.97,2020-06-15,1235,19084787.82,23183199.99,-4967186.13,False
2025-05-14,Parametric (Normal),0.99,2020-06-15,1235,23799994.89,27386146.15,-4967186.13,False
2025-05-14,Monte Carlo (Student-t),0.95,2020-06-15,1235,15890021.56,24389265.56,-4967186.13,False
2025-05-14,Monte Carlo (Student-t),0.97,2020-06-15,1235,20100555.32,28771219.31,-4967186.13,False
2025-05-14,Monte Carlo (Student-t),0.99,2020-06-15,1235,28825623.17,39837795.76,-4967186.13,False
2025-05-15,Historical,0.95,2020-06-15,1236,15879289.85,24357765.23,9116261.9,False
2025-05-15,Historical,0.97,2020-06-15,1236,20366027.19,28602225.92,9116261.9,False
2025-05-15,Historical,0.99,2020-06-15,1236,30245005.78,36876960.09,9116261.9,False
2025-05-15,Parametric (Normal),0.95,2020-06-15,1236,16587623.33,21008483.45,9116261.9,False
2025-05-15,Parametric (Normal),0.97,2020-06-15,1236,19083817.51,23181065.91,9116261.9,False
2025-05-15,Parametric (Normal),0.99,2020-06-15,1236,23797685.66,27382818.61,9116261.9,False
2025-05-15,Monte Carlo (Student-t),0.95,2020-06-15,1236,15302743.22,23209550.15,9116261.9,False
2025-05-15,Monte Carlo (Student-t),0.97,2020-06-15,1236,18303161.92,27532046.32,9116261.9,False
2025-05-15,Monte Carlo (Student-t),0.99,2020-06-15,1236,26750825.32,39430890.18,9116261.9,False
2025-05-16,Historical,0.95,2020-06-16,1236,15879289.85,24357765.23,8402697.56,False
2025-05-16,Historical,0.97,2020-06-16,1236,20366027.19,28602225.92,8402697.56,False
2025-05-16,Historical,0.99,2020-06-16,1236,30245005.78,36876960.09,8402697.56,False
2025-05-16,Parametric (Normal),0.95,2020-06-16,1236,16587625.55,21008488.18,8402697.56,False
2025-05-16,Parametric (Normal),0.97,2020-06-16,1236,19083821.15,23181071.87,8402697.56,False
2025-05-16,Parametric (Normal),0.99,2020-06-16,1236,23797691.97,27382826.95,8402697.56,False
2025-05-16,Monte Carlo (Student-t),0.95,2020-06-16,1236,14944754.36,22525668.79,8402697.56,False
2025-05-16,Monte Carlo (Student-t),0.97,2020-06-16,1236,18025235.75,26639946.57,8402697.56,False
2025-05-16,Monte Carlo (Student-t),0.99,2020-06-16,1236,25775873.86,37893190.34,8402697.56,False
2025-05-19,Historical,0.95,2020-06-19,1234,15880759.93,24357765.23,2595878.2,False
2025-05-19,Historical,0.97,2020-06-19,1234,20376126.68,28824567.3,2595878.2,False
2025-05-19,Historical,0.99,2020-06-19,1234,30246357.77,36876960.09,2595878.2,False
2025-05-19,Parametric (Normal),0.95,2020-06-19,1234,16586669.55,21005713.07,2595878.2,False
2025-05-19,Parametric (Normal),0.97,2020-06-19,1234,19081838.0,23177402.79,2595878.2,False
2025-05-19,Parametric (Normal),0.99,2020-06-19,1234,23793769.16,27377428.92,2595878.2,False
2025-05-19,Monte Carlo (Student-t),0.95,2020-06-19,1234,15839192.98,23631190.6,2595878.2,False
2025-05-19,Monte Carlo (Student-t),0.97,2020-06-19,1234,19078371.32,27846120.14,2595878.2,False
2025-05-19,Monte Carlo (Student-t),0.99,2020-06-19,1234,28268749.04,37651055.08,2595878.2,False
2025-05-20,Historical,0.95,2020-06-22,1234,15880759.93,24357765.23,-2095761.88,False
2025-05-20,Historical,0.97,2020-06-22,1234,20376126.68,28824567.3,-2095761.88,False
2025-05-20,Historical,0.99,2020-06-22,1234,30246357.77,36876960.09,-2095761.88,False
2025-05-20,Parametric (Normal),0.95,2020-06-22,1234,16578066.74,20996556.68,-2095761.88,False
2025-05-20,Parametric (Normal),0.97,2020-06-22,1234,19072922.62,23167974.35,-2095761.88,False
2025-05-20,Parametric (Normal),0.99,2020-06-22,1234,23784263.51,27367474.34,-2095761.88,False
2025-05-20,Monte Carlo (Student-t),0.95,2020-06-22,1234,14953867.54,22521615.55,-2095761.88,False
2025-05-20,Monte Carlo (Student-t),0.97,2020-06-22,1234,18319567.81,26536923.71,-2095761.88,False
2025-05-20,Monte Carlo (Student-t),0.99,2020-06-22,1234,26142873.92,36873973.89,-2095761.88,False
2025-05-21,Historical,0.95,2020-06-22,1235,15880024.89,24357765.23,-18611222.67,True
2025-05-21,Historical,0.97,2020-06-22,1235,20371767.77,28602225.92,-18611222.67,False
2025-05-21,Historical,0.99,2020-06-22,1235,30245681.77,36876960.09,-18611222.67,False
2025-05-21,Parametric (Normal),0.95,2020-06-22,1235,16573908.41,20990743.26,-18611222.67,True
2025-05-21,Parametric (Normal),0.97,2020-06-22,1235,19067829.76,23161347.55,-18611222.67,False
2025-05-21,Parametric (Normal),0.99,2020-06-22,1235,23777405.86,27359274.48,-18611222.67,False
2025-05-21,Monte Carlo (Student-t),0.95,2020-06-22,1235,15214085.4,23209000.34,-18611222.67,True
2025-05-21,Monte Carlo (Student-t),0.97,2020-06-22,1235,18406293.53,27551289.77,-18611222.67,True
2025-05-21,Monte Carlo (Student-t),0.99,2020-06-22,1235,27499046.48,38984834.7,-18611222.67,False
2025-05-22,Historical,0.95,2020-06-22,1236,15919231.77,24401650.83,-3766326.24,False
2025-05-22,Historical,0.97,2020-06-22,1236,20366027.19,28602225.92,-3766326.24,False
2025-05-22,Historical,0.99,2020-06-22,1236,30245005.78,36876960.09,-3766326.24,False
2025-05-22,Parametric (Normal),0.95,2020-06-22,1236,16606326.12,21027404.15,-3766326.24,False
2025-05-22,Parametric (Normal),0.97,2020-06-22,1236,19102643.33,23200093.7,-3766326.24,False
2025-05-22,Parametric (Normal),0.99,2020-06-22,1236,23816743.84,27402053.51,-3766326.24,False
2025-05-22,Monte Carlo (Student-t),0.95,2020-06-22,1236,14892035.14,22528448.13,-3766326.24,False
2025-05-22,Monte Carlo (Student-t),0.97,2020-06-22,1236,18397439.34,26627322.73,-3766326.24,False
2025-05-22,Monte Carlo (Student-t),0.99,2020-06-22,1236,27441264.17,36579669.6,-3766326.24,False
2025-05-23,Historical,0.95,2020-06-23,1236,15919231.77,24401650.83,-4536223.52,False
2025-05-23,Historical,0.97,2020-06-23,1236,20366027.19,28602225.92,-4536223.52,False
2025-05-23,Historical,0.99,2020-06-23,1236,30245005.78,36876960.09,-4536223.52,False
2025-05-23,Parametric (Normal),0.95,2020-06-23,1236,16612348.23,21033726.49,-4536223.52,False
2025-05-23,Parametric (Normal),0.97,2020-06-23,1236,19108834.97,23206563.59,-4536223.52,False
2025-05-23,Parametric (Normal),0.99,2020-06-23,1236,23823255.61,27408808.75,-4536223.52,False
2025-05-23,Monte Carlo (Student-t),0.95,2020-06-23,1236,15761944.73,24254421.78,-4536223.52,False
2025-05-23,Monte Carlo (Student-t),0.97,2020-06-23,1236,19239897.23,28936487.85,-4536223.52,False
2025-05-23,Monte Carlo (Student-t),0.99,2020-06-23,1236,28179462.29,41539141.26,-4536223.52,False
2025-05-27,Historical,0.95,2020-06-29,1233,15782228.83,24071706.08,18101976.79,False
2025-05-27,Historical,0.97,2020-06-29,1233,20074966.88,28509360.07,18101976.79,False
2025-05-27,Historical,0.99,2020-06-29,1233,30247033.77,36876960.09,18101976.79,False
2025-05-27,Parametric (Normal),0.95,2020-06-29,1233,16505723.18,20907034.01,18101976.79,False
2025-05-27,Parametric (Normal),0.97,2020-06-29,1233,18990879.05,23070009.19,18101976.79,False
2025-05-27,Parametric (Normal),0.99,2020-06-29,1233,23683902.22,27253181.51,18101976.79,False
2025-05-27,Monte Carlo (Student-t),0.95,2020-06-29,1233,14790990.29,23258575.52,18101976.79,False
2025-05-27,Monte Carlo (Student-t),0.97,2020-06-29,1233,18880261.45,27717530.56,18101976.79,False
2025-05-27,Monte Carlo (Student-t),0.99,2020-06-29,1233,27703726.73,38501337.19,18101976.79,False
2025-05-28,Historical,0.95,2020-06-29,1234,15774446.68,24071706.08,-4903788.13,False
2025-05-28,Historical,0.97,2020-06-29,1234,20071552.03,28509360.07,-4903788.13,False
2025-05-28,Historical,0.99,2020-06-29,1234,30246357.77,36876960.09,-4903788.13,False
2025-05-28,Parametric (Normal),0.95,2020-06-29,1234,16503587.32,20907913.46,-4903788.13,False
2025-05-28,Parametric (Normal),0.97,2020-06-29,1234,18990445.75,23072370.48,-4903788.13,False
2025-05-28,Parametric (Normal),0.99,2020-06-29,1234,23686684.08,27258408.66,-4903788.13,False
2025-05-28,Monte Carlo (Student-t),0.95,2020-06-29,1234,15152284.26,22739034.03,-4903788.13,False
2025-05-28,Monte Carlo (Student-t),0.97,2020-06-29,1234,18458477.51,26770933.99,-4903788.13,False
2025-05-28,Monte Carlo (Student-t),0.99,2020-06-29,1234,26720523.52,37079156.01,-4903788.13,False
2025-05-29,Historical,0.95,2020-06-29,1235,15766664.53,24071706.08,2135979.39,False
2025-05-29,Historical,0.97,2020-06-29,1235,20060425.79,28287282.53,2135979.39,False
2025-05-29,Historical,0.99,2020-06-29,1235,30245681.77,36876960.09,2135979.39,False
2025-05-29,Parametric (Normal),0.95,2020-06-29,1235,16503287.14,20906356.85,2135979.39,False
2025-05-29,Parametric (Normal),0.97,2020-06-29,1235,18989436.14,23070196.41,2135979.39,False
2025-05-29,Parametric (Normal),0.99,2020-06-29,1235,23684334.76,27255040.43,2135979.39,False
2025-05-29,Monte Carlo (Student-t),0.95,2020-06-29,1235,15039839.62,23016085.15,2135979.39,False
2025-05-29,Monte Carlo (Student-t),0.97,2020-06-29,1235,18554152.77,27259191.36,2135979.39,False
2025-05-29,Monte Carlo (Student-t),0.99,2020-06-29,1235,26829219.08,37876634.17,2135979.39,False
2025-05-30,Historical,0.95,2020-06-30,1235,15766664.53,24071706.08,1971089.45,False
2025-05-30,Historical,0.97,2020-06-30,1235,20060425.79,28287282.53,1971089.45,False
2025-05-30,Historical,0.99,2020-06-30,1235,30245681.77,36876960.09,1971089.45,False
2025-05-30,Parametric (Normal),0.95,2020-06-30,1235,16501796.37,20901994.66,1971089.45,False
2025-05-30,Parametric (Normal),0.97,2020-06-30,1235,18986324.05,23064423.09,1971089.45,False
2025-05-30,Parametric (Normal),0.99,2020-06-30,1235,23678160.94,27246538.0,1971089.45,False
2025-05-30,Monte Carlo (Student-t),0.95,2020-06-30,1235,14445854.51,22129646.69,1971089.45,False
2025-05-30,Monte Carlo (Student-t),0.97,2020-06-30,1235,18141932.1,26240019.45,1971089.45,False
2025-05-30,Monte Carlo (Student-t),0.99,2020-06-30,1235,25800388.84,36008086.96,1971089.45,False
2025-06-02,Historical,0.95,2020-07-02,1234,15774446.68,24071706.08,3364868.47,False
2025-06-02,Historical,0.97,2020-07-02,1234,20071552.03,28509360.07,3364868.47,False
2025-06-02,Historical,0.99,2020-07-02,1234,30246357.77,36876960.09,3364868.47,False
2025-06-02,Parametric (Normal),0.95,2020-07-02,1234,16506914.62,20905079.19,3364868.47,False
2025-06-02,Parametric (Normal),0.97,2020-07-02,1234,18990293.98,23066508.18,3364868.47,False
2025-06-02,Parametric (Normal),0.99,2020-07-02,1234,23679962.36,27246690.17,3364868.47,False
2025-06-02,Monte Carlo (Student-t),0.95,2020-07-02,1234,15181944.87,23302447.61,3364868.47,False
2025-06-02,Monte Carlo (Student-t),0.97,2020-07-02,1234,18755745.42,27624609.06,3364868.47,False
2025-06-02,Monte Carlo (Student-t),0.99,2020-07-02,1234,27812106.52,38225412.63,3364868.47,False
2025-06-03,Historical,0.95,2020-07-06,1234,15774446.68,24071706.08,5657792.9,False
2025-06-03,Historical,0.97,2020-07-06,1234,20071552.03,28509360.07,5657792.9,False
2025-06-03,Historical,0.99,2020-07-06,1234,30246357.77,36876960.09,5657792.9,False
2025-06-03,Parametric (Normal),0.95,2020-07-06,1234,16507736.22,20905591.27,5657792.9,False
2025-06-03,Parametric (Normal),0.97,2020-07-06,1234,18990940.81,23066868.14,5657792.9,False
2025-06-03,Parametric (Normal),0.99,2020-07-06,1234,23680279.16,27246755.95,5657792.9,False
2025-06-03,Monte Carlo (Student-t),0.95,2020-07-06,1234,14946074.38,22890698.64,5657792.9,False
2025-06-03,Monte Carlo (Student-t),0.97,2020-07-06,1234,18458310.91,27096360.65,5657792.9,False
2025-06-03,Monte Carlo (Student-t),0.99,2020-07-06,1234,27522041.08,37868080.89,5657792.9,False
2025-06-04,Historical,0.95,2020-07-06,1235,15766664.53,24071706.08,-494391.19,False
2025-06-04,Historical,0.97,2020-07-06,1235,20060425.79,28287282.53,-494391.19,False
2025-06-04,Historical,0.99,2020-07-06,1235,30245681.77,36876960.09,-494391.19,False
2025-06-04,Parametric (Normal),0.95,2020-07-06,1235,16498281.35,20894732.93,-494391.19,False
2025-06-04,Parametric (Normal),0.97,2020-07-06,1235,18980693.49,23055320.09,-494391.19,False
2025-06-04,Parametric (Normal),0.99,2020-07-06,1235,23668535.35,27233873.99,-494391.19,False
2025-06-04,Monte Carlo (Student-t),0.95,2020-07-06,1235,14936823.7,22657482.97,-494391.19,False
2025-06-04,Monte Carlo (Student-t),0.97,2020-07-06,1235,18490590.93,26724487.46,-494391.19,False
2025-06-04,Monte Carlo (Student-t),0.99,2020-07-06,1235,26356319.13,36731631.52,-494391.19,False
2025-06-05,Historical,0.95,2020-07-06,1236,15758882.38,24071706.08,-1962749.83,False
2025-06-05,Historical,0.97,2020-07-06,1236,20045443.84,28287282.53,-1962749.83,False
2025-06-05,Historical,0.99,2020-07-06,1236,30245005.78,36876960.09,-1962749.83,False
2025-06-05,Parametric (Normal),0.95,2020-07-06,1236,16492434.28,20887132.81,-1962749.83,False
2025-06-05,Parametric (Normal),0.97,2020-07-06,1236,18973856.58,23046858.45,-1962749.83,False
2025-06-05,Parametric (Normal),0.99,2020-07-06,1236,23659829.2,27223746.19,-1962749.83,False
2025-06-05,Monte Carlo (Student-t),0.95,2020-07-06,1236,15844372.53,23505318.72,-1962749.83,False
2025-06-05,Monte Carlo (Student-t),0.97,2020-07-06,1236,19609165.2,27508857.06,-1962749.83,False
2025-06-05,Monte Carlo (Student-t),0.99,2020-07-06,1236,27059491.53,36997814.63,-1962749.83,False
2025-06-06,Historical,0.95,2020-07-06,1237,15751100.23,24071706.08,10468774.74,False
2025-06-06,Historical,0.97,2020-07-06,1237,20030461.9,28287282.53,10468774.74,False
2025-06-06,Historical,0.99,2020-07-06,1237,30244329.78,36876960.09,10468774.74,False
2025-06-06,Parametric (Normal),0.95,2020-07-06,1237,16488158.78,20881202.4,10468774.74,False
2025-06-06,Parametric (Normal),0.97,2020-07-06,1237,18968646.65,23040114.74,10468774.74,False
2025-06-06,Parametric (Normal),0.99,2020-07-06,1237,23652854.66,27215429.58,10468774.74,False
2025-06-06,Monte Carlo (Student-t),0.95,2020-07-06,1237,14945652.95,23793315.67,10468774.74,False
2025-06-06,Monte Carlo (Student-t),0.97,2020-07-06,1237,18472397.1,28650786.19,10468774.74,False
2025-06-06,Monte Carlo (Student-t),0.99,2020-07-06,1237,26619594.02,42070882.21,10468774.74,False
2025-06-09,Historical,0.95,2020-07-09,1235,15766664.53,24071706.08,553564.18,False
2025-06-09,Historical,0.97,2020-07-09,1235,20060425.79,28287282.53,553564.18,False
2025-06-09,Historical,0.99,2020-07-09,1235,30245681.77,36876960.09,553564.18,False
2025-06-09,Parametric (Normal),0.95,2020-07-09,1235,16482350.71,20873772.95,553564.18,False
2025-06-09,Parametric (Normal),0.97,2020-07-09,1235,18961923.09,23031888.5,553564.18,False
2025-06-09,Parametric (Normal),0.99,2020-07-09,1235,23644402.27,27205662.32,553564.18,False
2025-06-09,Monte Carlo (Student-t),0.95,2020-07-09,1235,15231010.53,22222347.39,553564.18,False
2025-06-09,Monte Carlo (Student-t),0.97,2020-07-09,1235,18195835.48,25892819.77,553564.18,False
2025-06-09,Monte Carlo (Student-t),0.99,2020-07-09,1235,26629127.25,34692169.17,553564.18,False
2025-06-10,Historical,0.95,2020-07-10,1235,15766664.53,24071706.08,5501701.55,False
2025-06-10,Historical,0.97,2020-07-10,1235,20060425.79,28287282.53,5501701.55,False
2025-06-10,Historical,0.99,2020-07-10,1235,30245681.77,36876960.09,5501701.55,False
2025-06-10,Parametric (Normal),0.95,2020-07-10,1235,16472351.98,20862790.3,5501701.55,False
2025-06-10,Parametric (Normal),0.97,2020-07-10,1235,18951368.8,23020422.31,5501701.55,False
2025-06-10,Parametric (Normal),0.99,2020-07-10,1235,23632798.84,27193260.98,5501701.55,False
2025-06-10,Monte Carlo (Student-t),0.95,2020-07-10,1235,15320389.26,23058985.36,5501701.55,False
2025-06-10,Monte Carlo (Student-t),0.97,2020-07-10,1235,18692669.21,27268332.9,5501701.55,False
2025-06-10,Monte Carlo (Student-t),0.99,2020-07-10,1235,26985316.36,38049500.61,5501701.55,False
2025-06-11,Historical,0.95,2020-07-13,1235,15766664.53,24071706.08,-1404449.07,False
2025-06-11,Historical,0.97,2020-07-13,1235,20060425.79,28287282.53,-1404449.07,False
2025-06-11,Historical,0.99,2020-07-13,1235,30245681.77,36876960.09,-1404449.07,False
2025-06-11,Parametric (Normal),0.95,2020-07-13,1235,16470317.41,20858676.56,-1404449.07,False
2025-06-11,Parametric (Normal),0.97,2020-07-13,1235,18948160.24,23015286.79,-1404449.07,False
2025-06-11,Parametric (Normal),0.99,2020-07-13,1235,23627373.32,27186149.34,-1404449.07,False
2025-06-11,Monte Carlo (Student-t),0.95,2020-07-13,1235,15149038.04,23590986.4,-1404449.07,False
2025-06-11,Monte Carlo (Student-t),0.97,2020-07-13,1235,18686141.51,28156035.49,-1404449.07,False
2025-06-11,Monte Carlo (Student-t),0.99,2020-07-13,1235,27569428.99,40039483.03,-1404449.07,False
2025-06-12,Historical,0.95,2020-07-13,1236,15758882.38,24071706.08,3586516.94,False
2025-06-12,Historical,0.97,2020-07-13,1236,20045443.84,28287282.53,3586516.94,False
2025-06-12,Historical,0.99,2020-07-13,1236,30245005.78,36876960.09,3586516.94,False
2025-06-12,Parametric (Normal),0.95,2020-07-13,1236,16465418.22,20852078.87,3586516.94,False
2025-06-12,Parametric (Normal),0.97,2020-07-13,1236,18942302.01,23007854.39,3586516.94,False
2025-06-12,Parametric (Normal),0.99,2020-07-13,1236,23619704.02,27177102.63,3586516.94,False
2025-06-12,Monte Carlo (Student-t),0.95,2020-07-13,1236,14475510.29,22163167.09,3586516.94,False
2025-06-12,Monte Carlo (Student-t),0.97,2020-07-13,1236,18007211.48,26261266.07,3586516.94,False
2025-06-12,Monte Carlo (Student-t),0.99,2020-07-13,1236,26602043.56,36656182.9,3586516.94,False
2025-06-13,Historical,0.95,2020-07-13,1237,15751100.23,24071706.08,-11073159.33,False
2025-06-13,Historical,0.97,2020-07-13,1237,20030461.9,28287282.53,-11073159.33,False
2025-06-13,Historical,0.99,2020-07-13,1237,30244329.78,36876960.09,-11073159.33,False
2025-06-13,Parametric (Normal),0.95,2020-07-13,1237,16456671.82,20841682.36,-11073159.33,False
2025-06-13,Parametric (Normal),0.97,2020-07-13,1237,18932623.9,22996646.95,-11073159.33,False
2025-06-13,Parametric (Normal),0.99,2020-07-13,1237,23608266.42,27164326.86,-11073159.33,False
2025-06-13,Monte Carlo (Student-t),0.95,2020-07-13,1237,14804704.49,22617780.96,-11073159.33,False
2025-06-13,Monte Carlo (Student-t),0.97,2020-07-13,1237,18213296.24,26790429.64,-11073159.33,False
2025-06-13,Monte Carlo (Student-t),0.99,2020-07-13,1237,26251654.42,36868282.56,-11073159.33,False
2025-06-16,Historical,0.95,2020-07-16,1235,15766664.53,24071706.08,7662545.64,False
2025-06-16,Historical,0.97,2020-07-16,1235,20060425.79,28287282.53,7662545.64,False
2025-06-16,Historical,0.99,2020-07-16,1235,30245681.77,36876960.09,7662545.64,False
2025-06-16,Parametric (Normal),0.95,2020-07-16,1235,16476855.52,20861286.66,7662545.64,False
2025-06-16,Parametric (Normal),0.97,2020-07-16,1235,18952480.44,23015966.51,7662545.64,False
2025-06-16,Parametric (Normal),0.99,2020-07-16,1235,23627505.16,27183095.73,7662545.64,False
2025-06-16,Monte Carlo (Student-t),0.95,2020-07-16,1235,15141548.84,23204078.2,7662545.64,False
2025-06-16,Monte Carlo (Student-t),0.97,2020-07-16,1235,18491556.94,27531203.13,7662545.64,False
2025-06-16,Monte Carlo (Student-t),0.99,2020-07-16,1235,27018511.67,38599950.45,7662545.64,False
2025-06-17,Historical,0.95,2020-07-17,1235,15766664.53,24071706.08,-10031573.09,False
2025-06-17,Historical,0.97,2020-07-17,1235,20060425.79,28287282.53,-10031573.09,False
2025-06-17,Historical,0.99,2020-07-17,1235,30245681.77,36876960.09,-10031573.09,False
2025-06-17,Parametric (Normal),0.95,2020-07-17,1235,16469817.33,20854731.54,-10031573.09,False
2025-06-17,Parametric (Normal),0.97,2020-07-17,1235,18945715.01,23009648.78,-10031573.09,False
2025-06-17,Parametric (Normal),0.99,2020-07-17,1235,23621254.81,27177237.12,-10031573.09,False
2025-06-17,Monte Carlo (Student-t),0.95,2020-07-17,1235,14751930.31,21885290.94,-10031573.09,False
2025-06-17,Monte Carlo (Student-t),0.97,2020-07-17,1235,18030147.44,25658750.09,-10031573.09,False
2025-06-17,Monte Carlo (Student-t),0.99,2020-07-17,1235,26218899.85,34783711.93,-10031573.09,False
2025-06-18,Historical,0.95,2020-07-20,1235,15766664.53,24071706.08,-988765.54,False
2025-06-18,Historical,0.97,2020-07-20,1235,20060425.79,28287282.53,-988765.54,False
2025-06-18,Historical,0.99,2020-07-20,1235,30245681.77,36876960.09,-988765.54,False
2025-06-18,Parametric (Normal),0.95,2020-07-20,1235,16488361.41,20874836.71,-988765.54,False
2025-06-18,Parametric (Normal),0.97,2020-07-20,1235,18965140.55,23030521.13,-988765.54,False
2025-06-18,Parametric (Normal),0.99,2020-07-20,1235,23642344.9,27199593.2,-988765.54,False
2025-06-18,Monte Carlo (Student-t),0.95,2020-07-20,1235,14814912.02,22656053.03,-988765.54,False
2025-06-18,Monte Carlo (Student-t),0.97,2020-07-20,1235,18003533.1,26884287.19,-988765.54,False
2025-06-18,Monte Carlo (Student-t),0.99,2020-07-20,1235,26098540.93,38223691.59,-988765.54,False
2025-06-20,Historical,0.95,2020-07-20,1236,15758882.38,24071706.08,-1141662.85,False
2025-06-20,Historical,0.97,2020-07-20,1236,20045443.84,28287282.53,-1141662.85,False
2025-06-20,Historical,0.99,2020-07-20,1236,30245005.78,36876960.09,-1141662.85,False
2025-06-20,Parametric (Normal),0.95,2020-07-20,1236,16482997.23,20867746.58,-1141662.85,False
2025-06-20,Parametric (Normal),0.97,2020-07-20,1236,18958801.82,23022582.8,-1141662.85,False
2025-06-20,Parametric (Normal),0.99,2020-07-20,1236,23634165.84,27190014.46,-1141662.85,False
2025-06-20,Monte Carlo (Student-t),0.95,2020-07-20,1236,15177752.1,22931486.34,-1141662.85,False
2025-06-20,Monte Carlo (Student-t),0.97,2020-07-20,1236,18649344.54,27140572.19,-1141662.85,False
2025-06-20,Monte Carlo (Student-t),0.99,2020-07-20,1236,26994158.3,37127875.95,-1141662.85,False
2025-06-23,Historical,0.95,2020-07-23,1234,15774446.68,24071706.08,9142064.16,False
2025-06-23,Historical,0.97,2020-07-23,1234,20071552.03,28509360.07,9142064.16,False
2025-06-23,Historical,0.99,2020-07-23,1234,30246357.77,36876960.09,9142064.16,False
2025-06-23,Parametric (Normal),0.95,2020-07-23,1234,16505797.79,20893178.45,9142064.16,False
2025-06-23,Parametric (Normal),0.97,2020-07-23,1234,18983088.13,23049307.8,9142064.16,False
2025-06-23,Parametric (Normal),0.99,2020-07-23,1234,23661257.85,27219240.36,9142064.16,False
2025-06-23,Monte Carlo (Student-t),0.95,2020-07-23,1234,14868614.61,22974380.42,9142064.16,False
2025-06-23,Monte Carlo (Student-t),0.97,2020-07-23,1234,18143028.08,27403922.42,9142064.16,False
2025-06-23,Monte Carlo (Student-t),0.99,2020-07-23,1234,27561037.61,38444573.67,9142064.16,False
2025-06-24,Historical,0.95,2020-07-24,1234,15774446.68,24071706.08,12774005.88,False
2025-06-24,Historical,0.97,2020-07-24,1234,20071552.03,28509360.07,12774005.88,False
2025-06-24,Historical,0.99,2020-07-24,1234,30246357.77,36876960.09,12774005.88,False
2025-06-24,Parametric (Normal),0.95,2020-07-24,1234,16490805.12,20877976.27,12774005.88,False
2025-06-24,Parametric (Normal),0.97,2020-07-24,1234,18967977.16,23034002.66,12774005.88,False
2025-06-24,Parametric (Normal),0.99,2020-07-24,1234,23645923.49,27203736.1,12774005.88,False
2025-06-24,Monte Carlo (Student-t),0.95,2020-07-24,1234,15279482.51,22916384.31,12774005.88,False
2025-06-24,Monte Carlo (Student-t),0.97,2020-07-24,1234,18677920.85,26994245.41,12774005.88,False
2025-06-24,Monte Carlo (Student-t),0.99,2020-07-24,1234,26527484.77,36764777.75,12774005.88,False
2025-06-25,Historical,0.95,2020-07-27,1234,15774446.68,24071706.08,-2885793.76,False
2025-06-25,Historical,0.97,2020-07-27,1234,20071552.03,28509360.07,-2885793.76,False
2025-06-25,Historical,0.99,2020-07-27,1234,30246357.77,36876960.09,-2885793.76,False
2025-06-25,Parametric (Normal),0.95,2020-07-27,1234,16479268.83,20867668.86,-2885793.76,False
2025-06-25,Parametric (Normal),0.97,2020-07-27,1234,18957134.75,23024299.18,-2885793.76,False
2025-06-25,Parametric (Normal),0.99,2020-07-27,1234,23636391.41,27195200.58,-2885793.76,False
2025-06-25,Monte Carlo (Student-t),0.95,2020-07-27,1234,14955117.68,24202999.72,-2885793.76,False
2025-06-25,Monte Carlo (Student-t),0.97,2020-07-27,1234,18761452.38,29216167.2,-2885793.76,False
2025-06-25,Monte Carlo (Student-t),0.99,2020-07-27,1234,28715036.92,41892159.87,-2885793.76,False
2025-06-26,Historical,0.95,2020-07-27,1235,15766664.53,24071706.08,7017422.81,False
2025-06-26,Historical,0.97,2020-07-27,1235,20060425.79,28287282.53,7017422.81,False
2025-06-26,Historical,0.99,2020-07-27,1235,30245681.77,36876960.09,7017422.81,False
2025-06-26,Parametric (Normal),0.95,2020-07-27,1235,16476108.06,20862947.96,7017422.81,False
2025-06-26,Parametric (Normal),0.97,2020-07-27,1235,18953093.06,23018811.56,7017422.81,False
2025-06-26,Parametric (Normal),0.99,2020-07-27,1235,23630686.18,27188230.15,7017422.81,False
2025-06-26,Monte Carlo (Student-t),0.95,2020-07-27,1235,15195194.67,23349893.16,7017422.81,False
2025-06-26,Monte Carlo (Student-t),0.97,2020-07-27,1235,18712906.38,27767742.47,7017422.81,False
2025-06-26,Monte Carlo (Student-t),0.99,2020-07-27,1235,27615045.86,38649959.86,7017422.81,False
2025-06-27,Historical,0.95,2020-07-27,1236,15758882.38,24071706.08,4530083.44,False
2025-06-27,Historical,0.97,2020-07-27,1236,20045443.84,28287282.53,4530083.44,False
2025-06-27,Historical,0.99,2020-07-27,1236,30245005.78,36876960.09,4530083.44,False
2025-06-27,Parametric (Normal),0.95,2020-07-27,1236,16466535.89,20852223.57,4530083.44,False
2025-06-27,Parametric (Normal),0.97,2020-07-27,1236,18942870.3,23007520.92,4530083.44,False
2025-06-27,Parametric (Normal),0.99,2020-07-27,1236,23619234.84,27175844.41,4530083.44,False
2025-06-27,Monte Carlo (Student-t),0.95,2020-07-27,1236,14898641.49,23024577.64,4530083.44,False
2025-06-27,Monte Carlo (Student-t),0.97,2020-07-27,1236,18737847.56,27354522.03,4530083.44,False
2025-06-27,Monte Carlo (Student-t),0.99,2020-07-27,1236,26939403.34,38379028.36,4530083.44,False
2025-06-30,Historical,0.95,2020-07-30,1234,15774446.68,24071706.08,5903462.17,False
2025-06-30,Historical,0.97,2020-07-30,1234,20071552.03,28509360.07,5903462.17,False
2025-06-30,Historical,0.99,2020-07-30,1234,30246357.77,36876960.09,5903462.17,False
2025-06-30,Parametric (Normal),0.95,2020-07-30,1234,16474472.66,20860701.55,5903462.17,False
2025-06-30,Parametric (Normal),0.97,2020-07-30,1234,18951112.66,23016264.88,5903462.17,False
2025-06-30,Parametric (Normal),0.99,2020-07-30,1234,23628054.28,27185102.75,5903462.17,False
2025-06-30,Monte Carlo (Student-t),0.95,2020-07-30,1234,15630707.6,23213234.86,5903462.17,False
2025-06-30,Monte Carlo (Student-t),0.97,2020-07-30,1234,19094703.63,27220436.57,5903462.17,False
2025-06-30,Monte Carlo (Student-t),0.99,2020-07-30,1234,27327796.64,36103034.47,5903462.17,False
2025-07-01,Historical,0.95,2020-08-03,1233,15782228.83,24071706.08,4527029.51,False
2025-07-01,Historical,0.97,2020-08-03,1233,20074966.88,28509360.07,4527029.51,False
2025-07-01,Historical,0.99,2020-08-03,1233,30247033.77,36876960.09,4527029.51,False
2025-07-01,Parametric (Normal),0.95,2020-08-03,1233,16467980.21,20855553.24,4527029.51,False
2025-07-01,Parametric (Normal),0.97,2020-08-03,1233,18945379.17,23011777.13,4527029.51,False
2025-07-01,Parametric (Normal),0.99,2020-08-03,1233,23623754.01,27181892.52,4527029.51,False
2025-07-01,Monte Carlo (Student-t),0.95,2020-08-03,1233,15300936.39,23202241.48,4527029.51,False
2025-07-01,Monte Carlo (Student-t),0.97,2020-08-03,1233,18826464.49,27535306.91,4527029.51,False
2025-07-01,Monte Carlo (Student-t),0.99,2020-08-03,1233,26894073.89,38724751.69,4527029.51,False
2025-07-02,Historical,0.95,2020-08-03,1234,15774446.68,24071706.08,776834.39,False
2025-07-02,Historical,0.97,2020-08-03,1234,20071552.03,28509360.07,776834.39,False
2025-07-02,Historical,0.99,2020-08-03,1234,30246357.77,36876960.09,776834.39,False
2025-07-02,Parametric (Normal),0.95,2020-08-03,1234,16458837.89,20844855.01,776834.39,False
2025-07-02,Parametric (Normal),0.97,2020-08-03,1234,18935358.32,23000314.27,776834.39,False
2025-07-02,Parametric (Normal),0.99,2020-08-03,1234,23612074.14,27168950.87,776834.39,False
2025-07-02,Monte Carlo (Student-t),0.95,2020-08-03,1234,14483395.51,24001955.9,776834.39,False
2025-07-02,Monte Carlo (Student-t),0.97,2020-08-03,1234,18378207.31,29239006.04,776834.39,False
2025-07-02,Monte Carlo (Student-t),0.99,2020-08-03,1234,27513283.93,43412924.36,776834.39,False
2025-07-03,Historical,0.95,2020-08-03,1235,15766664.53,24071706.08,6984559.47,False
2025-07-03,Historical,0.97,2020-08-03,1235,20060425.79,28287282.53,6984559.47,False
2025-07-03,Historical,0.99,2020-08-03,1235,30245681.77,36876960.09,6984559.47,False
2025-07-03,Parametric (Normal),0.95,2020-08-03,1235,16451864.74,20836104.37,6984559.47,False
2025-07-03,Parametric (Normal),0.97,2020-08-03,1235,18927381.53,22990690.09,6984559.47,False
2025-07-03,Parametric (Normal),0.99,2020-08-03,1235,23602202.04,27157637.29,6984559.47,False
2025-07-03,Monte Carlo (Student-t),0.95,2020-08-03,1235,15446628.03,23533237.26,6984559.47,False
2025-07-03,Monte Carlo (Student-t),0.97,2020-08-03,1235,19236442.75,27682236.54,6984559.47,False
2025-07-03,Monte Carlo (Student-t),0.99,2020-08-03,1235,26932490.73,38001180.79,6984559.47,False
2025-07-07,Historical,0.95,2020-08-07,1232,15790010.98,24071706.08,-8078934.78,False
2025-07-07,Historical,0.97,2020-08-07,1232,20078381.74,28509360.07,-8078934.78,False
2025-07-07,Historical,0.99,2020-08-07,1232,30247709.77,36876960.09,-8078934.78,False
2025-07-07,Parametric (Normal),0.95,2020-08-07,1232,16479368.7,20868324.72,-8078934.78,False
2025-07-07,Parametric (Normal),0.97,2020-08-07,1232,18957548.55,23025228.26,-8078934.78,False
2025-07-07,Parametric (Normal),0.99,2020-08-07,1232,23637398.04,27196658.1,-8078934.78,False
2025-07-07,Monte Carlo (Student-t),0.95,2020-08-07,1232,14855166.62,22679295.18,-8078934.78,False
2025-07-07,Monte Carlo (Student-t),0.97,2020-08-07,1232,18337238.67,26803663.9,-8078934.78,False
2025-07-07,Monte Carlo (Student-t),0.99,2020-08-07,1232,26575959.65,36762049.13,-8078934.78,False
2025-07-08,Historical,0.95,2020-08-10,1232,15790010.98,24071706.08,1402853.07,False
2025-07-08,Historical,0.97,2020-08-10,1232,20078381.74,28509360.07,1402853.07,False
2025-07-08,Historical,0.99,2020-08-10,1232,30247709.77,36876960.09,1402853.07,False
2025-07-08,Parametric (Normal),0.95,2020-08-10,1232,16493469.83,20883544.5,1402853.07,False
2025-07-08,Parametric (Normal),0.97,2020-08-10,1232,18972281.31,23040997.8,1402853.07,False
2025-07-08,Parametric (Normal),0.99,2020-08-10,1232,23653323.61,27213490.84,1402853.07,False
2025-07-08,Monte Carlo (Student-t),0.95,2020-08-10,1232,14659823.7,22265166.4,1402853.07,False
2025-07-08,Monte Carlo (Student-t),0.97,2020-08-10,1232,17974763.78,26389352.84,1402853.07,False
2025-07-08,Monte Carlo (Student-t),0.99,2020-08-10,1232,25934833.39,37134349.58,1402853.07,False
2025-07-09,Historical,0.95,2020-08-10,1233,15782228.83,24071706.08,1656709.69,False
2025-07-09,Historical,0.97,2020-08-10,1233,20074966.88,28509360.07,1656709.69,False
2025-07-09,Historical,0.99,2020-08-10,1233,30247033.77,36876960.09,1656709.69,False
2025-07-09,Parametric (Normal),0.95,2020-08-10,1233,16485980.02,20874278.75,1656709.69,False
2025-07-09,Parametric (Normal),0.97,2020-08-10,1233,18963788.74,23030859.28,1656709.69,False
2025-07-09,Parametric (Normal),0.99,2020-08-10,1233,23642937.39,27201664.41,1656709.69,False
2025-07-09,Monte Carlo (Student-t),0.95,2020-08-10,1233,15203286.49,24121180.64,1656709.69,False
2025-07-09,Monte Carlo (Student-t),0.97,2020-08-10,1233,19080984.66,28918563.25,1656709.69,False
2025-07-09,Monte Carlo (Student-t),0.99,2020-08-10,1233,29317545.72,41349671.08,1656709.69,False
2025-07-10,Historical,0.95,2020-08-10,1234,15774446.68,24071706.08,3644152.85,False
2025-07-10,Historical,0.97,2020-08-10,1234,20071552.03,28509360.07,3644152.85,False
2025-07-10,Historical,0.99,2020-08-10,1234,30246357.77,36876960.09,3644152.85,False
2025-07-10,Parametric (Normal),0.95,2020-08-10,1234,16478317.69,20864848.71,3644152.85,False
2025-07-10,Parametric (Normal),0.97,2020-08-10,1234,18955128.28,23020560.51,3644152.85,False
2025-07-10,Parametric (Normal),0.99,2020-08-10,1234,23632392.06,27189685.54,3644152.85,False
2025-07-10,Monte Carlo (Student-t),0.95,2020-08-10,1234,15052497.21,23694045.31,3644152.85,False
2025-07-10,Monte Carlo (Student-t),0.97,2020-08-10,1234,19067485.49,28303351.15,3644152.85,False
2025-07-10,Monte Carlo (Student-t),0.99,2020-08-10,1234,27292224.23,39992676.06,3644152.85,False
2025-07-11,Historical,0.95,2020-08-11,1234,15774446.68,24071706.08,-6604485.6,False
2025-07-11,Historical,0.97,2020-08-11,1234,20071552.03,28509360.07,-6604485.6,False
2025-07-11,Historical,0.99,2020-08-11,1234,30246357.77,36876960.09,-6604485.6,False
2025-07-11,Parametric (Normal),0.95,2020-08-11,1234,16477672.51,20864292.34,-6604485.6,False
2025-07-11,Parametric (Normal),0.97,2020-08-11,1234,18954533.25,23020047.8,-6604485.6,False
2025-07-11,Parametric (Normal),0.99,2020-08-11,1234,23631891.73,27189257.23,-6604485.6,False
2025-07-11,Monte Carlo (Student-t),0.95,2020-08-11,1234,14910125.55,22991154.21,-6604485.6,False
2025-07-11,Monte Carlo (Student-t),0.97,2020-08-11,1234,18681117.36,27257390.45,-6604485.6,False
2025-07-11,Monte Carlo (Student-t),0.99,2020-08-11,1234,27061534.09,38044162.9,-6604485.6,False
2025-07-14,Historical,0.95,2020-08-14,1232,15790010.98,24071706.08,1023509.7,False
2025-07-14,Historical,0.97,2020-08-14,1232,20078381.74,28509360.07,1023509.7,False
2025-07-14,Historical,0.99,2020-08-14,1232,30247709.77,36876960.09,1023509.7,False
2025-07-14,Parametric (Normal),0.95,2020-08-14,1232,16489269.48,20876721.96,1023509.7,False
2025-07-14,Parametric (Normal),0.97,2020-08-14,1232,18966600.37,23032886.61,1023509.7,False
2025-07-14,Parametric (Normal),0.99,2020-08-14,1232,23644846.67,27202887.42,1023509.7,False
2025-07-14,Monte Carlo (Student-t),0.95,2020-08-14,1232,15173006.13,23106405.94,1023509.7,False
2025-07-14,Monte Carlo (Student-t),0.97,2020-08-14,1232,18582824.71,27355754.35,1023509.7,False
2025-07-14,Monte Carlo (Student-t),0.99,2020-08-14,1232,27540424.83,37836819.9,1023509.7,False
2025-07-15,Historical,0.95,2020-08-17,1232,15790010.98,24071706.08,-8919388.68,False
2025-07-15,Historical,0.97,2020-08-17,1232,20078381.74,28509360.07,-8919388.68,False
2025-07-15,Historical,0.99,2020-08-17,1232,30247709.77,36876960.09,-8919388.68,False
2025-07-15,Parametric (Normal),0.95,2020-08-17,1232,16487688.19,20875103.85,-8919388.68,False
2025-07-15,Parametric (Normal),0.97,2020-08-17,1232,18964998.29,23031250.4,-8919388.68,False
2025-07-15,Parametric (Normal),0.99,2020-08-17,1232,23643205.34,27201216.23,-8919388.68,False
2025-07-15,Monte Carlo (Student-t),0.95,2020-08-17,1232,15116354.84,22472304.47,-8919388.68,False
2025-07-15,Monte Carlo (Student-t),0.97,2020-08-17,1232,18371881.05,26430448.62,-8919388.68,False
2025-07-15,Monte Carlo (Student-t),0.99,2020-08-17,1232,26884269.11,36251263.38,-8919388.68,False
2025-07-16,Historical,0.95,2020-08-17,1233,15782228.83,24071706.08,4792583.54,False
2025-07-16,Historical,0.97,2020-08-17,1233,20074966.88,28509360.07,4792583.54,False
2025-07-16,Historical,0.99,2020-08-17,1233,30247033.77,36876960.09,4792583.54,False
2025-07-16,Parametric (Normal),0.95,2020-08-17,1233,16494527.8,20881682.01,4792583.54,False
2025-07-16,Parametric (Normal),0.97,2020-08-17,1233,18971690.27,23037700.07,4792583.54,False
2025-07-16,Parametric (Normal),0.99,2020-08-17,1233,23649618.54,27207417.4,4792583.54,False
2025-07-16,Monte Carlo (Student-t),0.95,2020-08-17,1233,15084311.1,22944366.75,4792583.54,False
2025-07-16,Monte Carlo (Student-t),0.97,2020-08-17,1233,18218563.72,27222293.16,4792583.54,False
2025-07-16,Monte Carlo (Student-t),0.99,2020-08-17,1233,26708075.86,38120065.34,4792583.54,False
2025-07-17,Historical,0.95,2020-08-17,1234,15774446.68,24071706.08,2455868.99,False
2025-07-17,Historical,0.97,2020-08-17,1234,20071552.03,28509360.07,2455868.99,False
2025-07-17,Historical,0.99,2020-08-17,1234,30246357.77,36876960.09,2455868.99,False
2025-07-17,Parametric (Normal),0.95,2020-08-17,1234,16485292.59,20870927.77,2455868.99,False
2025-07-17,Parametric (Normal),0.97,2020-08-17,1234,18961597.36,23026199.32,2455868.99,False
2025-07-17,Parametric (Normal),0.99,2020-08-17,1234,23637905.92,27194472.91,2455868.99,False
2025-07-17,Monte Carlo (Student-t),0.95,2020-08-17,1234,15210860.45,23472085.25,2455868.99,False
2025-07-17,Monte Carlo (Student-t),0.97,2020-08-17,1234,18899683.72,27849601.06,2455868.99,False
2025-07-17,Monte Carlo (Student-t),0.99,2020-08-17,1234,27028909.87,38526238.86,2455868.99,False
2025-07-18,Historical,0.95,2020-08-18,1234,15774446.68,24071706.08,-3066349.79,False
2025-07-18,Historical,0.97,2020-08-18,1234,20071552.03,28509360.07,-3066349.79,False
2025-07-18,Historical,0.99,2020-08-18,1234,30246357.77,36876960.09,-3066349.79,False
2025-07-18,Parametric (Normal),0.95,2020-08-18,1234,16485711.13,20871295.58,-3066349.79,False
2025-07-18,Parametric (Normal),0.97,2020-08-18,1234,18961987.25,23026542.2,-3066349.79,False
2025-07-18,Parametric (Normal),0.99,2020-08-18,1234,23638241.72,27194767.57,-3066349.79,False
2025-07-18,Monte Carlo (Student-t),0.95,2020-08-18,1234,15178790.71,23212401.88,-3066349.79,False
2025-07-18,Monte Carlo (Student-t),0.97,2020-08-18,1234,18312076.59,27570283.99,-3066349.79,False
2025-07-18,Monte Carlo (Student-t),0.99,2020-08-18,1234,27354002.33,38540987.19,-3066349.79,False
2025-07-21,Historical,0.95,2020-08-21,1232,15790010.98,24071706.08,938942.62,False
2025-07-21,Historical,0.97,2020-08-21,1232,20078381.74,28509360.07,938942.62,False
2025-07-21,Historical,0.99,2020-08-21,1232,30247709.77,36876960.09,938942.62,False
2025-07-21,Parametric (Normal),0.95,2020-08-21,1232,16496694.18,20885671.42,938942.62,False
2025-07-21,Parametric (Normal),0.97,2020-08-21,1232,18974886.01,23042585.39,938942.62,False
2025-07-21,Parametric (Normal),0.99,2020-08-21,1232,23654758.13,27214035.39,938942.62,False
2025-07-21,Monte Carlo (Student-t),0.95,2020-08-21,1232,15005786.97,22635338.2,938942.62,False
2025-07-21,Monte Carlo (Student-t),0.97,2020-08-21,1232,18272566.87,26663125.15,938942.62,False
2025-07-21,Monte Carlo (Student-t),0.99,2020-08-21,1232,25646033.64,37854096.2,938942.62,False
2025-07-22,Historical,0.95,2020-08-24,1232,15790010.98,24071706.08,3326151.74,False
2025-07-22,Historical,0.97,2020-08-24,1232,20078381.74,28509360.07,3326151.74,False
2025-07-22,Historical,0.99,2020-08-24,1232,30247709.77,36876960.09,3326151.74,False
2025-07-22,Parametric (Normal),0.95,2020-08-24,1232,16497061.86,20886032.84,3326151.74,False
2025-07-22,Parametric (Normal),0.97,2020-08-24,1232,18975250.15,23042943.73,3326151.74,False
2025-07-22,Parametric (Normal),0.99,2020-08-24,1232,23655115.6,27214387.78,3326151.74,False
2025-07-22,Monte Carlo (Student-t),0.95,2020-08-24,1232,15701893.64,23067200.96,3326151.74,False
2025-07-22,Monte Carlo (Student-t),0.97,2020-08-24,1232,19035071.69,26951442.12,3326151.74,False
2025-07-22,Monte Carlo (Student-t),0.99,2020-08-24,1232,27025569.65,36187094.53,3326151.74,False
2025-07-23,Historical,0.95,2020-08-24,1233,15782228.83,24071706.08,6840379.33,False
2025-07-23,Historical,0.97,2020-08-24,1233,20074966.88,28509360.07,6840379.33,False
2025-07-23,Historical,0.99,2020-08-24,1233,30247033.77,36876960.09,6840379.33,False
2025-07-23,Parametric (Normal),0.95,2020-08-24,1233,16488395.46,20875689.49,6840379.33,False
2025-07-23,Parametric (Normal),0.97,2020-08-24,1233,18965636.88,23031776.27,6840379.33,False
2025-07-23,Parametric (Normal),0.99,2020-08-24,1233,23643714.24,27201626.5,6840379.33,False
2025-07-23,Monte Carlo (Student-t),0.95,2020-08-24,1233,14906766.4,22869573.88,6840379.33,False
2025-07-23,Monte Carlo (Student-t),0.97,2020-08-24,1233,18594398.54,27023337.32,6840379.33,False
2025-07-23,Monte Carlo (Student-t),0.99,2020-08-24,1233,26650144.14,37739058.36,6840379.33,False
2025-07-24,Historical,0.95,2020-08-24,1234,15774446.68,24071706.08,-2032242.83,False
2025-07-24,Historical,0.97,2020-08-24,1234,20071552.03,28509360.07,-2032242.83,False
2025-07-24,Historical,0.99,2020-08-24,1234,30246357.77,36876960.09,-2032242.83,False
2025-07-24,Parametric (Normal),0.95,2020-08-24,1234,16478811.84,20864918.55,-2032242.83,False
2025-07-24,Parametric (Normal),0.97,2020-08-24,1234,18955382.85,23020421.83,-2032242.83,False
2025-07-24,Parametric (Normal),0.99,2020-08-24,1234,23632194.19,27189143.56,-2032242.83,False
2025-07-24,Monte Carlo (Student-t),0.95,2020-08-24,1234,15346208.95,23461952.22,-2032242.83,False
2025-07-24,Monte Carlo (Student-t),0.97,2020-08-24,1234,19112455.69,27716965.74,-2032242.83,False
2025-07-24,Monte Carlo (Student-t),0.99,2020-08-24,1234,26055314.48,38785307.04,-2032242.83,False
2025-07-25,Historical,0.95,2020-08-25,1234,15774446.68,24071706.08,2798334.06,False
2025-07-25,Historical,0.97,2020-08-25,1234,20071552.03,28509360.07,2798334.06,False
2025-07-25,Historical,0.99,2020-08-25,1234,30246357.77,36876960.09,2798334.06,False
2025-07-25,Parametric (Normal),0.95,2020-08-25,1234,16483759.12,20868701.77,2798334.06,False
2025-07-25,Parametric (Normal),0.97,2020-08-25,1234,18959672.86,23023632.99,2798334.06,False
2025-07-25,Parametric (Normal),0.99,2020-08-25,1234,23635242.99,27191248.37,2798334.06,False
2025-07-25,Monte Carlo (Student-t),0.95,2020-08-25,1234,14726808.83,22526967.73,2798334.06,False
2025-07-25,Monte Carlo (Student-t),0.97,2020-08-25,1234,18312106.7,26561871.42,2798334.06,False
2025-07-25,Monte Carlo (Student-t),0.99,2020-08-25,1234,26360719.35,36604171.26,2798334.06,False
2025-07-28,Historical,0.95,2020-08-28,1232,15790010.98,24071706.08,-2224437.34,False
2025-07-28,Historical,0.97,2020-08-28,1232,20078381.74,28509360.07,-2224437.34,False
2025-07-28,Historical,0.99,2020-08-28,1232,30247709.77,36876960.09,-2224437.34,False
2025-07-28,Parametric (Normal),0.95,2020-08-28,1232,16502803.2,20889975.93,-2224437.34,False
2025-07-28,Parametric (Normal),0.97,2020-08-28,1232,18979976.13,23046003.1,-2224437.34,False
2025-07-28,Parametric (Normal),0.99,2020-08-28,1232,23657924.15,27215738.03,-2224437.34,False
2025-07-28,Monte Carlo (Student-t),0.95,2020-08-28,1232,15187354.95,22016289.89,-2224437.34,False
2025-07-28,Monte Carlo (Student-t),0.97,2020-08-28,1232,18430762.13,25560817.34,-2224437.34,False
2025-07-28,Monte Carlo (Student-t),0.99,2020-08-28,1232,25947699.18,33939907.63,-2224437.34,False
2025-07-29,Historical,0.95,2020-08-31,1232,15790010.98,24071706.08,-1657443.22,False
2025-07-29,Historical,0.97,2020-08-31,1232,20078381.74,28509360.07,-1657443.22,False
2025-07-29,Historical,0.99,2020-08-31,1232,30247709.77,36876960.09,-1657443.22,False
2025-07-29,Parametric (Normal),0.95,2020-08-31,1232,16508360.71,20894889.71,-1657443.22,False
2025-07-29,Parametric (Normal),0.97,2020-08-31,1232,18985170.16,23050600.52,-1657443.22,False
2025-07-29,Parametric (Normal),0.99,2020-08-31,1232,23662431.78,27219723.62,-1657443.22,False
2025-07-29,Monte Carlo (Student-t),0.95,2020-08-31,1232,14879725.72,22718344.13,-1657443.22,False
2025-07-29,Monte Carlo (Student-t),0.97,2020-08-31,1232,18543571.32,26859665.95,-1657443.22,False
2025-07-29,Monte Carlo (Student-t),0.99,2020-08-31,1232,26623663.62,36987903.91,-1657443.22,False
2025-07-30,Historical,0.95,2020-08-31,1233,15782228.83,24071706.08,-2822808.09,False
2025-07-30,Historical,0.97,2020-08-31,1233,20074966.88,28509360.07,-2822808.09,False
2025-07-30,Historical,0.99,2020-08-31,1233,30247033.77,36876960.09,-2822808.09,False
2025-07-30,Parametric (Normal),0.95,2020-08-31,1233,16503682.19,20888524.84,-2822808.09,False
2025-07-30,Parametric (Normal),0.97,2020-08-31,1233,18979539.47,23043406.92,-2822808.09,False
2025-07-30,Parametric (Normal),0.99,2020-08-31,1233,23655002.97,27210927.26,-2822808.09,False
2025-07-30,Monte Carlo (Student-t),0.95,2020-08-31,1233,15206946.92,23062271.77,-2822808.09,False
2025-07-30,Monte Carlo (Student-t),0.97,2020-08-31,1233,18405312.86,27319926.3,-2822808.09,False
2025-07-30,Monte Carlo (Student-t),0.99,2020-08-31,1233,27012653.65,38214634.31,-2822808.09,False
2025-07-31,Historical,0.95,2020-08-31,1234,15774446.68,24071706.08,-13095194.98,False
2025-07-31,Historical,0.97,2020-08-31,1234,20071552.03,28509360.07,-13095194.98,False
2025-07-31,Historical,0.99,2020-08-31,1234,30246357.77,36876960.09,-13095194.98,False
2025-07-31,Parametric (Normal),0.95,2020-08-31,1234,16500396.28,20883667.27,-13095194.98,False
2025-07-31,Parametric (Normal),0.97,2020-08-31,1234,18975366.13,23037776.97,-13095194.98,False
2025-07-31,Parametric (Normal),0.99,2020-08-31,1234,23649153.8,27203803.54,-13095194.98,False
2025-07-31,Monte Carlo (Student-t),0.95,2020-08-31,1234,14960653.69,22403628.45,-13095194.98,False
2025-07-31,Monte Carlo (Student-t),0.97,2020-08-31,1234,18191477.83,26408975.46,-13095194.98,False
2025-07-31,Monte Carlo (Student-t),0.99,2020-08-31,1234,27057257.69,36238218.24,-13095194.98,False
2025-08-01,Historical,0.95,2020-09-01,1234,15774446.68,24071706.08,-10910486.32,False
2025-08-01,Historical,0.97,2020-09-01,1234,20071552.03,28509360.07,-10910486.32,False
2025-08-01,Historical,0.99,2020-09-01,1234,30246357.77,36876960.09,-10910486.32,False
2025-08-01,Parametric (Normal),0.95,2020-09-01,1234,16520342.59,20906525.06,-10910486.32,False
2025-08-01,Parametric (Normal),0.97,2020-09-01,1234,18996956.38,23062065.58,-10910486.32,False
2025-08-01,Parametric (Normal),0.99,2020-09-01,1234,23673848.5,27230859.33,-10910486.32,False
2025-08-01,Monte Carlo (Student-t),0.95,2020-09-01,1234,15887487.99,23796907.61,-10910486.32,False
2025-08-01,Monte Carlo (Student-t),0.97,2020-09-01,1234,19513783.36,27958567.48,-10910486.32,False
2025-08-01,Monte Carlo (Student-t),0.99,2020-09-01,1234,27745996.54,38072609.38,-10910486.32,False
2025-08-04,Historical,0.95,2020-09-04,1232,15704293.01,23838140.05,11045094.68,False
2025-08-04,Historical,0.97,2020-09-04,1232,19605973.46,28235558.66,11045094.68,False
2025-08-04,Historical,0.99,2020-09-04,1232,30127183.55,36876960.09,11045094.68,False
2025-08-04,Parametric (Normal),0.95,2020-09-04,1232,16464301.81,20836146.0,11045094.68,False
2025-08-04,Parametric (Normal),0.97,2020-09-04,1232,18932819.64,22984640.12,11045094.68,False
2025-08-04,Parametric (Normal),0.99,2020-09-04,1232,23594423.15,27139806.23,11045094.68,False
2025-08-04,Monte Carlo (Student-t),0.95,2020-09-04,1232,15296735.44,23207743.71,11045094.68,False
2025-08-04,Monte Carlo (Student-t),0.97,2020-09-04,1232,18346245.09,27546808.76,11045094.68,False
2025-08-04,Monte Carlo (Student-t),0.99,2020-09-04,1232,27089916.58,38420695.35,11045094.68,False
2025-08-05,Historical,0.95,2020-09-08,1232,15704293.01,23838140.05,-4808164.61,False
2025-08-05,Historical,0.97,2020-09-08,1232,19605973.46,28235558.66,-4808164.61,False
2025-08-05,Historical,0.99,2020-09-08,1232,30127183.55,36876960.09,-4808164.61,False
2025-08-05,Parametric (Normal),0.95,2020-09-08,1232,16454885.97,20827782.35,-4808164.61,False
2025-08-05,Parametric (Normal),0.97,2020-09-08,1232,18923997.9,22976793.56,-4808164.61,False
2025-08-05,Parametric (Normal),0.99,2020-09-08,1232,23586723.35,27132959.7,-4808164.61,False
2025-08-05,Monte Carlo (Student-t),0.95,2020-09-08,1232,15425857.31,22579851.81,-4808164.61,False
2025-08-05,Monte Carlo (Student-t),0.97,2020-09-08,1232,18465958.65,26387067.27,-4808164.61,False
2025-08-05,Monte Carlo (Student-t),0.99,2020-09-08,1232,26011578.25,36200214.25,-4808164.61,False
2025-08-06,Historical,0.95,2020-09-08,1233,15702867.68,23838140.05,3667140.64,False
2025-08-06,Historical,0.97,2020-09-08,1233,19590991.51,28235558.66,3667140.64,False
2025-08-06,Historical,0.99,2020-09-08,1233,30122619.61,36876960.09,3667140.64,False
2025-08-06,Parametric (Normal),0.95,2020-09-08,1233,16454389.11,20826012.34,3667140.64,False
2025-08-06,Parametric (Normal),0.97,2020-09-08,1233,18922782.17,22974397.88,3667140.64,False
2025-08-06,Parametric (Normal),0.99,2020-09-08,1233,23584150.09,27129353.97,3667140.64,False
2025-08-06,Monte Carlo (Student-t),0.95,2020-09-08,1233,15384305.65,23257789.96,3667140.64,False
2025-08-06,Monte Carlo (Student-t),0.97,2020-09-08,1233,18881883.46,27443928.09,3667140.64,False
2025-08-06,Monte Carlo (Student-t),0.99,2020-09-08,1233,27137126.67,37818189.99,3667140.64,False
2025-08-07,Historical,0.95,2020-09-08,1234,15701442.35,23838140.05,-1430886.98,False
2025-08-07,Historical,0.97,2020-09-08,1234,19576009.57,28235558.66,-1430886.98,False
2025-08-07,Historical,0.99,2020-09-08,1234,30118055.67,36876960.09,-1430886.98,False
2025-08-07,Parametric (Normal),0.95,2020-09-08,1234,16445589.54,20815577.04,-1430886.98,False
2025-08-07,Parametric (Normal),0.97,2020-09-08,1234,18913059.0,22963158.72,-1430886.98,False
2025-08-07,Parametric (Normal),0.99,2020-09-08,1234,23572682.78,27116560.16,-1430886.98,False
2025-08-07,Monte Carlo (Student-t),0.95,2020-09-08,1234,14817748.86,22628166.49,-1430886.98,False
2025-08-07,Monte Carlo (Student-t),0.97,2020-09-08,1234,17908825.94,26850257.89,-1430886.98,False
2025-08-07,Monte Carlo (Student-t),0.99,2020-09-08,1234,26394604.35,37779813.91,-1430886.98,False
2025-08-08,Historical,0.95,2020-09-08,1235,15700017.02,23838140.05,7113242.29,False
2025-08-08,Historical,0.97,2020-09-08,1235,19559844.14,28007544.37,7113242.29,False
2025-08-08,Historical,0.99,2020-09-08,1235,30113491.72,36876960.09,7113242.29,False
2025-08-08,Parametric (Normal),0.95,2020-09-08,1235,16440693.93,20808987.83,7113242.29,False
2025-08-08,Parametric (Normal),0.97,2020-09-08,1235,18907207.12,22955737.21,7113242.29,False
2025-08-08,Parametric (Normal),0.99,2020-09-08,1235,23565025.05,27107528.99,7113242.29,False
2025-08-08,Monte Carlo (Student-t),0.95,2020-09-08,1235,15017543.09,22700474.29,7113242.29,False
2025-08-08,Monte Carlo (Student-t),0.97,2020-09-08,1235,18504387.94,26802179.19,7113242.29,False
2025-08-08,Monte Carlo (Student-t),0.99,2020-09-08,1235,26919882.13,37074395.52,7113242.29,False
2025-08-11,Historical,0.95,2020-09-11,1233,15611182.67,23682114.27,-1627369.74,False
2025-08-11,Historical,0.97,2020-09-11,1233,19034786.03,28078962.78,-1627369.74,False
2025-08-11,Historical,0.99,2020-09-11,1233,30122619.61,36876960.09,-1627369.74,False
2025-08-11,Parametric (Normal),0.95,2020-09-11,1233,16355973.65,20709074.37,-1627369.74,False
2025-08-11,Parametric (Normal),0.97,2020-09-11,1233,18813908.16,22848357.24,-1627369.74,False
2025-08-11,Parametric (Normal),0.99,2020-09-11,1233,23455525.94,26985708.85,-1627369.74,False
2025-08-11,Monte Carlo (Student-t),0.95,2020-09-11,1233,14884777.14,22797995.23,-1627369.74,False
2025-08-11,Monte Carlo (Student-t),0.97,2020-09-11,1233,18105701.47,27079327.29,-1627369.74,False
2025-08-11,Monte Carlo (Student-t),0.99,2020-09-11,1233,26792298.34,38406745.29,-1627369.74,False
2025-08-12,Historical,0.95,2020-09-14,1233,15611182.67,23682114.27,11749557.85,False
2025-08-12,Historical,0.97,2020-09-14,1233,19034786.03,28078962.78,11749557.85,False
2025-08-12,Historical,0.99,2020-09-14,1233,30122619.61,36876960.09,11749557.85,False
2025-08-12,Parametric (Normal),0.95,2020-09-14,1233,16359994.14,20713074.64,11749557.85,False
2025-08-12,Parametric (Normal),0.97,2020-09-14,1233,18817917.23,22852347.56,11749557.85,False
2025-08-12,Parametric (Normal),0.99,2020-09-14,1233,23459513.44,26989679.94,11749557.85,False
2025-08-12,Monte Carlo (Student-t),0.95,2020-09-14,1233,14994411.06,22899664.9,11749557.85,False
2025-08-12,Monte Carlo (Student-t),0.97,2020-09-14,1233,18604361.36,27074866.04,11749557.85,False
2025-08-12,Monte Carlo (Student-t),0.99,2020-09-14,1233,26484080.31,37925382.68,11749557.85,False
2025-08-13,Historical,0.95,2020-09-14,1234,15604492.47,23682114.27,6864864.9,False
2025-08-13,Historical,0.97,2020-09-14,1234,19018028.86,28078962.78,6864864.9,False
2025-08-13,Historical,0.99,2020-09-14,1234,30118055.67,36876960.09,6864864.9,False
2025-08-13,Parametric (Normal),0.95,2020-09-14,1234,16351857.04,20705129.61,6864864.9,False
2025-08-13,Parametric (Normal),0.97,2020-09-14,1234,18809888.59,22844496.92,6864864.9,False
2025-08-13,Parametric (Normal),0.99,2020-09-14,1234,23451689.59,26982011.86,6864864.9,False
2025-08-13,Monte Carlo (Student-t),0.95,2020-09-14,1234,15132593.68,22752665.13,6864864.9,False
2025-08-13,Monte Carlo (Student-t),0.97,2020-09-14,1234,18425899.37,26834483.8,6864864.9,False
2025-08-13,Monte Carlo (Student-t),0.99,2020-09-14,1234,26493764.18,37043242.52,6864864.9,False
2025-08-14,Historical,0.95,2020-09-14,1235,15597802.28,23682114.27,-154690.63,False
2025-08-14,Historical,0.97,2020-09-14,1235,19004418.72,27840370.16,-154690.63,False
2025-08-14,Historical,0.99,2020-09-14,1235,30113491.72,36876960.09,-154690.63,False
2025-08-14,Parametric (Normal),0.95,2020-09-14,1235,16342352.94,20694461.86,-154690.63,False
2025-08-14,Parametric (Normal),0.97,2020-09-14,1235,18799727.44,22833257.31,-154690.63,False
2025-08-14,Parametric (Normal),0.99,2020-09-14,1235,23440287.67,26969666.27,-154690.63,False
2025-08-14,Monte Carlo (Student-t),0.95,2020-09-14,1235,14784167.94,23169802.19,-154690.63,False
2025-08-14,Monte Carlo (Student-t),0.97,2020-09-14,1235,18154557.7,27724669.66,-154690.63,False
2025-08-14,Monte Carlo (Student-t),0.99,2020-09-14,1235,27030438.3,39583764.93,-154690.63,False
2025-08-15,Historical,0.95,2020-09-15,1235,15597802.28,23682114.27,-376165.3,False
2025-08-15,Historical,0.97,2020-09-15,1235,19004418.72,27840370.16,-376165.3,False
2025-08-15,Historical,0.99,2020-09-15,1235,30113491.72,36876960.09,-376165.3,False
2025-08-15,Parametric (Normal),0.95,2020-09-15,1235,16341865.05,20690757.98,-376165.3,False
2025-08-15,Parametric (Normal),0.97,2020-09-15,1235,18797423.68,22827972.97,-376165.3,False
2025-08-15,Parametric (Normal),0.99,2020-09-15,1235,23434554.77,26961325.33,-376165.3,False
2025-08-15,Monte Carlo (Student-t),0.95,2020-09-15,1235,14721269.28,22724691.85,-376165.3,False
2025-08-15,Monte Carlo (Student-t),0.97,2020-09-15,1235,17888275.15,27020167.19,-376165.3,False
2025-08-15,Monte Carlo (Student-t),0.99,2020-09-15,1235,26348301.82,38459366.11,-376165.3,False
2025-08-18,Historical,0.95,2020-09-18,1233,15611182.67,23682114.27,837221.86,False
2025-08-18,Historical,0.97,2020-09-18,1233,19034786.03,28078962.78,837221.86,False
2025-08-18,Historical,0.99,2020-09-18,1233,30122619.61,36876960.09,837221.86,False
2025-08-18,Parametric (Normal),0.95,2020-09-18,1233,16349422.11,20700776.32,837221.86,False
2025-08-18,Parametric (Normal),0.97,2020-09-18,1233,18806370.47,22839200.88,837221.86,False
2025-08-18,Parametric (Normal),0.99,2020-09-18,1233,23446125.97,26974892.53,837221.86,False
2025-08-18,Monte Carlo (Student-t),0.95,2020-09-18,1233,15240410.75,23394302.69,837221.86,False
2025-08-18,Monte Carlo (Student-t),0.97,2020-09-18,1233,18798993.86,27707951.15,837221.86,False
2025-08-18,Monte Carlo (Student-t),0.99,2020-09-18,1233,27972239.0,38575851.61,837221.86,False
2025-08-19,Historical,0.95,2020-09-21,1233,15611182.67,23682114.27,1491136.39,False
2025-08-19,Historical,0.97,2020-09-21,1233,19034786.03,28078962.78,1491136.39,False
2025-08-19,Historical,0.99,2020-09-21,1233,30122619.61,36876960.09,1491136.39,False
2025-08-19,Parametric (Normal),0.95,2020-09-21,1233,16337754.53,20687917.8,1491136.39,False
2025-08-19,Parametric (Normal),0.97,2020-09-21,1233,18794030.44,22825757.08,1491136.39,False
2025-08-19,Parametric (Normal),0.99,2020-09-21,1233,23432516.06,26960316.81,1491136.39,False
2025-08-19,Monte Carlo (Student-t),0.95,2020-09-21,1233,15041539.31,23125403.89,1491136.39,False
2025-08-19,Monte Carlo (Student-t),0.97,2020-09-21,1233,18236277.84,27514493.77,1491136.39,False
2025-08-19,Monte Carlo (Student-t),0.99,2020-09-21,1233,28027930.28,38563640.34,1491136.39,False
2025-08-20,Historical,0.95,2020-09-21,1234,15604492.47,23682114.27,1566912.98,False
2025-08-20,Historical,0.97,2020-09-21,1234,19018028.86,28078962.78,1566912.98,False
2025-08-20,Historical,0.99,2020-09-21,1234,30118055.67,36876960.09,1566912.98,False
2025-08-20,Parametric (Normal),0.95,2020-09-21,1234,16330269.65,20678676.59,1566912.98,False
2025-08-20,Parametric (Normal),0.97,2020-09-21,1234,18785553.87,22815652.74,1566912.98,False
2025-08-20,Parametric (Normal),0.99,2020-09-21,1234,23422166.75,26948543.2,1566912.98,False
2025-08-20,Monte Carlo (Student-t),0.95,2020-09-21,1234,14869824.96,22325369.36,1566912.98,False
2025-08-20,Monte Carlo (Student-t),0.97,2020-09-21,1234,18366680.45,26156678.56,1566912.98,False
2025-08-20,Monte Carlo (Student-t),0.99,2020-09-21,1234,26947418.94,34424487.81,1566912.98,False
2025-08-21,Historical,0.95,2020-09-21,1235,15597802.28,23682114.27,-4093705.37,False
2025-08-21,Historical,0.97,2020-09-21,1235,19004418.72,27840370.16,-4093705.37,False
2025-08-21,Historical,0.99,2020-09-21,1235,30113491.72,36876960.09,-4093705.37,False
2025-08-21,Parametric (Normal),0.95,2020-09-21,1235,16322739.91,20669394.47,-4093705.37,False
2025-08-21,Parametric (Normal),0.97,2020-09-21,1235,18777034.67,22805509.44,-4093705.37,False
2025-08-21,Parametric (Normal),0.99,2020-09-21,1235,23411779.03,26936734.37,-4093705.37,False
2025-08-21,Monte Carlo (Student-t),0.95,2020-09-21,1235,14592225.82,21908786.75,-4093705.37,False
2025-08-21,Monte Carlo (Student-t),0.97,2020-09-21,1235,17747815.86,25830971.82,-4093705.37,False
2025-08-21,Monte Carlo (Student-t),0.99,2020-09-21,1235,25400163.69,35614661.72,-4093705.37,False
2025-08-22,Historical,0.95,2020-09-22,1235,15597802.28,23682114.27,12174406.71,False
2025-08-22,Historical,0.97,2020-09-22,1235,19004418.72,27840370.16,12174406.71,False
2025-08-22,Historical,0.99,2020-09-22,1235,30113491.72,36876960.09,12174406.71,False
2025-08-22,Parametric (Normal),0.95,2020-09-22,1235,16303692.59,20647433.14,12174406.71,False
2025-08-22,Parametric (Normal),0.97,2020-09-22,1235,18756341.98,22782116.04,12174406.71,False
2025-08-22,Parametric (Normal),0.99,2020-09-22,1235,23387979.19,26910571.38,12174406.71,False
2025-08-22,Monte Carlo (Student-t),0.95,2020-09-22,1235,14446136.86,22104124.54,12174406.71,False
2025-08-22,Monte Carlo (Student-t),0.97,2020-09-22,1235,17783661.59,26183845.33,12174406.71,False
2025-08-22,Monte Carlo (Student-t),0.99,2020-09-22,1235,25718629.08,36621098.19,12174406.71,False
2025-08-25,Historical,0.95,2020-09-25,1233,15537236.44,23589628.02,-7566369.7,False
2025-08-25,Historical,0.97,2020-09-25,1233,18627271.49,28017358.3,-7566369.7,False
2025-08-25,Historical,0.99,2020-09-25,1233,30122619.61,36876960.09,-7566369.7,False
2025-08-25,Parametric (Normal),0.95,2020-09-25,1233,16269845.65,20611040.46,-7566369.7,False
2025-08-25,Parametric (Normal),0.97,2020-09-25,1233,18721057.61,22744472.3,-7566369.7,False
2025-08-25,Parametric (Normal),0.99,2020-09-25,1233,23349980.36,26870508.08,-7566369.7,False
2025-08-25,Monte Carlo (Student-t),0.95,2020-09-25,1233,15080952.08,22922035.84,-7566369.7,False
2025-08-25,Monte Carlo (Student-t),0.97,2020-09-25,1233,18799669.49,27095422.61,-7566369.7,False
2025-08-25,Monte Carlo (Student-t),0.99,2020-09-25,1233,27348809.25,37318418.59,-7566369.7,False
2025-08-26,Historical,0.95,2020-09-28,1233,15537236.44,23589628.02,3303439.41,False
2025-08-26,Historical,0.97,2020-09-28,1233,18627271.49,28017358.3,3303439.41,False
2025-08-26,Historical,0.99,2020-09-28,1233,30122619.61,36876960.09,3303439.41,False
2025-08-26,Parametric (Normal),0.95,2020-09-28,1233,16281083.31,20620790.45,3303439.41,False
2025-08-26,Parametric (Normal),0.97,2020-09-28,1233,18731455.28,22753491.18,3303439.41,False
2025-08-26,Parametric (Normal),0.99,2020-09-28,1233,23358791.75,26878113.02,3303439.41,False
2025-08-26,Monte Carlo (Student-t),0.95,2020-09-28,1233,13177056.67,22094411.43,3303439.41,False
2025-08-26,Monte Carlo (Student-t),0.97,2020-09-28,1233,16864469.35,26995372.01,3303439.41,False
2025-08-26,Monte Carlo (Student-t),0.99,2020-09-28,1233,26609612.47,39417589.61,3303439.41,False
2025-08-27,Historical,0.95,2020-09-28,1234,15535534.39,23589628.02,2083661.54,False
2025-08-27,Historical,0.97,2020-09-28,1234,18615234.88,28017358.3,2083661.54,False
2025-08-27,Historical,0.99,2020-09-28,1234,30118055.67,36876960.09,2083661.54,False
2025-08-27,Parametric (Normal),0.95,2020-09-28,1234,16272529.03,20610578.08,2083661.54,False
2025-08-27,Parametric (Normal),0.97,2020-09-28,1234,18721964.77,22742463.95,2083661.54,False
2025-08-27,Parametric (Normal),0.99,2020-09-28,1234,23347533.25,26865509.88,2083661.54,False
2025-08-27,Monte Carlo (Student-t),0.95,2020-09-28,1234,14836106.66,22850467.34,2083661.54,False
2025-08-27,Monte Carlo (Student-t),0.97,2020-09-28,1234,17987386.98,27164752.79,2083661.54,False
2025-08-27,Monte Carlo (Student-t),0.99,2020-09-28,1234,27063653.46,38386241.24,2083661.54,False
2025-08-28,Historical,0.95,2020-09-28,1235,15533832.33,23589628.02,2039273.06,False
2025-08-28,Historical,0.97,2020-09-28,1235,18610440.38,27769828.42,2039273.06,False
2025-08-28,Historical,0.99,2020-09-28,1235,30113491.72,36876960.09,2039273.06,False
2025-08-28,Parametric (Normal),0.95,2020-09-28,1235,16264677.3,20600994.97,2039273.06,False
2025-08-28,Parametric (Normal),0.97,2020-09-28,1235,18713135.44,22732029.99,2039273.06,False
2025-08-28,Parametric (Normal),0.99,2020-09-28,1235,23336857.8,26853430.36,2039273.06,False
2025-08-28,Monte Carlo (Student-t),0.95,2020-09-28,1235,15128275.14,22957420.17,2039273.06,False
2025-08-28,Monte Carlo (Student-t),0.97,2020-09-28,1235,18771960.79,27127688.38,2039273.06,False
2025-08-28,Monte Carlo (Student-t),0.99,2020-09-28,1235,27486823.13,36918332.27,2039273.06,False
2025-08-29,Historical,0.95,2020-09-29,1235,15533832.33,23589628.02,-2103438.93,False
2025-08-29,Historical,0.97,2020-09-29,1235,18610440.38,27769828.42,-2103438.93,False
2025-08-29,Historical,0.99,2020-09-29,1235,30113491.72,36876960.09,-2103438.93,False
2025-08-29,Parametric (Normal),0.95,2020-09-29,1235,16260148.61,20592258.54,-2103438.93,False
2025-08-29,Parametric (Normal),0.97,2020-09-29,1235,18706230.88,22721225.7,-2103438.93,False
2025-08-29,Parametric (Normal),0.99,2020-09-29,1235,23325466.62,26838626.87,-2103438.93,False
2025-08-29,Monte Carlo (Student-t),0.95,2020-09-29,1235,14486740.37,22381125.73,-2103438.93,False
2025-08-29,Monte Carlo (Student-t),0.97,2020-09-29,1235,17912504.47,26631944.38,-2103438.93,False
2025-08-29,Monte Carlo (Student-t),0.99,2020-09-29,1235,25835393.19,37537438.2,-2103438.93,False
2025-09-02,Historical,0.95,2020-10-02,1233,15537236.44,23589628.02,-4062637.76,False
2025-09-02,Historical,0.97,2020-10-02,1233,18627271.49,28017358.3,-4062637.76,False
2025-09-02,Historical,0.99,2020-10-02,1233,30122619.61,36876960.09,-4062637.76,False
2025-09-02,Parametric (Normal),0.95,2020-10-02,1233,16275209.22,20609314.2,-4062637.76,False
2025-09-02,Parametric (Normal),0.97,2020-10-02,1233,18722417.98,22739261.81,-4062637.76,False
2025-09-02,Parametric (Normal),0.99,2020-10-02,1233,23343780.99,26858559.14,-4062637.76,False
2025-09-02,Monte Carlo (Student-t),0.95,2020-10-02,1233,14595077.95,22178912.02,-4062637.76,False
2025-09-02,Monte Carlo (Student-t),0.97,2020-10-02,1233,17498778.04,26360473.74,-4062637.76,False
2025-09-02,Monte Carlo (Student-t),0.99,2020-10-02,1233,25953637.26,37322359.67,-4062637.76,False
2025-09-03,Historical,0.95,2020-10-05,1233,15537236.44,23589628.02,-2500406.01,False
2025-09-03,Historical,0.97,2020-10-05,1233,18627271.49,28017358.3,-2500406.01,False
2025-09-03,Historical,0.99,2020-10-05,1233,30122619.61,36876960.09,-2500406.01,False
2025-09-03,Parametric (Normal),0.95,2020-10-05,1233,16269095.0,20602400.67,-2500406.01,False
2025-09-03,Parametric (Normal),0.97,2020-10-05,1233,18715852.44,22731955.47,-2500406.01,False
2025-09-03,Parametric (Normal),0.99,2020-10-05,1233,23336363.16,26850493.11,-2500406.01,False
2025-09-03,Monte Carlo (Student-t),0.95,2020-10-05,1233,14730773.34,22809375.11,-2500406.01,False
2025-09-03,Monte Carlo (Student-t),0.97,2020-10-05,1233,17882770.3,27204609.54,-2500406.01,False
2025-09-03,Monte Carlo (Student-t),0.99,2020-10-05,1233,25829831.19,39548170.84,-2500406.01,False
2025-09-04,Historical,0.95,2020-10-05,1234,15535534.39,23589628.02,5818109.34,False
2025-09-04,Historical,0.97,2020-10-05,1234,18615234.88,28017358.3,5818109.34,False
2025-09-04,Historical,0.99,2020-10-05,1234,30118055.67,36876960.09,5818109.34,False
2025-09-04,Parametric (Normal),0.95,2020-10-05,1234,16265537.14,20597261.89,5818109.34,False
2025-09-04,Parametric (Normal),0.97,2020-10-05,1234,18711401.93,22726039.77,5818109.34,False
2025-09-04,Parametric (Normal),0.99,2020-10-05,1234,23330226.96,26843074.85,5818109.34,False
2025-09-04,Monte Carlo (Student-t),0.95,2020-10-05,1234,15135293.6,22709187.24,5818109.34,False
2025-09-04,Monte Carlo (Student-t),0.97,2020-10-05,1234,18006820.55,26844486.61,5818109.34,False
2025-09-04,Monte Carlo (Student-t),0.99,2020-10-05,1234,27290167.71,36972035.46,5818109.34,False
2025-09-05,Historical,0.95,2020-10-05,1235,15533832.33,23589628.02,-852907.78,False
2025-09-05,Historical,0.97,2020-10-05,1235,18610440.38,27769828.42,-852907.78,False
2025-09-05,Historical,0.99,2020-10-05,1235,30113491.72,36876960.09,-852907.78,False
2025-09-05,Parametric (Normal),0.95,2020-10-05,1235,16256179.41,20586562.07,-852907.78,False
2025-09-05,Parametric (Normal),0.97,2020-10-05,1235,18701286.4,22714680.4,-852907.78,False
2025-09-05,Parametric (Normal),0.99,2020-10-05,1235,23318680.39,26830439.9,-852907.78,False
2025-09-05,Monte Carlo (Student-t),0.95,2020-10-05,1235,14415202.48,22099184.23,-852907.78,False
2025-09-05,Monte Carlo (Student-t),0.97,2020-10-05,1235,17754718.1,26244762.08,-852907.78,False
2025-09-05,Monte Carlo (Student-t),0.99,2020-10-05,1235,26300702.29,36363281.71,-852907.78,False
2025-09-08,Historical,0.95,2020-10-08,1233,15537236.44,23589628.02,968329.04,False
2025-09-08,Historical,0.97,2020-10-08,1233,18627271.49,28017358.3,968329.04,False
2025-09-08,Historical,0.99,2020-10-08,1233,30122619.61,36876960.09,968329.04,False
2025-09-08,Parametric (Normal),0.95,2020-10-08,1233,16242162.42,20564102.3,968329.04,False
2025-09-08,Parametric (Normal),0.97,2020-10-08,1233,18682502.28,22688071.52,968329.04,False
2025-09-08,Parametric (Normal),0.99,2020-10-08,1233,23290893.92,26795806.68,968329.04,False
2025-09-08,Monte Carlo (Student-t),0.95,2020-10-08,1233,14035761.66,21181649.51,968329.04,False
2025-09-08,Monte Carlo (Student-t),0.97,2020-10-08,1233,17359090.76,24944612.72,968329.04,False
2025-09-08,Monte Carlo (Student-t),0.99,2020-10-08,1233,25148253.81,34177014.11,968329.04,False
2025-09-09,Historical,0.95,2020-10-09,1233,15537236.44,23589628.02,2987338.32,False
2025-09-09,Historical,0.97,2020-10-09,1233,18627271.49,28017358.3,2987338.32,False
2025-09-09,Historical,0.99,2020-10-09,1233,30122619.61,36876960.09,2987338.32,False
2025-09-09,Parametric (Normal),0.95,2020-10-09,1233,16244013.46,20564577.18,2987338.32,False
2025-09-09,Parametric (Normal),0.97,2020-10-09,1233,18683576.29,22687870.09,2987338.32,False
2025-09-09,Parametric (Normal),0.99,2020-10-09,1233,23290500.55,26794297.31,2987338.32,False
2025-09-09,Monte Carlo (Student-t),0.95,2020-10-09,1233,13293922.4,23028946.97,2987338.32,False
2025-09-09,Monte Carlo (Student-t),0.97,2020-10-09,1233,16900884.62,28399076.78,2987338.32,False
2025-09-09,Monte Carlo (Student-t),0.99,2020-10-09,1233,26485663.54,43972339.45,2987338.32,False
2025-09-10,Historical,0.95,2020-10-12,1233,15537236.44,23589628.02,1512023.98,False
2025-09-10,Historical,0.97,2020-10-12,1233,18627271.49,28017358.3,1512023.98,False
2025-09-10,Historical,0.99,2020-10-12,1233,30122619.61,36876960.09,1512023.98,False
2025-09-10,Parametric (Normal),0.95,2020-10-12,1233,16245074.98,20565063.39,1512023.98,False
2025-09-10,Parametric (Normal),0.97,2020-10-12,1233,18684312.96,22688073.58,1512023.98,False
2025-09-10,Parametric (Normal),0.99,2020-10-12,1233,23290623.79,26793953.99,1512023.98,False
2025-09-10,Monte Carlo (Student-t),0.95,2020-10-12,1233,14733612.03,23442869.94,1512023.98,False
2025-09-10,Monte Carlo (Student-t),0.97,2020-10-12,1233,18758048.54,28040302.06,1512023.98,False
2025-09-10,Monte Carlo (Student-t),0.99,2020-10-12,1233,27647900.4,38987126.14,1512023.98,False
2025-09-11,Historical,0.95,2020-10-12,1234,15535534.39,23589628.02,12134946.28,False
2025-09-11,Historical,0.97,2020-10-12,1234,18615234.88,28017358.3,12134946.28,False
2025-09-11,Historical,0.99,2020-10-12,1234,30118055.67,36876960.09,12134946.28,False
2025-09-11,Parametric (Normal),0.95,2020-10-12,1234,16237604.84,20555850.34,12134946.28,False
2025-09-11,Parametric (Normal),0.97,2020-10-12,1234,18675858.7,22678003.99,12134946.28,False
2025-09-11,Parametric (Normal),0.99,2020-10-12,1234,23280311.1,26782227.88,12134946.28,False
2025-09-11,Monte Carlo (Student-t),0.95,2020-10-12,1234,15289944.46,23953874.99,12134946.28,False
2025-09-11,Monte Carlo (Student-t),0.97,2020-10-12,1234,19070159.69,28684372.98,12134946.28,False
2025-09-11,Monte Carlo (Student-t),0.99,2020-10-12,1234,27923249.06,41101485.26,12134946.28,False
2025-09-12,Historical,0.95,2020-10-12,1235,15533832.33,23589628.02,-6395396.41,False
2025-09-12,Historical,0.97,2020-10-12,1235,18610440.38,27769828.42,-6395396.41,False
2025-09-12,Historical,0.99,2020-10-12,1235,30113491.72,36876960.09,-6395396.41,False
2025-09-12,Parametric (Normal),0.95,2020-10-12,1235,16229844.19,20548457.88,-6395396.41,False
2025-09-12,Parametric (Normal),0.97,2020-10-12,1235,18668305.95,22670792.47,-6395396.41,False
2025-09-12,Parametric (Normal),0.99,2020-10-12,1235,23273150.93,26775366.29,-6395396.41,False
2025-09-12,Monte Carlo (Student-t),0.95,2020-10-12,1235,13623409.95,22619794.29,-6395396.41,False
2025-09-12,Monte Carlo (Student-t),0.97,2020-10-12,1235,17452823.6,27505662.14,-6395396.41,False
2025-09-12,Monte Carlo (Student-t),0.99,2020-10-12,1235,26260529.82,40281751.88,-6395396.41,False
2025-09-15,Historical,0.95,2020-10-15,1233,15537236.44,23589628.02,1338873.73,False
2025-09-15,Historical,0.97,2020-10-15,1233,18627271.49,28017358.3,1338873.73,False
2025-09-15,Historical,0.99,2020-10-15,1233,30122619.61,36876960.09,1338873.73,False
2025-09-15,Parametric (Normal),0.95,2020-10-15,1233,16236422.37,20555967.42,1338873.73,False
2025-09-15,Parametric (Normal),0.97,2020-10-15,1233,18675410.01,22678759.72,1338873.73,False
2025-09-15,Parametric (Normal),0.99,2020-10-15,1233,23281248.09,26784218.74,1338873.73,False
2025-09-15,Monte Carlo (Student-t),0.95,2020-10-15,1233,14632237.65,22425050.08,1338873.73,False
2025-09-15,Monte Carlo (Student-t),0.97,2020-10-15,1233,17835461.44,26713693.74,1338873.73,False
2025-09-15,Monte Carlo (Student-t),0.99,2020-10-15,1233,26365652.82,37748370.48,1338873.73,False
2025-09-16,Historical,0.95,2020-10-16,1233,15537236.44,23589628.02,324779.13,False
2025-09-16,Historical,0.97,2020-10-16,1233,18627271.49,28017358.3,324779.13,False
2025-09-16,Historical,0.99,2020-10-16,1233,30122619.61,36876960.09,324779.13,False
2025-09-16,Parametric (Normal),0.95,2020-10-16,1233,16230223.48,20549353.74,324779.13,False
2025-09-16,Parametric (Normal),0.97,2020-10-16,1233,18668976.92,22671942.19,324779.13,False
2025-09-16,Parametric (Normal),0.99,2020-10-16,1233,23274372.71,26777006.99,324779.13,False
2025-09-16,Monte Carlo (Student-t),0.95,2020-10-16,1233,14728193.8,22644154.74,324779.13,False
2025-09-16,Monte Carlo (Student-t),0.97,2020-10-16,1233,17836449.65,26962886.68,324779.13,False
2025-09-16,Monte Carlo (Student-t),0.99,2020-10-16,1233,26818347.07,37700730.53,324779.13,False
2025-09-17,Historical,0.95,2020-10-19,1233,15537236.44,23589628.02,4019699.98,False
2025-09-17,Historical,0.97,2020-10-19,1233,18627271.49,28017358.3,4019699.98,False
2025-09-17,Historical,0.99,2020-10-19,1233,30122619.61,36876960.09,4019699.98,False
2025-09-17,Parametric (Normal),0.95,2020-10-19,1233,16231286.61,20550406.38,4019699.98,False
2025-09-17,Parametric (Normal),0.97,2020-10-19,1233,18670034.12,22672989.68,4019699.98,False
2025-09-17,Parametric (Normal),0.99,2020-10-19,1233,23275418.73,26778044.51,4019699.98,False
2025-09-17,Monte Carlo (Student-t),0.95,2020-10-19,1233,14940810.61,23081467.05,4019699.98,False
2025-09-17,Monte Carlo (Student-t),0.97,2020-10-19,1233,18408103.41,27451852.58,4019699.98,False
2025-09-17,Monte Carlo (Student-t),0.99,2020-10-19,1233,27477998.22,38237675.18,4019699.98,False
2025-09-18,Historical,0.95,2020-10-19,1234,15535534.39,23589628.02,5285844.67,False
2025-09-18,Historical,0.97,2020-10-19,1234,18615234.88,28017358.3,5285844.67,False
2025-09-18,Historical,0.99,2020-10-19,1234,30118055.67,36876960.09,5285844.67,False
2025-09-18,Parametric (Normal),0.95,2020-10-19,1234,16222438.65,20539979.61,5285844.67,False
2025-09-18,Parametric (Normal),0.97,2020-10-19,1234,18660294.7,22661787.02,5285844.67,False
2025-09-18,Parametric (Normal),0.99,2020-10-19,1234,23263995.85,26765341.28,5285844.67,False
2025-09-18,Monte Carlo (Student-t),0.95,2020-10-19,1234,14358663.6,21670619.08,5285844.67,False
2025-09-18,Monte Carlo (Student-t),0.97,2020-10-19,1234,17931325.29,25487867.72,5285844.67,False
2025-09-18,Monte Carlo (Student-t),0.99,2020-10-19,1234,25552535.35,34514909.06,5285844.67,False
2025-09-19,Historical,0.95,2020-10-19,1235,15533832.33,23589628.02,1325520.09,False
2025-09-19,Historical,0.97,2020-10-19,1235,18610440.38,27769828.42,1325520.09,False
2025-09-19,Historical,0.99,2020-10-19,1235,30113491.72,36876960.09,1325520.09,False
2025-09-19,Parametric (Normal),0.95,2020-10-19,1235,16213209.86,20529334.61,1325520.09,False
2025-09-19,Parametric (Normal),0.97,2020-10-19,1235,18650266.26,22650446.04,1325520.09,False
2025-09-19,Parametric (Normal),0.99,2020-10-19,1235,23252457.35,26752654.29,1325520.09,False
2025-09-19,Monte Carlo (Student-t),0.95,2020-10-19,1235,14655801.81,22609872.94,1325520.09,False
2025-09-19,Monte Carlo (Student-t),0.97,2020-10-19,1235,18171084.01,26885906.63,1325520.09,False
2025-09-19,Monte Carlo (Student-t),0.99,2020-10-19,1235,26380725.3,37507956.21,1325520.09,False
2025-09-22,Historical,0.95,2020-10-22,1233,15537236.44,23589628.02,1677790.77,False
2025-09-22,Historical,0.97,2020-10-22,1233,18627271.49,28017358.3,1677790.77,False
2025-09-22,Historical,0.99,2020-10-22,1233,30122619.61,36876960.09,1677790.77,False
2025-09-22,Parametric (Normal),0.95,2020-10-22,1233,16192854.09,20508035.54,1677790.77,False
2025-09-22,Parametric (Normal),0.97,2020-10-22,1233,18629377.87,22628683.41,1677790.77,False
2025-09-22,Parametric (Normal),0.99,2020-10-22,1233,23230563.14,26729995.11,1677790.77,False
2025-09-22,Monte Carlo (Student-t),0.95,2020-10-22,1233,14351742.48,21724746.43,1677790.77,False
2025-09-22,Monte Carlo (Student-t),0.97,2020-10-22,1233,17548611.12,25682606.44,1677790.77,False
2025-09-22,Monte Carlo (Student-t),0.99,2020-10-22,1233,25473321.37,35441831.46,1677790.77,False
2025-09-23,Historical,0.95,2020-10-23,1233,15537236.44,23589628.02,-1524302.17,False
2025-09-23,Historical,0.97,2020-10-23,1233,18627271.49,28017358.3,-1524302.17,False
2025-09-23,Historical,0.99,2020-10-23,1233,30122619.61,36876960.09,-1524302.17,False
2025-09-23,Parametric (Normal),0.95,2020-10-23,1233,16194423.04,20508445.59,-1524302.17,False
2025-09-23,Parametric (Normal),0.97,2020-10-23,1233,18630292.46,22628523.91,-1524302.17,False
2025-09-23,Parametric (Normal),0.99,2020-10-23,1233,23230242.0,26728734.14,-1524302.17,False
2025-09-23,Monte Carlo (Student-t),0.95,2020-10-23,1233,14467606.21,22110800.82,-1524302.17,False
2025-09-23,Monte Carlo (Student-t),0.97,2020-10-23,1233,18028729.22,26210471.03,-1524302.17,False
2025-09-23,Monte Carlo (Student-t),0.99,2020-10-23,1233,25668056.63,35970119.5,-1524302.17,False
2025-09-24,Historical,0.95,2020-10-26,1233,15537236.44,23589628.02,-2478418.53,False
2025-09-24,Historical,0.97,2020-10-26,1233,18627271.49,28017358.3,-2478418.53,False
2025-09-24,Historical,0.99,2020-10-26,1233,30122619.61,36876960.09,-2478418.53,False
2025-09-24,Parametric (Normal),0.95,2020-10-26,1233,16196809.49,20510919.0,-2478418.53,False
2025-09-24,Parametric (Normal),0.97,2020-10-26,1233,18632728.01,22631040.06,-2478418.53,False
2025-09-24,Parametric (Normal),0.99,2020-10-26,1233,23232770.29,26731332.95,-2478418.53,False
2025-09-24,Monte Carlo (Student-t),0.95,2020-10-26,1233,14560275.72,22057225.24,-2478418.53,False
2025-09-24,Monte Carlo (Student-t),0.97,2020-10-26,1233,17810426.51,26107693.36,-2478418.53,False
2025-09-24,Monte Carlo (Student-t),0.99,2020-10-26,1233,24932543.0,36503253.68,-2478418.53,False
2025-09-25,Historical,0.95,2020-10-26,1234,15535534.39,23589628.02,-4539584.81,False
2025-09-25,Historical,0.97,2020-10-26,1234,18615234.88,28017358.3,-4539584.81,False
2025-09-25,Historical,0.99,2020-10-26,1234,30118055.67,36876960.09,-4539584.81,False
2025-09-25,Parametric (Normal),0.95,2020-10-26,1234,16193254.21,20505788.66,-4539584.81,False
2025-09-25,Parametric (Normal),0.97,2020-10-26,1234,18628283.39,22625135.68,-4539584.81,False
2025-09-25,Parametric (Normal),0.99,2020-10-26,1234,23226646.21,26723931.57,-4539584.81,False
2025-09-25,Monte Carlo (Student-t),0.95,2020-10-26,1234,14191739.27,21586832.64,-4539584.81,False
2025-09-25,Monte Carlo (Student-t),0.97,2020-10-26,1234,17228864.15,25643449.94,-4539584.81,False
2025-09-25,Monte Carlo (Student-t),0.99,2020-10-26,1234,25291730.7,36401886.74,-4539584.81,False
2025-09-26,Historical,0.95,2020-10-26,1235,15533832.33,23589628.02,5745583.6,False
2025-09-26,Historical,0.97,2020-10-26,1235,18610440.38,27769828.42,5745583.6,False
2025-09-26,Historical,0.99,2020-10-26,1235,30113491.72,36876960.09,5745583.6,False
2025-09-26,Parametric (Normal),0.95,2020-10-26,1235,16192512.17,20503763.35,5745583.6,False
2025-09-26,Parametric (Normal),0.97,2020-10-26,1235,18626816.76,22622479.72,5745583.6,False
2025-09-26,Parametric (Normal),0.99,2020-10-26,1235,23223811.26,26720055.94,5745583.6,False
2025-09-26,Monte Carlo (Student-t),0.95,2020-10-26,1235,14869138.81,23072992.05,5745583.6,False
2025-09-26,Monte Carlo (Student-t),0.97,2020-10-26,1235,18513892.36,27478654.85,5745583.6,False
2025-09-26,Monte Carlo (Student-t),0.99,2020-10-26,1235,26836699.97,38758007.23,5745583.6,False
2025-09-29,Historical,0.95,2020-10-29,1233,15366905.25,23270904.58,1441420.96,False
2025-09-29,Historical,0.97,2020-10-29,1233,18523031.03,27649844.94,1441420.96,False
2025-09-29,Historical,0.99,2020-10-29,1233,29811631.36,36841852.85,1441420.96,False
2025-09-29,Parametric (Normal),0.95,2020-10-29,1233,16054969.7,20345119.38,1441420.96,False
2025-09-29,Parametric (Normal),0.97,2020-10-29,1233,18477359.54,22453465.65,1441420.96,False
2025-09-29,Parametric (Normal),0.99,2020-10-29,1233,23051853.96,26530986.2,1441420.96,False
2025-09-29,Monte Carlo (Student-t),0.95,2020-10-29,1233,14238002.88,22159474.08,1441420.96,False
2025-09-29,Monte Carlo (Student-t),0.97,2020-10-29,1233,17650713.35,26386026.31,1441420.96,False
2025-09-29,Monte Carlo (Student-t),0.99,2020-10-29,1233,26653614.55,36477724.26,1441420.96,False
2025-09-30,Historical,0.95,2020-10-30,1233,15366905.25,23270904.58,3002269.79,False
2025-09-30,Historical,0.97,2020-10-30,1233,18523031.03,27649844.94,3002269.79,False
2025-09-30,Historical,0.99,2020-10-30,1233,29811631.36,36841852.85,3002269.79,False
2025-09-30,Parametric (Normal),0.95,2020-10-30,1233,16056429.8,20345167.77,3002269.79,False
2025-09-30,Parametric (Normal),0.97,2020-10-30,1233,18478022.54,22452820.28,3002269.79,False
2025-09-30,Parametric (Normal),0.99,2020-10-30,1233,23051011.69,26528999.1,3002269.79,False
2025-09-30,Monte Carlo (Student-t),0.95,2020-10-30,1233,14762111.74,22723621.82,3002269.79,False
2025-09-30,Monte Carlo (Student-t),0.97,2020-10-30,1233,17876445.65,27141110.91,3002269.79,False
2025-09-30,Monte Carlo (Student-t),0.99,2020-10-30,1233,26943081.39,38748367.6,3002269.79,False
2025-10-01,Historical,0.95,2020-11-02,1233,15366905.25,23270904.58,5231804.51,False
2025-10-01,Historical,0.97,2020-11-02,1233,18523031.03,27649844.94,5231804.51,False
2025-10-01,Historical,0.99,2020-11-02,1233,29811631.36,36841852.85,5231804.51,False
2025-10-01,Parametric (Normal),0.95,2020-11-02,1233,16044479.15,20332259.7,5231804.51,False
2025-10-01,Parametric (Normal),0.97,2020-11-02,1233,18465531.29,22439441.69,5231804.51,False
2025-10-01,Parametric (Normal),0.99,2020-11-02,1233,23037499.56,26514710.53,5231804.51,False
2025-10-01,Monte Carlo (Student-t),0.95,2020-11-02,1233,14493392.06,22572797.91,5231804.51,False
2025-10-01,Monte Carlo (Student-t),0.97,2020-11-02,1233,17803602.24,26958853.83,5231804.51,False
2025-10-01,Monte Carlo (Student-t),0.99,2020-11-02,1233,26534968.58,38310632.53,5231804.51,False
2025-10-02,Historical,0.95,2020-11-02,1234,15356076.37,23270904.58,-526365.87,False
2025-10-02,Historical,0.97,2020-11-02,1234,18521497.38,27649844.94,-526365.87,False
2025-10-02,Historical,0.99,2020-11-02,1234,29811611.35,36841852.85,-526365.87,False
2025-10-02,Parametric (Normal),0.95,2020-11-02,1234,16035326.09,20321686.78,-526365.87,False
2025-10-02,Parametric (Normal),0.97,2020-11-02,1234,18455576.52,22428171.0,-526365.87,False
2025-10-02,Parametric (Normal),0.99,2020-11-02,1234,23026030.83,26502090.35,-526365.87,False
2025-10-02,Monte Carlo (Student-t),0.95,2020-11-02,1234,14469576.6,21704931.4,-526365.87,False
2025-10-02,Monte Carlo (Student-t),0.97,2020-11-02,1234,17699312.36,25570045.88,-526365.87,False
2025-10-02,Monte Carlo (Student-t),0.99,2020-11-02,1234,25472248.86,35386532.21,-526365.87,False
2025-10-03,Historical,0.95,2020-11-03,1234,15356076.37,23270904.58,3624878.89,False
2025-10-03,Historical,0.97,2020-11-03,1234,18521497.38,27649844.94,3624878.89,False
2025-10-03,Historical,0.99,2020-11-03,1234,29811611.35,36841852.85,3624878.89,False
2025-10-03,Parametric (Normal),0.95,2020-11-03,1234,16036010.63,20319571.27,3624878.89,False
2025-10-03,Parametric (Normal),0.97,2020-11-03,1234,18454680.04,22424679.43,3624878.89,False
2025-10-03,Parametric (Normal),0.99,2020-11-03,1234,23022148.71,26495937.52,3624878.89,False
2025-10-03,Monte Carlo (Student-t),0.95,2020-11-03,1234,14707105.84,22472846.44,3624878.89,False
2025-10-03,Monte Carlo (Student-t),0.97,2020-11-03,1234,18225062.0,26632225.5,3624878.89,False
2025-10-03,Monte Carlo (Student-t),0.99,2020-11-03,1234,26536633.41,36855348.61,3624878.89,False
2025-10-06,Historical,0.95,2020-11-06,1232,15377734.12,23270904.58,2928184.49,False
2025-10-06,Historical,0.97,2020-11-06,1232,18524564.68,27649844.94,2928184.49,False
2025-10-06,Historical,0.99,2020-11-06,1232,29811651.37,36841852.85,2928184.49,False
2025-10-06,Parametric (Normal),0.95,2020-11-06,1232,16022925.61,20291955.64,2928184.49,False
2025-10-06,Parametric (Normal),0.97,2020-11-06,1232,18433390.45,22389922.89,2928184.49,False
2025-10-06,Parametric (Normal),0.99,2020-11-06,1232,22985365.45,26447370.53,2928184.49,False
2025-10-06,Monte Carlo (Student-t),0.95,2020-11-06,1232,14581181.12,23283764.55,2928184.49,False
2025-10-06,Monte Carlo (Student-t),0.97,2020-11-06,1232,18356881.82,27964840.97,2928184.49,False
2025-10-06,Monte Carlo (Student-t),0.99,2020-11-06,1232,27484718.24,39933193.02,2928184.49,False
2025-10-07,Historical,0.95,2020-11-09,1232,15377734.12,23270904.58,-3204775.31,False
2025-10-07,Historical,0.97,2020-11-09,1232,18524564.68,27649844.94,-3204775.31,False
2025-10-07,Historical,0.99,2020-11-09,1232,29811651.37,36841852.85,-3204775.31,False
2025-10-07,Parametric (Normal),0.95,2020-11-09,1232,16022610.85,20291675.33,-3204775.31,False
2025-10-07,Parametric (Normal),0.97,2020-11-09,1232,18433095.15,22389659.52,-3204775.31,False
2025-10-07,Parametric (Normal),0.99,2020-11-09,1232,22985106.88,26447139.91,-3204775.31,False
2025-10-07,Monte Carlo (Student-t),0.95,2020-11-09,1232,14513406.44,23677437.48,-3204775.31,False
2025-10-07,Monte Carlo (Student-t),0.97,2020-11-09,1232,18023839.76,28645896.0,-3204775.31,False
2025-10-07,Monte Carlo (Student-t),0.99,2020-11-09,1232,27963949.6,42681969.3,-3204775.31,False
2025-10-08,Historical,0.95,2020-11-09,1233,15366905.25,23270904.58,3911839.34,False
2025-10-08,Historical,0.97,2020-11-09,1233,18523031.03,27649844.94,3911839.34,False
2025-10-08,Historical,0.99,2020-11-09,1233,29811631.36,36841852.85,3911839.34,False
2025-10-08,Parametric (Normal),0.95,2020-11-09,1233,16020060.96,20287656.24,3911839.34,False
2025-10-08,Parametric (Normal),0.97,2020-11-09,1233,18429715.69,22384918.41,3911839.34,False
2025-10-08,Parametric (Normal),0.99,2020-11-09,1233,22980160.85,26441002.41,3911839.34,False
2025-10-08,Monte Carlo (Student-t),0.95,2020-11-09,1233,14339147.47,22049421.49,3911839.34,False
2025-10-08,Monte Carlo (Student-t),0.97,2020-11-09,1233,17628112.22,26235633.69,3911839.34,False
2025-10-08,Monte Carlo (Student-t),0.99,2020-11-09,1233,25170833.18,36970401.76,3911839.34,False
2025-10-09,Historical,0.95,2020-11-09,1234,15356076.37,23270904.58,-3779900.84,False
2025-10-09,Historical,0.97,2020-11-09,1234,18521497.38,27649844.94,-3779900.84,False
2025-10-09,Historical,0.99,2020-11-09,1234,29811611.35,36841852.85,-3779900.84,False
2025-10-09,Parametric (Normal),0.95,2020-11-09,1234,16011349.27,20277376.41,-3779900.84,False
2025-10-09,Parametric (Normal),0.97,2020-11-09,1234,18420118.56,22373867.94,-3779900.84,False
2025-10-09,Parametric (Normal),0.99,2020-11-09,1234,22968891.65,26428461.52,-3779900.84,False
2025-10-09,Monte Carlo (Student-t),0.95,2020-11-09,1234,14380159.07,22631534.17,-3779900.84,False
2025-10-09,Monte Carlo (Student-t),0.97,2020-11-09,1234,17829650.46,27082332.47,-3779900.84,False
2025-10-09,Monte Carlo (Student-t),0.99,2020-11-09,1234,26410308.43,38850435.03,-3779900.84,False
2025-10-10,Historical,0.95,2020-11-10,1234,15356076.37,23270904.58,-20002672.32,True
2025-10-10,Historical,0.97,2020-11-10,1234,18521497.38,27649844.94,-20002672.32,True
2025-10-10,Historical,0.99,2020-11-10,1234,29811611.35,36841852.85,-20002672.32,False
2025-10-10,Parametric (Normal),0.95,2020-11-10,1234,15996444.95,20252659.59,-20002672.32,True
2025-10-10,Parametric (Normal),0.97,2020-11-10,1234,18399673.72,22344328.87,-20002672.32,True
2025-10-10,Parametric (Normal),0.99,2020-11-10,1234,22937983.94,26389596.28,-20002672.32,False
2025-10-10,Monte Carlo (Student-t),0.95,2020-11-10,1234,14295994.15,22515290.22,-20002672.32,True
2025-10-10,Monte Carlo (Student-t),0.97,2020-11-10,1234,17942510.06,26865545.7,-20002672.32,True
2025-10-10,Monte Carlo (Student-t),0.99,2020-11-10,1234,26758746.09,37755910.91,-20002672.32,False
2025-10-13,Historical,0.95,2020-11-13,1232,15508897.49,23343579.11,10457351.14,False
2025-10-13,Historical,0.97,2020-11-13,1232,18574845.89,27688508.85,10457351.14,False
2025-10-13,Historical,0.99,2020-11-13,1232,29811651.37,36841852.85,10457351.14,False
2025-10-13,Parametric (Normal),0.95,2020-11-13,1232,16044216.01,20309280.65,10457351.14,False
2025-10-13,Parametric (Normal),0.97,2020-11-13,1232,18452441.84,22405299.16,10457351.14,False
2025-10-13,Parametric (Normal),0.99,2020-11-13,1232,23000188.63,26458977.95,10457351.14,False
2025-10-13,Monte Carlo (Student-t),0.95,2020-11-13,1232,14220831.63,21725299.2,10457351.14,False
2025-10-13,Monte Carlo (Student-t),0.97,2020-11-13,1232,17557539.83,25738415.79,10457351.14,False
2025-10-13,Monte Carlo (Student-t),0.99,2020-11-13,1232,25475949.36,35861525.62,10457351.14,False
2025-10-14,Historical,0.95,2020-11-16,1232,15508897.49,23343579.11,5211135.12,False
2025-10-14,Historical,0.97,2020-11-16,1232,18574845.89,27688508.85,5211135.12,False
2025-10-14,Historical,0.99,2020-11-16,1232,29811651.37,36841852.85,5211135.12,False
2025-10-14,Parametric (Normal),0.95,2020-11-16,1232,16040277.85,20303311.12,5211135.12,False
2025-10-14,Parametric (Normal),0.97,2020-11-16,1232,18447356.68,22398331.33,5211135.12,False
2025-10-14,Parametric (Normal),0.99,2020-11-16,1232,22992937.46,26450079.41,5211135.12,False
2025-10-14,Monte Carlo (Student-t),0.95,2020-11-16,1232,14563633.13,22414604.46,5211135.12,False
2025-10-14,Monte Carlo (Student-t),0.97,2020-11-16,1232,18271782.76,26464806.76,5211135.12,False
2025-10-14,Monte Carlo (Student-t),0.99,2020-11-16,1232,26338310.2,36366253.93,5211135.12,False
2025-10-15,Historical,0.95,2020-11-16,1233,15507559.08,23343579.11,2840354.04,False
2025-10-15,Historical,0.97,2020-11-16,1233,18573672.44,27688508.85,2840354.04,False
2025-10-15,Historical,0.99,2020-11-16,1233,29811631.36,36841852.85,2840354.04,False
2025-10-15,Parametric (Normal),0.95,2020-11-16,1233,16031147.45,20292782.29,2840354.04,False
2025-10-15,Parametric (Normal),0.97,2020-11-16,1233,18437436.68,22387115.27,2840354.04,False
2025-10-15,Parametric (Normal),0.99,2020-11-16,1233,22981526.34,26437534.24,2840354.04,False
2025-10-15,Monte Carlo (Student-t),0.95,2020-11-16,1233,14678629.9,22619729.49,2840354.04,False
2025-10-15,Monte Carlo (Student-t),0.97,2020-11-16,1233,17917486.14,26862329.19,2840354.04,False
2025-10-15,Monte Carlo (Student-t),0.99,2020-11-16,1233,26501006.0,37911260.4,2840354.04,False
2025-10-16,Historical,0.95,2020-11-16,1234,15506220.67,23343579.11,-7427203.3,False
2025-10-16,Historical,0.97,2020-11-16,1234,18572499.0,27688508.85,-7427203.3,False
2025-10-16,Historical,0.99,2020-11-16,1234,29811611.35,36841852.85,-7427203.3,False
2025-10-16,Parametric (Normal),0.95,2020-11-16,1234,16022932.0,20282911.31,-7427203.3,False
2025-10-16,Parametric (Normal),0.97,2020-11-16,1234,18428286.45,22376430.68,-7427203.3,False
2025-10-16,Parametric (Normal),0.99,2020-11-16,1234,22970610.85,26425276.17,-7427203.3,False
2025-10-16,Monte Carlo (Student-t),0.95,2020-11-16,1234,14251776.79,21918618.52,-7427203.3,False
2025-10-16,Monte Carlo (Student-t),0.97,2020-11-16,1234,17268604.76,26147212.69,-7427203.3,False
2025-10-16,Monte Carlo (Student-t),0.99,2020-11-16,1234,25628338.97,37110540.06,-7427203.3,False
2025-10-17,Historical,0.95,2020-11-17,1234,15506220.67,23343579.11,6312964.75,False
2025-10-17,Historical,0.97,2020-11-17,1234,18572499.0,27688508.85,6312964.75,False
2025-10-17,Historical,0.99,2020-11-17,1234,29811611.35,36841852.85,6312964.75,False
2025-10-17,Parametric (Normal),0.95,2020-11-17,1234,16033166.78,20291339.32,6312964.75,False
2025-10-17,Parametric (Normal),0.97,2020-11-17,1234,18437501.05,22383970.78,6312964.75,False
2025-10-17,Parametric (Normal),0.99,2020-11-17,1234,22977898.93,26431099.04,6312964.75,False
2025-10-17,Monte Carlo (Student-t),0.95,2020-11-17,1234,14354626.25,22064117.53,6312964.75,False
2025-10-17,Monte Carlo (Student-t),0.97,2020-11-17,1234,17820863.44,26201897.0,6312964.75,False
2025-10-17,Monte Carlo (Student-t),0.99,2020-11-17,1234,26487189.65,36248965.51,6312964.75,False
2025-10-20,Historical,0.95,2020-11-20,1232,15508897.49,23343579.11,9829226.94,False
2025-10-20,Historical,0.97,2020-11-20,1232,18574845.89,27688508.85,9829226.94,False
2025-10-20,Historical,0.99,2020-11-20,1232,29811651.37,36841852.85,9829226.94,False
2025-10-20,Parametric (Normal),0.95,2020-11-20,1232,16027920.71,20287784.15,9829226.94,False
2025-10-20,Parametric (Normal),0.97,2020-11-20,1232,18433209.74,22381246.59,9829226.94,False
2025-10-20,Parametric (Normal),0.99,2020-11-20,1232,22975410.59,26429981.96,9829226.94,False
2025-10-20,Monte Carlo (Student-t),0.95,2020-11-20,1232,14110076.29,21952915.08,9829226.94,False
2025-10-20,Monte Carlo (Student-t),0.97,2020-11-20,1232,17365517.19,26231669.97,9829226.94,False
2025-10-20,Monte Carlo (Student-t),0.99,2020-11-20,1232,25316680.06,37980004.95,9829226.94,False
2025-10-21,Historical,0.95,2020-11-23,1232,15508897.49,23343579.11,2737243.73,False
2025-10-21,Historical,0.97,2020-11-23,1232,18574845.89,27688508.85,2737243.73,False
2025-10-21,Historical,0.99,2020-11-23,1232,29811651.37,36841852.85,2737243.73,False
2025-10-21,Parametric (Normal),0.95,2020-11-23,1232,16017034.45,20277451.71,2737243.73,False
2025-10-21,Parametric (Normal),0.97,2020-11-23,1232,18422636.18,22371186.32,2737243.73,False
2025-10-21,Parametric (Normal),0.99,2020-11-23,1232,22965427.57,26420448.06,2737243.73,False
2025-10-21,Monte Carlo (Student-t),0.95,2020-11-23,1232,14135139.35,22368683.24,2737243.73,False
2025-10-21,Monte Carlo (Student-t),0.97,2020-11-23,1232,18089741.65,26598899.79,2737243.73,False
2025-10-21,Monte Carlo (Student-t),0.99,2020-11-23,1232,25864405.28,36759847.24,2737243.73,False
2025-10-22,Historical,0.95,2020-11-23,1233,15507559.08,23343579.11,-4279043.79,False
2025-10-22,Historical,0.97,2020-11-23,1233,18573672.44,27688508.85,-4279043.79,False
2025-10-22,Historical,0.99,2020-11-23,1233,29811631.36,36841852.85,-4279043.79,False
2025-10-22,Parametric (Normal),0.95,2020-11-23,1233,16008875.53,20267628.79,-4279043.79,False
2025-10-22,Parametric (Normal),0.97,2020-11-23,1233,18413537.7,22360545.65,-4279043.79,False
2025-10-22,Parametric (Normal),0.99,2020-11-23,1233,22954554.8,26408225.87,-4279043.79,False
2025-10-22,Monte Carlo (Student-t),0.95,2020-11-23,1233,14353829.36,22267026.86,-4279043.79,False
2025-10-22,Monte Carlo (Student-t),0.97,2020-11-23,1233,17839130.72,26407939.1,-4279043.79,False
2025-10-22,Monte Carlo (Student-t),0.99,2020-11-23,1233,26946550.83,36007103.5,-4279043.79,False
2025-10-23,Historical,0.95,2020-11-23,1234,15506220.67,23343579.11,3414267.2,False
2025-10-23,Historical,0.97,2020-11-23,1234,18572499.0,27688508.85,3414267.2,False
2025-10-23,Historical,0.99,2020-11-23,1234,29811611.35,36841852.85,3414267.2,False
2025-10-23,Parametric (Normal),0.95,2020-11-23,1234,16007813.57,20265260.66,3414267.2,False
2025-10-23,Parametric (Normal),0.97,2020-11-23,1234,18411738.22,22357535.61,3414267.2,False
2025-10-23,Parametric (Normal),0.99,2020-11-23,1234,22951362.59,26403974.4,3414267.2,False
2025-10-23,Monte Carlo (Student-t),0.95,2020-11-23,1234,14732884.1,23194453.11,3414267.2,False
2025-10-23,Monte Carlo (Student-t),0.97,2020-11-23,1234,18493262.14,27685609.94,3414267.2,False
2025-10-23,Monte Carlo (Student-t),0.99,2020-11-23,1234,27825342.66,39010690.21,3414267.2,False
2025-10-24,Historical,0.95,2020-11-24,1234,15506220.67,23343579.11,3796886.54,False
2025-10-24,Historical,0.97,2020-11-24,1234,18572499.0,27688508.85,3796886.54,False
2025-10-24,Historical,0.99,2020-11-24,1234,29811611.35,36841852.85,3796886.54,False
2025-10-24,Parametric (Normal),0.95,2020-11-24,1234,16007877.51,20263919.71,3796886.54,False
2025-10-24,Parametric (Normal),0.97,2020-11-24,1234,18411008.9,22355504.24,3796886.54,False
2025-10-24,Parametric (Normal),0.99,2020-11-24,1234,22949135.26,26400607.76,3796886.54,False
2025-10-24,Monte Carlo (Student-t),0.95,2020-11-24,1234,14609116.7,22688426.66,3796886.54,False
2025-10-24,Monte Carlo (Student-t),0.97,2020-11-24,1234,18843320.69,26873159.71,3796886.54,False
2025-10-24,Monte Carlo (Student-t),0.99,2020-11-24,1234,26935886.11,36244004.62,3796886.54,False
2025-10-27,Historical,0.95,2020-11-27,1233,15507559.08,23343579.11,8408482.56,False
2025-10-27,Historical,0.97,2020-11-27,1233,18573672.44,27688508.85,8408482.56,False
2025-10-27,Historical,0.99,2020-11-27,1233,29811631.36,36841852.85,8408482.56,False
2025-10-27,Parametric (Normal),0.95,2020-11-27,1233,16004913.93,20258240.03,8408482.56,False
2025-10-27,Parametric (Normal),0.97,2020-11-27,1233,18406511.71,22348489.76,8408482.56,False
2025-10-27,Parametric (Normal),0.99,2020-11-27,1233,22941741.93,26391011.78,8408482.56,False
2025-10-27,Monte Carlo (Student-t),0.95,2020-11-27,1233,14438127.19,23267676.5,8408482.56,False
2025-10-27,Monte Carlo (Student-t),0.97,2020-11-27,1233,18159312.54,28083079.71,8408482.56,False
2025-10-27,Monte Carlo (Student-t),0.99,2020-11-27,1233,27083438.24,40649251.05,8408482.56,False
2025-10-28,Historical,0.95,2020-11-30,1233,15507559.08,23343579.11,-4164844.5,False
2025-10-28,Historical,0.97,2020-11-30,1233,18573672.44,27688508.85,-4164844.5,False
2025-10-28,Historical,0.99,2020-11-30,1233,29811631.36,36841852.85,-4164844.5,False
2025-10-28,Parametric (Normal),0.95,2020-11-30,1233,16004340.78,20258508.83,-4164844.5,False
2025-10-28,Parametric (Normal),0.97,2020-11-30,1233,18406413.96,22349172.33,-4164844.5,False
2025-10-28,Parametric (Normal),0.99,2020-11-30,1233,22942541.94,26392494.58,-4164844.5,False
2025-10-28,Monte Carlo (Student-t),0.95,2020-11-30,1233,14095680.49,22510525.44,-4164844.5,False
2025-10-28,Monte Carlo (Student-t),0.97,2020-11-30,1233,17792533.6,26968286.87,-4164844.5,False
2025-10-28,Monte Carlo (Student-t),0.99,2020-11-30,1233,26881937.76,38214338.69,-4164844.5,False
2025-10-29,Historical,0.95,2020-11-30,1234,15506220.67,23343579.11,-11260457.48,False
2025-10-29,Historical,0.97,2020-11-30,1234,18572499.0,27688508.85,-11260457.48,False
2025-10-29,Historical,0.99,2020-11-30,1234,29811611.35,36841852.85,-11260457.48,False
2025-10-29,Parametric (Normal),0.95,2020-11-30,1234,16003101.29,20255944.36,-11260457.48,False
2025-10-29,Parametric (Normal),0.97,2020-11-30,1234,18404426.33,22345956.72,-11260457.48,False
2025-10-29,Parametric (Normal),0.99,2020-11-30,1234,22939141.52,26388019.66,-11260457.48,False
2025-10-29,Monte Carlo (Student-t),0.95,2020-11-30,1234,14328021.57,22727250.42,-11260457.48,False
2025-10-29,Monte Carlo (Student-t),0.97,2020-11-30,1234,17936930.99,27298159.12,-11260457.48,False
2025-10-29,Monte Carlo (Student-t),0.99,2020-11-30,1234,25964716.08,39355403.24,-11260457.48,False
2025-10-30,Historical,0.95,2020-11-30,1235,15504882.26,23343579.11,-4850056.69,False
2025-10-30,Historical,0.97,2020-11-30,1235,18571085.42,27448603.56,-4850056.69,False
2025-10-30,Historical,0.99,2020-11-30,1235,29811591.34,36841852.85,-4850056.69,False
2025-10-30,Parametric (Normal),0.95,2020-11-30,1235,16015452.19,20268964.86,-4850056.69,False
2025-10-30,Parametric (Normal),0.97,2020-11-30,1235,18417155.31,22359306.28,-4850056.69,False
2025-10-30,Parametric (Normal),0.99,2020-11-30,1235,22952584.48,26402005.63,-4850056.69,False
2025-10-30,Monte Carlo (Student-t),0.95,2020-11-30,1235,14486903.21,22903260.62,-4850056.69,False
2025-10-30,Monte Carlo (Student-t),0.97,2020-11-30,1235,18150480.56,27460307.89,-4850056.69,False
2025-10-30,Monte Carlo (Student-t),0.99,2020-11-30,1235,27142845.94,38472449.51,-4850056.69,False
2025-10-31,Historical,0.95,2020-11-30,1236,15503543.85,23343579.11,941700.9,False
2025-10-31,Historical,0.97,2020-11-30,1236,18569551.77,27448603.56,941700.9,False
2025-10-31,Historical,0.99,2020-11-30,1236,29811571.34,36841852.85,941700.9,False
2025-10-31,Parametric (Normal),0.95,2020-11-30,1236,16015219.67,20267526.79,941700.9,False
2025-10-31,Parametric (Normal),0.97,2020-11-30,1236,18416242.09,22357275.75,941700.9,False
2025-10-31,Parametric (Normal),0.99,2020-11-30,1236,22950385.8,26398829.3,941700.9,False
2025-10-31,Monte Carlo (Student-t),0.95,2020-11-30,1236,14087421.68,21820297.52,941700.9,False
2025-10-31,Monte Carlo (Student-t),0.97,2020-11-30,1236,17448453.57,25906368.26,941700.9,False
2025-10-31,Monte Carlo (Student-t),0.99,2020-11-30,1236,26290463.55,35757543.88,941700.9,False
2025-11-03,Historical,0.95,2020-12-03,1234,15506220.67,23343579.11,-2661261.08,False
2025-11-03,Historical,0.97,2020-12-03,1234,18572499.0,27688508.85,-2661261.08,False
2025-11-03,Historical,0.99,2020-12-03,1234,29811611.35,36841852.85,-2661261.08,False
2025-11-03,Parametric (Normal),0.95,2020-12-03,1234,16025254.08,20278975.73,-2661261.08,False
2025-11-03,Parametric (Normal),0.97,2020-12-03,1234,18427075.2,22369419.85,-2661261.08,False
2025-11-03,Parametric (Normal),0.99,2020-12-03,1234,22962727.2,26412317.83,-2661261.08,False
2025-11-03,Monte Carlo (Student-t),0.95,2020-12-03,1234,14423939.44,22174272.96,-2661261.08,False
2025-11-03,Monte Carlo (Student-t),0.97,2020-12-03,1234,17688090.35,26341540.41,-2661261.08,False
2025-11-03,Monte Carlo (Student-t),0.99,2020-12-03,1234,26612962.23,36655004.75,-2661261.08,False
2025-11-04,Historical,0.95,2020-12-04,1234,15506220.67,23343579.11,-6074154.21,False
2025-11-04,Historical,0.97,2020-12-04,1234,18572499.0,27688508.85,-6074154.21,False
2025-11-04,Historical,0.99,2020-12-04,1234,29811611.35,36841852.85,-6074154.21,False
2025-11-04,Parametric (Normal),0.95,2020-12-04,1234,16027789.56,20281681.9,-6074154.21,False
2025-11-04,Parametric (Normal),0.97,2020-12-04,1234,18429707.06,22372209.9,-6074154.21,False
2025-11-04,Parametric (Normal),0.99,2020-12-04,1234,22965541.06,26415270.11,-6074154.21,False
2025-11-04,Monte Carlo (Student-t),0.95,2020-12-04,1234,14698307.28,22127261.15,-6074154.21,False
2025-11-04,Monte Carlo (Student-t),0.97,2020-12-04,1234,18202065.45,26114715.7,-6074154.21,False
2025-11-04,Monte Carlo (Student-t),0.99,2020-12-04,1234,26826045.75,35361161.37,-6074154.21,False
2025-11-05,Historical,0.95,2020-12-07,1234,15506220.67,23343579.11,4869545.79,False
2025-11-05,Historical,0.97,2020-12-07,1234,18572499.0,27688508.85,4869545.79,False
2025-11-05,Historical,0.99,2020-12-07,1234,29811611.35,36841852.85,4869545.79,False
2025-11-05,Parametric (Normal),0.95,2020-12-07,1234,16035800.23,20287663.85,4869545.79,False
2025-11-05,Parametric (Normal),0.97,2020-12-07,1234,18436572.24,22377194.87,4869545.79,False
2025-11-05,Parametric (Normal),0.99,2020-12-07,1234,22970243.06,26418326.9,4869545.79,False
2025-11-05,Monte Carlo (Student-t),0.95,2020-12-07,1234,14626541.13,23069759.75,4869545.79,False
2025-11-05,Monte Carlo (Student-t),0.97,2020-12-07,1234,18176954.81,27600782.06,4869545.79,False
2025-11-05,Monte Carlo (Student-t),0.99,2020-12-07,1234,27267372.5,39049188.47,4869545.79,False
2025-11-06,Historical,0.95,2020-12-07,1235,15504882.26,23343579.11,-8197601.51,False
2025-11-06,Historical,0.97,2020-12-07,1235,18571085.42,27448603.56,-8197601.51,False
2025-11-06,Historical,0.99,2020-12-07,1235,29811591.34,36841852.85,-8197601.51,False
2025-11-06,Parametric (Normal),0.95,2020-12-07,1235,16026779.63,20277209.09,-8197601.51,False
2025-11-06,Parametric (Normal),0.97,2020-12-07,1235,18426741.85,22366035.3,-8197601.51,False
2025-11-06,Parametric (Normal),0.99,2020-12-07,1235,22958883.46,26405804.26,-8197601.51,False
2025-11-06,Monte Carlo (Student-t),0.95,2020-12-07,1235,14283222.17,22409886.22,-8197601.51,False
2025-11-06,Monte Carlo (Student-t),0.97,2020-12-07,1235,17476232.75,26846230.05,-8197601.51,False
2025-11-06,Monte Carlo (Student-t),0.99,2020-12-07,1235,25996361.13,38686475.09,-8197601.51,False
2025-11-07,Historical,0.95,2020-12-07,1236,15503543.85,23343579.11,3975936.45,False
2025-11-07,Historical,0.97,2020-12-07,1236,18569551.77,27448603.56,3975936.45,False
2025-11-07,Historical,0.99,2020-12-07,1236,29811571.34,36841852.85,3975936.45,False
2025-11-07,Parametric (Normal),0.95,2020-12-07,1236,16032392.11,20282417.68,3975936.45,False
2025-11-07,Parametric (Normal),0.97,2020-12-07,1236,18432126.28,22371045.4,3975936.45,False
2025-11-07,Parametric (Normal),0.99,2020-12-07,1236,22963837.22,26410430.48,3975936.45,False
2025-11-07,Monte Carlo (Student-t),0.95,2020-12-07,1236,14431384.61,21760875.91,3975936.45,False
2025-11-07,Monte Carlo (Student-t),0.97,2020-12-07,1236,17686216.37,25642742.87,3975936.45,False
2025-11-07,Monte Carlo (Student-t),0.99,2020-12-07,1236,25803571.2,35221101.05,3975936.45,False
2025-11-10,Historical,0.95,2020-12-10,1234,15506220.67,23343579.11,7191323.19,False
2025-11-10,Historical,0.97,2020-12-10,1234,18572499.0,27688508.85,7191323.19,False
2025-11-10,Historical,0.99,2020-12-10,1234,29811611.35,36841852.85,7191323.19,False
2025-11-10,Parametric (Normal),0.95,2020-12-10,1234,16035770.09,20288633.42,7191323.19,False
2025-11-10,Parametric (Normal),0.97,2020-12-10,1234,18437106.57,22378655.72,7191323.19,False
2025-11-10,Parametric (Normal),0.99,2020-12-10,1234,22971843.35,26420737.92,7191323.19,False
2025-11-10,Monte Carlo (Student-t),0.95,2020-12-10,1234,14172781.31,22558435.08,7191323.19,False
2025-11-10,Monte Carlo (Student-t),0.97,2020-12-10,1234,17888785.21,26987931.0,7191323.19,False
2025-11-10,Monte Carlo (Student-t),0.99,2020-12-10,1234,26842164.29,38045084.64,7191323.19,False
2025-11-11,Historical,0.95,2020-12-11,1234,15506220.67,23343579.11,8199433.92,False
2025-11-11,Historical,0.97,2020-12-11,1234,18572499.0,27688508.85,8199433.92,False
2025-11-11,Historical,0.99,2020-12-11,1234,29811611.35,36841852.85,8199433.92,False
2025-11-11,Parametric (Normal),0.95,2020-12-11,1234,16032251.3,20285792.28,8199433.92,False
2025-11-11,Parametric (Normal),0.97,2020-12-11,1234,18433970.41,22376147.62,8199433.92,False
2025-11-11,Parametric (Normal),0.99,2020-12-11,1234,22969429.77,26418873.89,8199433.92,False
2025-11-11,Monte Carlo (Student-t),0.95,2020-12-11,1234,14381915.61,22410659.11,8199433.92,False
2025-11-11,Monte Carlo (Student-t),0.97,2020-12-11,1234,18328012.27,26585047.44,8199433.92,False
2025-11-11,Monte Carlo (Student-t),0.99,2020-12-11,1234,25818446.87,37097865.74,8199433.92,False
2025-11-12,Historical,0.95,2020-12-14,1234,15506220.67,23343579.11,6089798.23,False
2025-11-12,Historical,0.97,2020-12-14,1234,18572499.0,27688508.85,6089798.23,False
2025-11-12,Historical,0.99,2020-12-14,1234,29811611.35,36841852.85,6089798.23,False
2025-11-12,Parametric (Normal),0.95,2020-12-14,1234,16027946.62,20282351.69,6089798.23,False
2025-11-12,Parametric (Normal),0.97,2020-12-14,1234,18430153.63,22373131.67,6089798.23,False
2025-11-12,Parametric (Normal),0.99,2020-12-14,1234,22966534.34,26416679.19,6089798.23,False
2025-11-12,Monte Carlo (Student-t),0.95,2020-12-14,1234,14228794.8,22415491.56,6089798.23,False
2025-11-12,Monte Carlo (Student-t),0.97,2020-12-14,1234,17583803.98,26822532.59,6089798.23,False
2025-11-12,Monte Carlo (Student-t),0.99,2020-12-14,1234,26341435.01,38612324.37,6089798.23,False
2025-11-13,Historical,0.95,2020-12-14,1235,15504882.26,23343579.11,-11286281.09,False
2025-11-13,Historical,0.97,2020-12-14,1235,18571085.42,27448603.56,-11286281.09,False
2025-11-13,Historical,0.99,2020-12-14,1235,29811591.34,36841852.85,-11286281.09,False
2025-11-13,Parametric (Normal),0.95,2020-12-14,1235,16018698.12,20271858.47,-11286281.09,False
2025-11-13,Parametric (Normal),0.97,2020-12-14,1235,18420202.31,22362026.75,-11286281.09,False
2025-11-13,Parametric (Normal),0.99,2020-12-14,1235,22955255.8,26404391.24,-11286281.09,False
2025-11-13,Monte Carlo (Student-t),0.95,2020-12-14,1235,14382755.95,22477466.46,-11286281.09,False
2025-11-13,Monte Carlo (Student-t),0.97,2020-12-14,1235,17298396.78,26967953.61,-11286281.09,False
2025-11-13,Monte Carlo (Student-t),0.99,2020-12-14,1235,26591509.97,39182926.42,-11286281.09,False
2025-11-14,Historical,0.95,2020-12-14,1236,15503543.85,23343579.11,-3304062.63,False
2025-11-14,Historical,0.97,2020-12-14,1236,18569551.77,27448603.56,-3304062.63,False
2025-11-14,Historical,0.99,2020-12-14,1236,29811571.34,36841852.85,-3304062.63,False
2025-11-14,Parametric (Normal),0.95,2020-12-14,1236,16031065.12,20284898.79,-3304062.63,False
2025-11-14,Parametric (Normal),0.97,2020-12-14,1236,18432949.49,22375397.96,-3304062.63,False
2025-11-14,Parametric (Normal),0.99,2020-12-14,1236,22968720.93,26418402.4,-3304062.63,False
2025-11-14,Monte Carlo (Student-t),0.95,2020-12-14,1236,14437954.74,21704343.28,-3304062.63,False
2025-11-14,Monte Carlo (Student-t),0.97,2020-12-14,1236,17390270.9,25621629.11,-3304062.63,False
2025-11-14,Monte Carlo (Student-t),0.99,2020-12-14,1236,24923569.46,36288802.76,-3304062.63,False
2025-11-17,Historical,0.95,2020-12-17,1234,15506220.67,23343579.11,-9791611.22,False
2025-11-17,Historical,0.97,2020-12-17,1234,18572499.0,27688508.85,-9791611.22,False
2025-11-17,Historical,0.99,2020-12-17,1234,29811611.35,36841852.85,-9791611.22,False
2025-11-17,Parametric (Normal),0.95,2020-12-17,1234,16043222.41,20298262.86,-9791611.22,False
2025-11-17,Parametric (Normal),0.97,2020-12-17,1234,18445788.18,22389355.08,-9791611.22,False
2025-11-17,Parametric (Normal),0.99,2020-12-17,1234,22982846.38,26433506.49,-9791611.22,False
2025-11-17,Monte Carlo (Student-t),0.95,2020-12-17,1234,14726660.38,21918305.71,-9791611.22,False
2025-11-17,Monte Carlo (Student-t),0.97,2020-12-17,1234,17838394.1,25737064.76,-9791611.22,False
2025-11-17,Monte Carlo (Student-t),0.99,2020-12-17,1234,25536683.8,34704409.52,-9791611.22,False
2025-11-18,Historical,0.95,2020-12-18,1234,15506220.67,23343579.11,-4258576.24,False
2025-11-18,Historical,0.97,2020-12-18,1234,18572499.0,27688508.85,-4258576.24,False
2025-11-18,Historical,0.99,2020-12-18,1234,29811611.35,36841852.85,-4258576.24,False
2025-11-18,Parametric (Normal),0.95,2020-12-18,1234,16061413.28,20317772.46,-4258576.24,False
2025-11-18,Parametric (Normal),0.97,2020-12-18,1234,18464723.65,22409512.77,-4258576.24,False
2025-11-18,Parametric (Normal),0.99,2020-12-18,1234,23003188.0,26454917.56,-4258576.24,False
2025-11-18,Monte Carlo (Student-t),0.95,2020-12-18,1234,14648851.28,22894704.59,-4258576.24,False
2025-11-18,Monte Carlo (Student-t),0.97,2020-12-18,1234,17792085.57,27494079.05,-4258576.24,False
2025-11-18,Monte Carlo (Student-t),0.99,2020-12-18,1234,26532682.04,40030848.52,-4258576.24,False
2025-11-19,Historical,0.95,2020-12-21,1234,15506220.67,23343579.11,-603263.79,False
2025-11-19,Historical,0.97,2020-12-21,1234,18572499.0,27688508.85,-603263.79,False
2025-11-19,Historical,0.99,2020-12-21,1234,29811611.35,36841852.85,-603263.79,False
2025-11-19,Parametric (Normal),0.95,2020-12-21,1234,16066228.08,20322980.8,-603263.79,False
2025-11-19,Parametric (Normal),0.97,2020-12-21,1234,18469760.67,22414914.5,-603263.79,False
2025-11-19,Parametric (Normal),0.99,2020-12-21,1234,23008644.62,26460693.32,-603263.79,False
2025-11-19,Monte Carlo (Student-t),0.95,2020-12-21,1234,14336889.29,22700878.0,-603263.79,False
2025-11-19,Monte Carlo (Student-t),0.97,2020-12-21,1234,17891301.6,27194526.49,-603263.79,False
2025-11-19,Monte Carlo (Student-t),0.99,2020-12-21,1234,26795807.55,38193161.73,-603263.79,False
2025-11-20,Historical,0.95,2020-12-21,1235,15504882.26,23343579.11,-14606907.7,False
2025-11-20,Historical,0.97,2020-12-21,1235,18571085.42,27448603.56,-14606907.7,False
2025-11-20,Historical,0.99,2020-12-21,1235,29811591.34,36841852.85,-14606907.7,False
2025-11-20,Parametric (Normal),0.95,2020-12-21,1235,16060593.86,20315649.23,-14606907.7,False
2025-11-20,Parametric (Normal),0.97,2020-12-21,1235,18463168.05,22406748.79,-14606907.7,False
2025-11-20,Parametric (Normal),0.99,2020-12-21,1235,23000242.17,26450914.39,-14606907.7,False
2025-11-20,Monte Carlo (Student-t),0.95,2020-12-21,1235,14227868.89,22434370.92,-14606907.7,True
2025-11-20,Monte Carlo (Student-t),0.97,2020-12-21,1235,17454004.08,26945895.24,-14606907.7,False
2025-11-20,Monte Carlo (Student-t),0.99,2020-12-21,1235,25731749.67,38830026.68,-14606907.7,False
2025-11-21,Historical,0.95,2020-12-21,1236,15503543.85,23343579.11,12605236.68,False
2025-11-21,Historical,0.97,2020-12-21,1236,18569551.77,27448603.56,12605236.68,False
2025-11-21,Historical,0.99,2020-12-21,1236,29811571.34,36841852.85,12605236.68,False
2025-11-21,Parametric (Normal),0.95,2020-12-21,1236,16081473.77,20338689.66,12605236.68,False
2025-11-21,Parametric (Normal),0.97,2020-12-21,1236,18485267.88,22430850.99,12605236.68,False
2025-11-21,Parametric (Normal),0.99,2020-12-21,1236,23024645.71,26477070.03,12605236.68,False
2025-11-21,Monte Carlo (Student-t),0.95,2020-12-21,1236,14125541.64,22143972.25,12605236.68,False
2025-11-21,Monte Carlo (Student-t),0.97,2020-12-21,1236,17761188.92,26365973.07,12605236.68,False
2025-11-21,Monte Carlo (Student-t),0.99,2020-12-21,1236,26009297.67,37199393.7,12605236.68,False
2025-11-24,Historical,0.95,2020-12-24,1234,15506220.67,23343579.11,5426687.85,False
2025-11-24,Historical,0.97,2020-12-24,1234,18572499.0,27688508.85,5426687.85,False
2025-11-24,Historical,0.99,2020-12-24,1234,29811611.35,36841852.85,5426687.85,False
2025-11-24,Parametric (Normal),0.95,2020-12-24,1234,16082360.09,20344374.49,5426687.85,False
2025-11-24,Parametric (Normal),0.97,2020-12-24,1234,18488863.63,22438894.0,5426687.85,False
2025-11-24,Parametric (Normal),0.99,2020-12-24,1234,23033358.02,26489673.72,5426687.85,False
2025-11-24,Monte Carlo (Student-t),0.95,2020-12-24,1234,14292100.71,21462593.08,5426687.85,False
2025-11-24,Monte Carlo (Student-t),0.97,2020-12-24,1234,17378051.82,25283025.28,5426687.85,False
2025-11-24,Monte Carlo (Student-t),0.99,2020-12-24,1234,25339357.33,35068808.6,5426687.85,False
2025-11-25,Historical,0.95,2020-12-28,1234,15506220.67,23343579.11,12169561.69,False
2025-11-25,Historical,0.97,2020-12-28,1234,18572499.0,27688508.85,12169561.69,False
2025-11-25,Historical,0.99,2020-12-28,1234,29811611.35,36841852.85,12169561.69,False
2025-11-25,Parametric (Normal),0.95,2020-12-28,1234,16081518.07,20343814.89,12169561.69,False
2025-11-25,Parametric (Normal),0.97,2020-12-28,1234,18488181.07,22438473.18,12169561.69,False
2025-11-25,Parametric (Normal),0.99,2020-12-28,1234,23032976.59,26489521.32,12169561.69,False
2025-11-25,Monte Carlo (Student-t),0.95,2020-12-28,1234,14212186.79,21072523.7,12169561.69,False
2025-11-25,Monte Carlo (Student-t),0.97,2020-12-28,1234,17264523.67,24728285.09,12169561.69,False
2025-11-25,Monte Carlo (Student-t),0.99,2020-12-28,1234,25129769.74,34008558.01,12169561.69,False
2025-11-26,Historical,0.95,2020-12-28,1235,15504882.26,23343579.11,5112724.6,False
2025-11-26,Historical,0.97,2020-12-28,1235,18571085.42,27448603.56,5112724.6,False
2025-11-26,Historical,0.99,2020-12-28,1235,29811591.34,36841852.85,5112724.6,False
2025-11-26,Parametric (Normal),0.95,2020-12-28,1235,16074023.4,20336776.29,5112724.6,False
2025-11-26,Parametric (Normal),0.97,2020-12-28,1235,18480943.92,22431658.72,5112724.6,False
2025-11-26,Parametric (Normal),0.99,2020-12-28,1235,23026225.74,26483140.32,5112724.6,False
2025-11-26,Monte Carlo (Student-t),0.95,2020-12-28,1235,13875691.94,21002993.33,5112724.6,False
2025-11-26,Monte Carlo (Student-t),0.97,2020-12-28,1235,17061373.76,24809237.19,5112724.6,False
2025-11-26,Monte Carlo (Student-t),0.99,2020-12-28,1235,24684473.95,34094502.66,5112724.6,False
2025-11-28,Historical,0.95,2020-12-28,1236,15503543.85,23343579.11,7335917.28,False
2025-11-28,Historical,0.97,2020-12-28,1236,18569551.77,27448603.56,7335917.28,False
2025-11-28,Historical,0.99,2020-12-28,1236,29811571.34,36841852.85,7335917.28,False
2025-11-28,Parametric (Normal),0.95,2020-12-28,1236,16064930.32,20326278.97,7335917.28,False
2025-11-28,Parametric (Normal),0.97,2020-12-28,1236,18471057.95,22420471.29,7335917.28,False
2025-11-28,Parametric (Normal),0.99,2020-12-28,1236,23014842.45,26470618.26,7335917.28,False
2025-11-28,Monte Carlo (Student-t),0.95,2020-12-28,1236,14458558.38,22521046.1,7335917.28,False
2025-11-28,Monte Carlo (Student-t),0.97,2020-12-28,1236,17905756.78,26909266.28,7335917.28,False
2025-11-28,Monte Carlo (Student-t),0.99,2020-12-28,1236,27282609.01,37465667.6,7335917.28,False
2025-12-01,Historical,0.95,2021-01-04,1233,15507559.08,23343579.11,-5974855.29,False
2025-12-01,Historical,0.97,2021-01-04,1233,18573672.44,27688508.85,-5974855.29,False
2025-12-01,Historical,0.99,2021-01-04,1233,29811631.36,36841852.85,-5974855.29,False
2025-12-01,Parametric (Normal),0.95,2021-01-04,1233,16087911.95,20353757.17,-5974855.29,False
2025-12-01,Parametric (Normal),0.97,2021-01-04,1233,18496578.52,22450159.28,-5974855.29,False
2025-12-01,Parametric (Normal),0.99,2021-01-04,1233,23045157.62,26504579.95,-5974855.29,False
2025-12-01,Monte Carlo (Student-t),0.95,2021-01-04,1233,14374442.8,23240217.16,-5974855.29,False
2025-12-01,Monte Carlo (Student-t),0.97,2021-01-04,1233,18239110.24,27902916.37,-5974855.29,False
2025-12-01,Monte Carlo (Student-t),0.99,2021-01-04,1233,27355751.75,40377507.94,-5974855.29,False
2025-12-02,Historical,0.95,2021-01-04,1234,15506220.67,23343579.11,2332326.66,False
2025-12-02,Historical,0.97,2021-01-04,1234,18572499.0,27688508.85,2332326.66,False
2025-12-02,Historical,0.99,2021-01-04,1234,29811611.35,36841852.85,2332326.66,False
2025-12-02,Parametric (Normal),0.95,2021-01-04,1234,16089426.73,20354281.79,2332326.66,False
2025-12-02,Parametric (Normal),0.97,2021-01-04,1234,18497534.22,22450197.3,2332326.66,False
2025-12-02,Parametric (Normal),0.99,2021-01-04,1234,23045057.53,26503676.88,2332326.66,False
2025-12-02,Monte Carlo (Student-t),0.95,2021-01-04,1234,14441569.3,22369166.67,2332326.66,False
2025-12-02,Monte Carlo (Student-t),0.97,2021-01-04,1234,17842718.84,26653388.49,2332326.66,False
2025-12-02,Monte Carlo (Student-t),0.99,2021-01-04,1234,24816372.5,38527937.53,2332326.66,False
2025-12-03,Historical,0.95,2021-01-04,1235,15504882.26,23343579.11,11053597.12,False
2025-12-03,Historical,0.97,2021-01-04,1235,18571085.42,27448603.56,11053597.12,False
2025-12-03,Historical,0.99,2021-01-04,1235,29811591.34,36841852.85,11053597.12,False
2025-12-03,Parametric (Normal),0.95,2021-01-04,1235,16081474.45,20344645.35,11053597.12,False
2025-12-03,Parametric (Normal),0.97,2021-01-04,1235,18488630.99,22439733.2,11053597.12,False
2025-12-03,Parametric (Normal),0.99,2021-01-04,1235,23034358.52,26491612.1,11053597.12,False
2025-12-03,Monte Carlo (Student-t),0.95,2021-01-04,1235,14194471.15,21960210.58,11053597.12,False
2025-12-03,Monte Carlo (Student-t),0.97,2021-01-04,1235,17410891.01,26234224.24,11053597.12,False
2025-12-03,Monte Carlo (Student-t),0.99,2021-01-04,1235,26431050.68,37061196.21,11053597.12,False
2025-12-04,Historical,0.95,2021-01-04,1236,15503543.85,23343579.11,-1841286.17,False
2025-12-04,Historical,0.97,2021-01-04,1236,18569551.77,27448603.56,-1841286.17,False
2025-12-04,Historical,0.99,2021-01-04,1236,29811571.34,36841852.85,-1841286.17,False
2025-12-04,Parametric (Normal),0.95,2021-01-04,1236,16073294.94,20336515.94,-1841286.17,False
2025-12-04,Parametric (Normal),0.97,2021-01-04,1236,18480479.77,22431628.4,-1841286.17,False
2025-12-04,Parametric (Normal),0.99,2021-01-04,1236,23026260.72,26483554.92,-1841286.17,False
2025-12-04,Monte Carlo (Student-t),0.95,2021-01-04,1236,14362192.96,22482248.69,-1841286.17,False
2025-12-04,Monte Carlo (Student-t),0.97,2021-01-04,1236,17608096.31,26977769.93,-1841286.17,False
2025-12-04,Monte Carlo (Student-t),0.99,2021-01-04,1236,26132193.44,38384959.77,-1841286.17,False
2025-12-05,Historical,0.95,2021-01-05,1236,15503543.85,23343579.11,2562985.39,False
2025-12-05,Historical,0.97,2021-01-05,1236,18569551.77,27448603.56,2562985.39,False
2025-12-05,Historical,0.99,2021-01-05,1236,29811571.34,36841852.85,2562985.39,False
2025-12-05,Parametric (Normal),0.95,2021-01-05,1236,16050900.88,20310844.29,2562985.39,False
2025-12-05,Parametric (Normal),0.97,2021-01-05,1236,18456235.06,22404346.03,2562985.39,False
2025-12-05,Parametric (Normal),0.99,2021-01-05,1236,22998521.18,26453157.4,2562985.39,False
2025-12-05,Monte Carlo (Student-t),0.95,2021-01-05,1236,15124739.94,23406265.69,2562985.39,False
2025-12-05,Monte Carlo (Student-t),0.97,2021-01-05,1236,18391312.97,27966017.9,2562985.39,False
2025-12-05,Monte Carlo (Student-t),0.99,2021-01-05,1236,26225123.63,40520747.37,2562985.39,False
2025-12-08,Historical,0.95,2021-01-08,1234,15506220.67,23343579.11,-5551155.73,False
2025-12-08,Historical,0.97,2021-01-08,1234,18572499.0,27688508.85,-5551155.73,False
2025-12-08,Historical,0.99,2021-01-08,1234,29811611.35,36841852.85,-5551155.73,False
2025-12-08,Parametric (Normal),0.95,2021-01-08,1234,16066865.78,20325164.76,-5551155.73,False
2025-12-08,Parametric (Normal),0.97,2021-01-08,1234,18471271.45,22417858.36,-5551155.73,False
2025-12-08,Parametric (Normal),0.99,2021-01-08,1234,23011804.15,26465106.8,-5551155.73,False
2025-12-08,Monte Carlo (Student-t),0.95,2021-01-08,1234,14544415.67,22902181.38,-5551155.73,False
2025-12-08,Monte Carlo (Student-t),0.97,2021-01-08,1234,17737674.19,27496279.69,-5551155.73,False
2025-12-08,Monte Carlo (Student-t),0.99,2021-01-08,1234,26583871.78,39923232.17,-5551155.73,False
2025-12-09,Historical,0.95,2021-01-11,1234,15506220.67,23343579.11,-1497631.9,False
2025-12-09,Historical,0.97,2021-01-11,1234,18572499.0,27688508.85,-1497631.9,False
2025-12-09,Historical,0.99,2021-01-11,1234,29811611.35,36841852.85,-1497631.9,False
2025-12-09,Parametric (Normal),0.95,2021-01-11,1234,16076688.84,20335360.35,-1497631.9,False
2025-12-09,Parametric (Normal),0.97,2021-01-11,1234,18481304.85,22428237.02,-1497631.9,False
2025-12-09,Parametric (Normal),0.99,2021-01-11,1234,23022234.78,26475839.53,-1497631.9,False
2025-12-09,Monte Carlo (Student-t),0.95,2021-01-11,1234,14802113.25,23187377.63,-1497631.9,False
2025-12-09,Monte Carlo (Student-t),0.97,2021-01-11,1234,18321438.17,27759886.25,-1497631.9,False
2025-12-09,Monte Carlo (Student-t),0.99,2021-01-11,1234,27175841.22,39319766.76,-1497631.9,False
2025-12-10,Historical,0.95,2021-01-11,1235,15504882.26,23343579.11,9237044.1,False
2025-12-10,Historical,0.97,2021-01-11,1235,18571085.42,27448603.56,9237044.1,False
2025-12-10,Historical,0.99,2021-01-11,1235,29811591.34,36841852.85,9237044.1,False
2025-12-10,Parametric (Normal),0.95,2021-01-11,1235,16071976.0,20329000.86,9237044.1,False
2025-12-10,Parametric (Normal),0.97,2021-01-11,1235,18475662.25,22421068.31,9237044.1,False
2025-12-10,Parametric (Normal),0.99,2021-01-11,1235,23014836.39,26467105.78,9237044.1,False
2025-12-10,Monte Carlo (Student-t),0.95,2021-01-11,1235,14869832.85,23326641.74,9237044.1,False
2025-12-10,Monte Carlo (Student-t),0.97,2021-01-11,1235,18106340.04,27992442.08,9237044.1,False
2025-12-10,Monte Carlo (Student-t),0.99,2021-01-11,1235,27326519.99,41040703.4,9237044.1,False
2025-12-11,Historical,0.95,2021-01-11,1236,15503543.85,23343579.11,5618553.35,False
2025-12-11,Historical,0.97,2021-01-11,1236,18569551.77,27448603.56,5618553.35,False
2025-12-11,Historical,0.99,2021-01-11,1236,29811571.34,36841852.85,5618553.35,False
2025-12-11,Parametric (Normal),0.95,2021-01-11,1236,16063049.2,20319563.96,5618553.35,False
2025-12-11,Parametric (Normal),0.97,2021-01-11,1236,18466447.42,22411380.73,5618553.35,False
2025-12-11,Parametric (Normal),0.99,2021-01-11,1236,23005077.66,26456933.39,5618553.35,False
2025-12-11,Monte Carlo (Student-t),0.95,2021-01-11,1236,14096489.67,22497957.45,5618553.35,False
2025-12-11,Monte Carlo (Student-t),0.97,2021-01-11,1236,17644971.9,27009893.05,5618553.35,False
2025-12-11,Monte Carlo (Student-t),0.99,2021-01-11,1236,26115624.0,39001214.75,5618553.35,False
2025-12-12,Historical,0.95,2021-01-12,1236,15503543.85,23343579.11,-3895353.31,False
2025-12-12,Historical,0.97,2021-01-12,1236,18569551.77,27448603.56,-3895353.31,False
2025-12-12,Historical,0.99,2021-01-12,1236,29811571.34,36841852.85,-3895353.31,False
2025-12-12,Parametric (Normal),0.95,2021-01-12,1236,16058935.07,20315795.88,-3895353.31,False
2025-12-12,Parametric (Normal),0.97,2021-01-12,1236,18462528.69,22407782.71,-3895353.31,False
2025-12-12,Parametric (Normal),0.99,2021-01-12,1236,23001527.91,26453664.27,-3895353.31,False
2025-12-12,Monte Carlo (Student-t),0.95,2021-01-12,1236,14202716.0,22630059.76,-3895353.31,False
2025-12-12,Monte Carlo (Student-t),0.97,2021-01-12,1236,17722273.33,27133562.91,-3895353.31,False
2025-12-12,Monte Carlo (Student-t),0.99,2021-01-12,1236,27078957.67,38302501.62,-3895353.31,False
2025-12-15,Historical,0.95,2021-01-15,1234,15506220.67,23343579.11,502868.15,False
2025-12-15,Historical,0.97,2021-01-15,1234,18572499.0,27688508.85,502868.15,False
2025-12-15,Historical,0.99,2021-01-15,1234,29811611.35,36841852.85,502868.15,False
2025-12-15,Parametric (Normal),0.95,2021-01-15,1234,16075235.54,20335777.37,502868.15,False
2025-12-15,Parametric (Normal),0.97,2021-01-15,1234,18480907.61,22429573.2,502868.15,False
2025-12-15,Parametric (Normal),0.99,2021-01-15,1234,23023831.82,26478953.33,502868.15,False
2025-12-15,Monte Carlo (Student-t),0.95,2021-01-15,1234,14332926.24,22851293.58,502868.15,False
2025-12-15,Monte Carlo (Student-t),0.97,2021-01-15,1234,17943538.04,27477529.11,502868.15,False
2025-12-15,Monte Carlo (Student-t),0.99,2021-01-15,1234,26977027.12,39471496.88,502868.15,False
2025-12-16,Historical,0.95,2021-01-19,1234,15506220.67,23343579.11,-5110785.76,False
2025-12-16,Historical,0.97,2021-01-19,1234,18572499.0,27688508.85,-5110785.76,False
2025-12-16,Historical,0.99,2021-01-19,1234,29811611.35,36841852.85,-5110785.76,False
2025-12-16,Parametric (Normal),0.95,2021-01-19,1234,16063966.96,20323335.69,-5110785.76,False
2025-12-16,Parametric (Normal),0.97,2021-01-19,1234,18468976.65,22416555.0,-5110785.76,False
2025-12-16,Parametric (Normal),0.99,2021-01-19,1234,23010650.0,26464820.17,-5110785.76,False
2025-12-16,Monte Carlo (Student-t),0.95,2021-01-19,1234,14275638.24,22452118.3,-5110785.76,False
2025-12-16,Monte Carlo (Student-t),0.97,2021-01-19,1234,18268521.51,26634789.28,-5110785.76,False
2025-12-16,Monte Carlo (Student-t),0.99,2021-01-19,1234,27102762.11,37036130.59,-5110785.76,False
2025-12-17,Historical,0.95,2021-01-19,1235,15504882.26,23343579.11,-5637416.47,False
2025-12-17,Historical,0.97,2021-01-19,1235,18571085.42,27448603.56,-5637416.47,False
2025-12-17,Historical,0.99,2021-01-19,1235,29811591.34,36841852.85,-5637416.47,False
2025-12-17,Parametric (Normal),0.95,2021-01-19,1235,16064087.74,20322291.34,-5637416.47,False
2025-12-17,Parametric (Normal),0.97,2021-01-19,1235,18468439.55,22414938.07,-5637416.47,False
2025-12-17,Parametric (Normal),0.99,2021-01-19,1235,23008870.56,26462095.87,-5637416.47,False
2025-12-17,Monte Carlo (Student-t),0.95,2021-01-19,1235,14398045.27,22183537.03,-5637416.47,False
2025-12-17,Monte Carlo (Student-t),0.97,2021-01-19,1235,17787954.22,26304596.15,-5637416.47,False
2025-12-17,Monte Carlo (Student-t),0.99,2021-01-19,1235,26601349.39,36041333.26,-5637416.47,False
2025-12-18,Historical,0.95,2021-01-19,1236,15503543.85,23343579.11,3201090.14,False
2025-12-18,Historical,0.97,2021-01-19,1236,18569551.77,27448603.56,3201090.14,False
2025-12-18,Historical,0.99,2021-01-19,1236,29811571.34,36841852.85,3201090.14,False
2025-12-18,Parametric (Normal),0.95,2021-01-19,1236,16065047.28,20322192.53,3201090.14,False
2025-12-18,Parametric (Normal),0.97,2021-01-19,1236,18468801.51,22414319.15,3201090.14,False
2025-12-18,Parametric (Normal),0.99,2021-01-19,1236,23008104.02,26460471.05,3201090.14,False
2025-12-18,Monte Carlo (Student-t),0.95,2021-01-19,1236,14457514.79,21553615.51,3201090.14,False
2025-12-18,Monte Carlo (Student-t),0.97,2021-01-19,1236,17779242.83,25270543.49,3201090.14,False
2025-12-18,Monte Carlo (Student-t),0.99,2021-01-19,1236,25139761.05,33918914.04,3201090.14,False
2025-12-19,Historical,0.95,2021-01-19,1237,15502205.44,23343579.11,5392745.72,False
2025-12-19,Historical,0.97,2021-01-19,1237,18568018.12,27448603.56,5392745.72,False
2025-12-19,Historical,0.99,2021-01-19,1237,29811551.33,36841852.85,5392745.72,False
2025-12-19,Parametric (Normal),0.95,2021-01-19,1237,16056649.85,20312176.96,5392745.72,False
2025-12-19,Parametric (Normal),0.97,2021-01-19,1237,18459490.41,22403508.36,5392745.72,False
2025-12-19,Parametric (Normal),0.99,2021-01-19,1237,22997067.53,26448122.32,5392745.72,False
2025-12-19,Monte Carlo (Student-t),0.95,2021-01-19,1237,14274089.87,21732887.46,5392745.72,False
2025-12-19,Monte Carlo (Student-t),0.97,2021-01-19,1237,17527800.61,25759064.33,5392745.72,False
2025-12-19,Monte Carlo (Student-t),0.99,2021-01-19,1237,25910826.07,35797948.71,5392745.72,False
2025-12-22,Historical,0.95,2021-01-22,1235,15504882.26,23343579.11,7139653.22,False
2025-12-22,Historical,0.97,2021-01-22,1235,18571085.42,27448603.56,7139653.22,False
2025-12-22,Historical,0.99,2021-01-22,1235,29811591.34,36841852.85,7139653.22,False
2025-12-22,Parametric (Normal),0.95,2021-01-22,1235,16067738.09,20324349.82,7139653.22,False
2025-12-22,Parametric (Normal),0.97,2021-01-22,1235,18471191.07,22416214.24,7139653.22,False
2025-12-22,Parametric (Normal),0.99,2021-01-22,1235,23009924.7,26461859.06,7139653.22,False
2025-12-22,Monte Carlo (Student-t),0.95,2021-01-22,1235,14072590.95,21262845.73,7139653.22,False
2025-12-22,Monte Carlo (Student-t),0.97,2021-01-22,1235,17656825.13,25007160.43,7139653.22,False
2025-12-22,Monte Carlo (Student-t),0.99,2021-01-22,1235,25006934.39,33906132.12,7139653.22,False
2025-12-23,Historical,0.95,2021-01-25,1235,15504882.26,23343579.11,98859.22,False
2025-12-23,Historical,0.97,2021-01-25,1235,18571085.42,27448603.56,98859.22,False
2025-12-23,Historical,0.99,2021-01-25,1235,29811591.34,36841852.85,98859.22,False
2025-12-23,Parametric (Normal),0.95,2021-01-25,1235,16054118.05,20310291.13,98859.22,False
2025-12-23,Parametric (Normal),0.97,2021-01-25,1235,18457323.35,22401939.98,98859.22,False
2025-12-23,Parametric (Normal),0.99,2021-01-25,1235,22995589.26,26447167.9,98859.22,False
2025-12-23,Monte Carlo (Student-t),0.95,2021-01-25,1235,13696227.48,21378975.39,98859.22,False
2025-12-23,Monte Carlo (Student-t),0.97,2021-01-25,1235,17236061.15,25505129.81,98859.22,False
2025-12-23,Monte Carlo (Student-t),0.99,2021-01-25,1235,25333148.32,35483816.43,98859.22,False
2025-12-24,Historical,0.95,2021-01-25,1236,15503543.85,23343579.11,4337892.99,False
2025-12-24,Historical,0.97,2021-01-25,1236,18569551.77,27448603.56,4337892.99,False
2025-12-24,Historical,0.99,2021-01-25,1236,29811571.34,36841852.85,4337892.99,False
2025-12-24,Parametric (Normal),0.95,2021-01-25,1236,16047843.51,20302299.1,4337892.99,False
2025-12-24,Parametric (Normal),0.97,2021-01-25,1236,18450079.05,22393103.9,4337892.99,False
2025-12-24,Parametric (Normal),0.99,2021-01-25,1236,22986513.62,26436699.44,4337892.99,False
2025-12-24,Monte Carlo (Student-t),0.95,2021-01-25,1236,14787100.6,23874076.65,4337892.99,False
2025-12-24,Monte Carlo (Student-t),0.97,2021-01-25,1236,18017856.77,28941561.63,4337892.99,False
2025-12-24,Monte Carlo (Student-t),0.99,2021-01-25,1236,28346498.51,41854521.58,4337892.99,False
2025-12-26,Historical,0.95,2021-01-26,1236,15503543.85,23343579.11,-81717.27,False
2025-12-26,Historical,0.97,2021-01-26,1236,18569551.77,27448603.56,-81717.27,False
2025-12-26,Historical,0.99,2021-01-26,1236,29811571.34,36841852.85,-81717.27,False
2025-12-26,Parametric (Normal),0.95,2021-01-26,1236,16045701.74,20300377.01,-81717.27,False
2025-12-26,Parametric (Normal),0.97,2021-01-26,1236,18448061.31,22391289.78,-81717.27,False
2025-12-26,Parametric (Normal),0.99,2021-01-26,1236,22984730.13,26435094.11,-81717.27,False
2025-12-26,Monte Carlo (Student-t),0.95,2021-01-26,1236,14022256.1,21915255.37,-81717.27,False
2025-12-26,Monte Carlo (Student-t),0.97,2021-01-26,1236,17440307.76,26124714.89,-81717.27,False
2025-12-26,Monte Carlo (Student-t),0.99,2021-01-26,1236,25857699.58,36874614.71,-81717.27,False
2025-12-29,Historical,0.95,2021-01-29,1234,15356076.37,23083834.65,-1409043.62,False
2025-12-29,Historical,0.97,2021-01-29,1234,18521497.38,27336376.41,-1409043.62,False
2025-12-29,Historical,0.99,2021-01-29,1234,29392569.83,36704103.82,-1409043.62,False
2025-12-29,Parametric (Normal),0.95,2021-01-29,1234,15956989.62,20193205.92,-1409043.62,False
2025-12-29,Parametric (Normal),0.97,2021-01-29,1234,18348926.53,22275047.24,-1409043.62,False
2025-12-29,Parametric (Normal),0.99,2021-01-29,1234,22865912.95,26301307.47,-1409043.62,False
2025-12-29,Monte Carlo (Student-t),0.95,2021-01-29,1234,14458482.57,22055809.41,-1409043.62,False
2025-12-29,Monte Carlo (Student-t),0.97,2021-01-29,1234,17918776.73,26084316.84,-1409043.62,False
2025-12-29,Monte Carlo (Student-t),0.99,2021-01-29,1234,26671626.67,35898269.0,-1409043.62,False
2025-12-30,Historical,0.95,2021-02-01,1234,15194646.45,23062576.47,-1038625.44,False
2025-12-30,Historical,0.97,2021-02-01,1234,18521497.38,27336376.41,-1038625.44,False
2025-12-30,Historical,0.99,2021-02-01,1234,29392569.83,36704103.82,-1038625.44,False
2025-12-30,Parametric (Normal),0.95,2021-02-01,1234,15925225.38,20156499.26,-1038625.44,False
2025-12-30,Parametric (Normal),0.97,2021-02-01,1234,18314371.6,22235911.67,-1038625.44,False
2025-12-30,Parametric (Normal),0.99,2021-02-01,1234,22826088.02,26257474.44,-1038625.44,False
2025-12-30,Monte Carlo (Student-t),0.95,2021-02-01,1234,14220993.46,22135047.82,-1038625.44,False
2025-12-30,Monte Carlo (Student-t),0.97,2021-02-01,1234,17331854.83,26466962.44,-1038625.44,False
2025-12-30,Monte Carlo (Student-t),0.99,2021-02-01,1234,26872713.87,37507851.53,-1038625.44,False
2025-12-31,Historical,0.95,2021-02-01,1235,15188059.7,23062576.47,-7010858.29,False
2025-12-31,Historical,0.97,2021-02-01,1235,18519437.01,27104392.45,-7010858.29,False
2025-12-31,Historical,0.99,2021-02-01,1235,29379912.22,36704103.82,-7010858.29,False
2025-12-31,Parametric (Normal),0.95,2021-02-01,1235,15920113.86,20149725.26,-7010858.29,False
2025-12-31,Parametric (Normal),0.97,2021-02-01,1235,18308321.37,22228320.67,-7010858.29,False
2025-12-31,Parametric (Normal),0.99,2021-02-01,1235,22818265.13,26248303.34,-7010858.29,False
2025-12-31,Monte Carlo (Student-t),0.95,2021-02-01,1235,15296786.12,22973045.83,-7010858.29,False
2025-12-31,Monte Carlo (Student-t),0.97,2021-02-01,1235,18887574.8,27008936.12,-7010858.29,False
2025-12-31,Monte Carlo (Student-t),0.99,2021-02-01,1235,27118696.24,36437567.84,-7010858.29,False
