date,method,confidence,window_start,window_days,var_usd,es_usd,actual_pnl_usd,breach
2025-01-02,Historical,0.95,2020-02-03,1237,22118712.7,36403838.49,-1831578.66,False
2025-01-02,Historical,0.97,2020-02-03,1237,29207079.84,43519688.85,-1831578.66,False
2025-01-02,Historical,0.99,2020-02-03,1237,42908787.7,59973703.99,-1831578.66,False
2025-01-02,Parametric (Normal),0.95,2020-02-03,1237,24230968.7,30683288.37,-1831578.66,False
2025-01-02,Parametric (Normal),0.97,2020-02-03,1237,27874206.06,33854208.99,-1831578.66,False
2025-01-02,Parametric (Normal),0.99,2020-02-03,1237,34754175.89,39986737.7,-1831578.66,False
2025-01-02,Monte Carlo (Student-t),0.95,2020-02-03,1237,20520007.57,33958324.67,-1831578.66,False
2025-01-02,Monte Carlo (Student-t),0.97,2020-02-03,1237,25701831.78,41385336.01,-1831578.66,False
2025-01-02,Monte Carlo (Student-t),0.99,2020-02-03,1237,40880256.13,61024148.79,-1831578.66,False
2025-01-03,Historical,0.95,2020-02-03,1238,22113512.93,36403838.49,13765448.81,False
2025-01-03,Historical,0.97,2020-02-03,1238,29190642.7,43519688.85,13765448.81,False
2025-01-03,Historical,0.99,2020-02-03,1238,42895341.46,59973703.99,13765448.81,False
2025-01-03,Parametric (Normal),0.95,2020-02-03,1238,24223510.32,30673319.77,13765448.81,False
2025-01-03,Parametric (Normal),0.97,2020-02-03,1238,27865330.32,33843006.78,13765448.81,False
2025-01-03,Parametric (Normal),0.99,2020-02-03,1238,34742623.56,39973149.69,13765448.81,False
2025-01-03,Monte Carlo (Student-t),0.95,2020-02-03,1238,20824345.43,33582796.94,13765448.81,False
2025-01-03,Monte Carlo (Student-t),0.97,2020-02-03,1238,25686639.93,40572029.57,13765448.81,False
2025-01-03,Monte Carlo (Student-t),0.99,2020-02-03,1238,38969213.04,59663005.82,13765448.81,False
2025-01-06,Historical,0.95,2020-02-06,1236,22123912.47,36403838.49,8138870.7,False
2025-01-06,Historical,0.97,2020-02-06,1236,29223516.98,43519688.85,8138870.7,False
2025-01-06,Historical,0.99,2020-02-06,1236,42922233.93,59973703.99,8138870.7,False
2025-01-06,Parametric (Normal),0.95,2020-02-06,1236,24242645.1,30692089.7,8138870.7,False
2025-01-06,Parametric (Normal),0.97,2020-02-06,1236,27884259.09,33861597.41,8138870.7,False
2025-01-06,Parametric (Normal),0.99,2020-02-06,1236,34761163.29,39991393.54,8138870.7,False
2025-01-06,Monte Carlo (Student-t),0.95,2020-02-06,1236,20855112.71,33588959.08,8138870.7,False
2025-01-06,Monte Carlo (Student-t),0.97,2020-02-06,1236,26132890.83,40426623.76,8138870.7,False
2025-01-06,Monte Carlo (Student-t),0.99,2020-02-06,1236,39935926.19,57690005.55,8138870.7,False
2025-01-07,Historical,0.95,2020-02-07,1236,22123912.47,36403838.49,-13363765.76,False
2025-01-07,Historical,0.97,2020-02-07,1236,29223516.98,43519688.85,-13363765.76,False
2025-01-07,Historical,0.99,2020-02-07,1236,42922233.93,59973703.99,-13363765.76,False
2025-01-07,Parametric (Normal),0.95,2020-02-07,1236,24242513.8,30692042.29,-13363765.76,False
2025-01-07,Parametric (Normal),0.97,2020-02-07,1236,27884175.16,33861591.23,-13363765.76,False
2025-01-07,Parametric (Normal),0.99,2020-02-07,1236,34761168.81,39991467.1,-13363765.76,False
2025-01-07,Monte Carlo (Student-t),0.95,2020-02-07,1236,20667192.45,33814053.59,-13363765.76,False
2025-01-07,Monte Carlo (Student-t),0.97,2020-02-07,1236,26229008.32,40915409.2,-13363765.76,False
2025-01-07,Monte Carlo (Student-t),0.99,2020-02-07,1236,39496092.4,61133074.22,-13363765.76,False
2025-01-08,Historical,0.95,2020-02-10,1236,22123912.47,36403838.49,1315890.76,False
2025-01-08,Historical,0.97,2020-02-10,1236,29223516.98,43519688.85,1315890.76,False
2025-01-08,Historical,0.99,2020-02-10,1236,42922233.93,59973703.99,1315890.76,False
2025-01-08,Parametric (Normal),0.95,2020-02-10,1236,24258788.11,30710398.49,1315890.76,False
2025-01-08,Parametric (Normal),0.97,2020-02-10,1236,27901624.99,33880970.55,1315890.76,False
2025-01-08,Parametric (Normal),0.99,2020-02-10,1236,34780838.51,40012825.12,1315890.76,False
2025-01-08,Monte Carlo (Student-t),0.95,2020-02-10,1236,21160857.62,35708681.11,1315890.76,False
2025-01-08,Monte Carlo (Student-t),0.97,2020-02-10,1236,26688192.29,43776498.76,1315890.76,False
2025-01-08,Monte Carlo (Student-t),0.99,2020-02-10,1236,42954235.04,64856461.5,1315890.76,False
2025-01-10,Historical,0.95,2020-02-10,1237,22118712.7,36403838.49,-14908355.01,False
2025-01-10,Historical,0.97,2020-02-10,1237,29207079.84,43519688.85,-14908355.01,False
2025-01-10,Historical,0.99,2020-02-10,1237,42908787.7,59973703.99,-14908355.01,False
2025-01-10,Parametric (Normal),0.95,2020-02-10,1237,24248369.5,30697369.83,-14908355.01,False
2025-01-10,Parametric (Normal),0.97,2020-02-10,1237,27889732.64,33866659.2,-14908355.01,False
2025-01-10,Parametric (Normal),0.99,2020-02-10,1237,34766163.12,39996033.08,-14908355.01,False
2025-01-10,Monte Carlo (Student-t),0.95,2020-02-10,1237,20335351.02,32333754.11,-14908355.01,False
2025-01-10,Monte Carlo (Student-t),0.97,2020-02-10,1237,25728133.37,38716962.21,-14908355.01,False
2025-01-10,Monte Carlo (Student-t),0.99,2020-02-10,1237,39023888.87,54712469.05,-14908355.01,False
2025-01-13,Historical,0.95,2020-02-13,1235,22129112.25,36403838.49,-606857.32,False
2025-01-13,Historical,0.97,2020-02-13,1235,29239954.13,43519688.85,-606857.32,False
2025-01-13,Historical,0.99,2020-02-13,1235,42935680.17,59973703.99,-606857.32,False
2025-01-13,Parametric (Normal),0.95,2020-02-13,1235,24300326.4,30755329.18,-606857.32,False
2025-01-13,Parametric (Normal),0.97,2020-02-13,1235,27945078.76,33927568.39,-606857.32,False
2025-01-13,Parametric (Normal),0.99,2020-02-13,1235,34827909.52,40062647.22,-606857.32,False
2025-01-13,Monte Carlo (Student-t),0.95,2020-02-13,1235,20686496.02,33385738.09,-606857.32,False
2025-01-13,Monte Carlo (Student-t),0.97,2020-02-13,1235,26316202.12,40131972.35,-606857.32,False
2025-01-13,Monte Carlo (Student-t),0.99,2020-02-13,1235,40360548.7,57664705.29,-606857.32,False
2025-01-14,Historical,0.95,2020-02-14,1235,22129112.25,36403838.49,-1911762.82,False
2025-01-14,Historical,0.97,2020-02-14,1235,29239954.13,43519688.85,-1911762.82,False
2025-01-14,Historical,0.99,2020-02-14,1235,42935680.17,59973703.99,-1911762.82,False
2025-01-14,Parametric (Normal),0.95,2020-02-14,1235,24300334.41,30755337.5,-1911762.82,False
2025-01-14,Parametric (Normal),0.97,2020-02-14,1235,27945086.95,33927576.87,-1911762.82,False
2025-01-14,Parametric (Normal),0.99,2020-02-14,1235,34827918.05,40062656.0,-1911762.82,False
2025-01-14,Monte Carlo (Student-t),0.95,2020-02-14,1235,21338157.05,35094382.36,-1911762.82,False
2025-01-14,Monte Carlo (Student-t),0.97,2020-02-14,1235,27266836.66,42493167.67,-1911762.82,False
2025-01-14,Monte Carlo (Student-t),0.99,2020-02-14,1235,41619547.92,62164057.25,-1911762.82,False
2025-01-15,Historical,0.95,2020-02-18,1235,22129112.25,36403838.49,22006685.9,False
2025-01-15,Historical,0.97,2020-02-18,1235,29239954.13,43519688.85,22006685.9,False
2025-01-15,Historical,0.99,2020-02-18,1235,42935680.17,59973703.99,22006685.9,False
2025-01-15,Parametric (Normal),0.95,2020-02-18,1235,24306414.56,30761149.0,22006685.9,False
2025-01-15,Parametric (Normal),0.97,2020-02-18,1235,27951015.4,33933256.35,22006685.9,False
2025-01-15,Parametric (Normal),0.99,2020-02-18,1235,34833560.06,40068080.15,22006685.9,False
2025-01-15,Monte Carlo (Student-t),0.95,2020-02-18,1235,20678829.25,35811501.19,22006685.9,False
2025-01-15,Monte Carlo (Student-t),0.97,2020-02-18,1235,25860059.83,44226350.26,22006685.9,False
2025-01-15,Monte Carlo (Student-t),0.99,2020-02-18,1235,41139375.43,69105823.49,22006685.9,False
2025-01-16,Historical,0.95,2020-02-18,1236,22123912.47,36403838.49,-6304476.75,False
2025-01-16,Historical,0.97,2020-02-18,1236,29223516.98,43519688.85,-6304476.75,False
2025-01-16,Historical,0.99,2020-02-18,1236,42922233.93,59973703.99,-6304476.75,False
2025-01-16,Parametric (Normal),0.95,2020-02-18,1236,24298037.54,30754940.54,-6304476.75,False
2025-01-16,Parametric (Normal),0.97,2020-02-18,1236,27943862.84,33928113.59,-6304476.75,False
2025-01-16,Parametric (Normal),0.99,2020-02-18,1236,34828719.77,40064998.48,-6304476.75,False
2025-01-16,Monte Carlo (Student-t),0.95,2020-02-18,1236,20667930.91,33101890.43,-6304476.75,False
2025-01-16,Monte Carlo (Student-t),0.97,2020-02-18,1236,25851615.28,39839267.89,-6304476.75,False
2025-01-16,Monte Carlo (Student-t),0.99,2020-02-18,1236,39349456.7,57183766.13,-6304476.75,False
2025-01-17,Historical,0.95,2020-02-18,1237,22118712.7,36403838.49,11880425.41,False
2025-01-17,Historical,0.97,2020-02-18,1237,29207079.84,43519688.85,11880425.41,False
2025-01-17,Historical,0.99,2020-02-18,1237,42908787.7,59973703.99,11880425.41,False
2025-01-17,Parametric (Normal),0.95,2020-02-18,1237,24296126.41,30751019.41,11880425.41,False
2025-01-17,Parametric (Normal),0.97,2020-02-18,1237,27940816.78,33923204.66,11880425.41,False
2025-01-17,Parametric (Normal),0.99,2020-02-18,1237,34823530.49,40058179.16,11880425.41,False
2025-01-17,Monte Carlo (Student-t),0.95,2020-02-18,1237,20252964.06,34027830.51,11880425.41,False
2025-01-17,Monte Carlo (Student-t),0.97,2020-02-18,1237,25220857.59,41672225.0,11880425.41,False
2025-01-17,Monte Carlo (Student-t),0.99,2020-02-18,1237,39750656.51,64001142.22,11880425.41,False
2025-01-21,Historical,0.95,2020-02-21,1235,22129112.25,36403838.49,7660410.34,False
2025-01-21,Historical,0.97,2020-02-21,1235,29239954.13,43519688.85,7660410.34,False
2025-01-21,Historical,0.99,2020-02-21,1235,42935680.17,59973703.99,7660410.34,False
2025-01-21,Parametric (Normal),0.95,2020-02-21,1235,24306769.89,30765566.92,7660410.34,False
2025-01-21,Parametric (Normal),0.97,2020-02-21,1235,27953664.64,33939670.77,7660410.34,False
2025-01-21,Parametric (Normal),0.99,2020-02-21,1235,34840541.12,40078355.8,7660410.34,False
2025-01-21,Monte Carlo (Student-t),0.95,2020-02-21,1235,20561720.9,34942582.55,7660410.34,False
2025-01-21,Monte Carlo (Student-t),0.97,2020-02-21,1235,26244254.27,42888720.71,7660410.34,False
2025-01-21,Monte Carlo (Student-t),0.99,2020-02-21,1235,41213058.89,64549013.24,7660410.34,False
2025-01-22,Historical,0.95,2020-02-24,1235,22129112.25,36403838.49,8803514.86,False
2025-01-22,Historical,0.97,2020-02-24,1235,29239954.13,43519688.85,8803514.86,False
2025-01-22,Historical,0.99,2020-02-24,1235,42935680.17,59973703.99,8803514.86,False
2025-01-22,Parametric (Normal),0.95,2020-02-24,1235,24275663.73,30731526.84,8803514.86,False
2025-01-22,Parametric (Normal),0.97,2020-02-24,1235,27920901.87,33904188.86,8803514.86,False
2025-01-22,Parametric (Normal),0.99,2020-02-24,1235,34804649.99,40040085.4,8803514.86,False
2025-01-22,Monte Carlo (Student-t),0.95,2020-02-24,1235,20204616.91,31461992.76,8803514.86,False
2025-01-22,Monte Carlo (Student-t),0.97,2020-02-24,1235,24832258.78,37553630.42,8803514.86,False
2025-01-22,Monte Carlo (Student-t),0.99,2020-02-24,1235,36936409.1,53040619.67,8803514.86,False
2025-01-23,Historical,0.95,2020-02-24,1236,22123912.47,36403838.49,5096189.33,False
2025-01-23,Historical,0.97,2020-02-24,1236,29223516.98,43519688.85,5096189.33,False
2025-01-23,Historical,0.99,2020-02-24,1236,42922233.93,59973703.99,5096189.33,False
2025-01-23,Parametric (Normal),0.95,2020-02-24,1236,24261702.65,30715594.8,5096189.33,False
2025-01-23,Parametric (Normal),0.97,2020-02-24,1236,27905827.91,33887288.21,5096189.33,False
2025-01-23,Parametric (Normal),0.99,2020-02-24,1236,34787474.44,40021311.47,5096189.33,False
2025-01-23,Monte Carlo (Student-t),0.95,2020-02-24,1236,20860697.1,33805935.29,5096189.33,False
2025-01-23,Monte Carlo (Student-t),0.97,2020-02-24,1236,25949286.34,40832120.56,5096189.33,False
2025-01-23,Monte Carlo (Student-t),0.99,2020-02-24,1236,40332151.29,59159847.0,5096189.33,False
2025-01-24,Historical,0.95,2020-02-24,1237,22118712.7,36403838.49,-2527556.27,False
2025-01-24,Historical,0.97,2020-02-24,1237,29207079.84,43519688.85,-2527556.27,False
2025-01-24,Historical,0.99,2020-02-24,1237,42908787.7,59973703.99,-2527556.27,False
2025-01-24,Parametric (Normal),0.95,2020-02-24,1237,24248900.8,30700352.56,-2527556.27,False
2025-01-24,Parametric (Normal),0.97,2020-02-24,1237,27891648.11,33870846.67,-2527556.27,False
2025-01-24,Parametric (Normal),0.99,2020-02-24,1237,34770692.51,40002550.49,-2527556.27,False
2025-01-24,Monte Carlo (Student-t),0.95,2020-02-24,1237,20067967.96,32354401.36,-2527556.27,False
2025-01-24,Monte Carlo (Student-t),0.97,2020-02-24,1237,25366637.34,38975835.69,-2527556.27,False
2025-01-24,Monte Carlo (Student-t),0.99,2020-02-24,1237,38136934.92,56082187.08,-2527556.27,False
2025-01-27,Historical,0.95,2020-02-27,1235,21573976.87,35944184.98,-17390988.87,False
2025-01-27,Historical,0.97,2020-02-27,1235,28340975.57,43118213.19,-17390988.87,False
2025-01-27,Historical,0.99,2020-02-27,1235,42885555.02,59973703.99,-17390988.87,False
2025-01-27,Parametric (Normal),0.95,2020-02-27,1235,24089279.01,30514733.31,-17390988.87,False
2025-01-27,Parametric (Normal),0.97,2020-02-27,1235,27717347.12,33672451.26,-17390988.87,False
2025-01-27,Parametric (Normal),0.99,2020-02-27,1235,34568670.98,39779446.1,-17390988.87,False
2025-01-27,Monte Carlo (Student-t),0.95,2020-02-27,1235,20505249.38,34479479.42,-17390988.87,False
2025-01-27,Monte Carlo (Student-t),0.97,2020-02-27,1235,25981150.83,42178229.84,-17390988.87,False
2025-01-27,Monte Carlo (Student-t),0.99,2020-02-27,1235,40939346.4,63477085.17,-17390988.87,False
2025-01-28,Historical,0.95,2020-02-28,1235,21369258.86,35468216.73,15184809.59,False
2025-01-28,Historical,0.97,2020-02-28,1235,28004564.38,42512449.81,15184809.59,False
2025-01-28,Historical,0.99,2020-02-28,1235,41668889.35,59271802.66,15184809.59,False
2025-01-28,Parametric (Normal),0.95,2020-02-28,1235,23958546.87,30357708.58,15184809.59,False
2025-01-28,Parametric (Normal),0.97,2020-02-28,1235,27571769.13,33502505.32,15184809.59,False
2025-01-28,Parametric (Normal),0.99,2020-02-28,1235,34395057.76,39584510.69,15184809.59,False
2025-01-28,Monte Carlo (Student-t),0.95,2020-02-28,1235,21041176.61,34185225.22,15184809.59,False
2025-01-28,Monte Carlo (Student-t),0.97,2020-02-28,1235,26101732.1,41364570.1,15184809.59,False
2025-01-28,Monte Carlo (Student-t),0.99,2020-02-28,1235,40781825.75,60379046.15,15184809.59,False
2025-01-29,Historical,0.95,2020-03-02,1235,21369258.86,35468216.73,-5077442.28,False
2025-01-29,Historical,0.97,2020-03-02,1235,28004564.38,42512449.81,-5077442.28,False
2025-01-29,Historical,0.99,2020-03-02,1235,41668889.35,59271802.66,-5077442.28,False
2025-01-29,Parametric (Normal),0.95,2020-03-02,1235,23957399.77,30358649.69,-5077442.28,False
2025-01-29,Parametric (Normal),0.97,2020-03-02,1235,27571801.12,33504472.67,-5077442.28,False
2025-01-29,Parametric (Normal),0.99,2020-03-02,1235,34397316.38,39588462.76,-5077442.28,False
2025-01-29,Monte Carlo (Student-t),0.95,2020-03-02,1235,20645374.93,31807592.61,-5077442.28,False
2025-01-29,Monte Carlo (Student-t),0.97,2020-03-02,1235,25682673.35,37713066.58,-5077442.28,False
2025-01-29,Monte Carlo (Student-t),0.99,2020-03-02,1235,37673850.49,52200528.57,-5077442.28,False
2025-01-30,Historical,0.95,2020-03-02,1236,21358814.0,35468216.73,4132054.91,False
2025-01-30,Historical,0.97,2020-03-02,1236,28001645.13,42512449.81,4132054.91,False
2025-01-30,Historical,0.99,2020-03-02,1236,41662068.41,59271802.66,4132054.91,False
2025-01-30,Parametric (Normal),0.95,2020-03-02,1236,23954042.03,30353140.43,4132054.91,False
2025-01-30,Parametric (Normal),0.97,2020-03-02,1236,27567228.54,33497906.06,4132054.91,False
2025-01-30,Parametric (Normal),0.99,2020-03-02,1236,34390449.67,39579851.26,4132054.91,False
2025-01-30,Monte Carlo (Student-t),0.95,2020-03-02,1236,21463579.02,33935075.53,4132054.91,False
2025-01-30,Monte Carlo (Student-t),0.97,2020-03-02,1236,27105027.45,40615494.92,4132054.91,False
2025-01-30,Monte Carlo (Student-t),0.99,2020-03-02,1236,40372507.9,57106388.67,4132054.91,False
2025-01-31,Historical,0.95,2020-03-02,1237,21348369.13,35468216.73,-3827663.29,False
2025-01-31,Historical,0.97,2020-03-02,1237,27998725.88,42512449.81,-3827663.29,False
2025-01-31,Historical,0.99,2020-03-02,1237,41655247.46,59271802.66,-3827663.29,False
2025-01-31,Parametric (Normal),0.95,2020-03-02,1237,23941872.79,30338474.62,-3827663.29,False
2025-01-31,Parametric (Normal),0.97,2020-03-02,1237,27553649.64,33482013.34,-3827663.29,False
2025-01-31,Parametric (Normal),0.99,2020-03-02,1237,34374208.73,39561585.71,-3827663.29,False
2025-01-31,Monte Carlo (Student-t),0.95,2020-03-02,1237,19470710.21,33920830.72,-3827663.29,False
2025-01-31,Monte Carlo (Student-t),0.97,2020-03-02,1237,24485312.56,42075716.57,-3827663.29,False
2025-01-31,Monte Carlo (Student-t),0.99,2020-03-02,1237,40356616.8,65322311.17,-3827663.29,False
2025-02-03,Historical,0.95,2020-03-03,1237,21348369.13,35468216.73,-9255533.53,False
2025-02-03,Historical,0.97,2020-03-03,1237,27998725.88,42512449.81,-9255533.53,False
2025-02-03,Historical,0.99,2020-03-03,1237,41655247.46,59271802.66,-9255533.53,False
2025-02-03,Parametric (Normal),0.95,2020-03-03,1237,23880510.69,30250332.33,-9255533.53,False
2025-02-03,Parametric (Normal),0.97,2020-03-03,1237,27477166.38,33380710.22,-9255533.53,False
2025-02-03,Parametric (Normal),0.99,2020-03-03,1237,34269170.32,39434829.68,-9255533.53,False
2025-02-03,Monte Carlo (Student-t),0.95,2020-03-03,1237,20577296.38,32283025.38,-9255533.53,False
2025-02-03,Monte Carlo (Student-t),0.97,2020-03-03,1237,25773573.35,38544942.0,-9255533.53,False
2025-02-03,Monte Carlo (Student-t),0.99,2020-03-03,1237,39046744.63,53267273.08,-9255533.53,False
2025-02-04,Historical,0.95,2020-03-04,1237,21189168.89,35300245.63,9105060.89,False
2025-02-04,Historical,0.97,2020-03-04,1237,27892520.04,42412144.67,9105060.89,False
2025-02-04,Historical,0.99,2020-03-04,1237,41655247.46,59271802.66,9105060.89,False
2025-02-04,Parametric (Normal),0.95,2020-03-04,1237,23819773.37,30178778.93,9105060.89,False
2025-02-04,Parametric (Normal),0.97,2020-03-04,1237,27410321.86,33303841.37,9105060.89,False
2025-02-04,Parametric (Normal),0.99,2020-03-04,1237,34190792.85,39347680.82,9105060.89,False
2025-02-04,Monte Carlo (Student-t),0.95,2020-03-04,1237,20499912.14,32950145.27,9105060.89,False
2025-02-04,Monte Carlo (Student-t),0.97,2020-03-04,1237,26086451.8,39533863.98,9105060.89,False
2025-02-04,Monte Carlo (Student-t),0.99,2020-03-04,1237,39506032.23,55690760.54,9105060.89,False
2025-02-05,Historical,0.95,2020-03-05,1237,21189168.89,35300245.63,3111579.89,False
2025-02-05,Historical,0.97,2020-03-05,1237,27892520.04,42412144.67,3111579.89,False
2025-02-05,Historical,0.99,2020-03-05,1237,41655247.46,59271802.66,3111579.89,False
2025-02-05,Parametric (Normal),0.95,2020-03-05,1237,23771940.98,30111730.55,3111579.89,False
2025-02-05,Parametric (Normal),0.97,2020-03-05,1237,27351639.36,33227349.52,3111579.89,False
2025-02-05,Parametric (Normal),0.99,2020-03-05,1237,34111620.76,39252925.37,3111579.89,False
2025-02-05,Monte Carlo (Student-t),0.95,2020-03-05,1237,19815659.95,30956333.89,3111579.89,False
2025-02-05,Monte Carlo (Student-t),0.97,2020-03-05,1237,24697331.13,36829087.34,3111579.89,False
2025-02-05,Monte Carlo (Student-t),0.99,2020-03-05,1237,36812184.34,51291378.92,3111579.89,False
2025-02-06,Historical,0.95,2020-03-06,1237,20889593.71,35101137.67,5004350.32,False
2025-02-06,Historical,0.97,2020-03-06,1237,27647648.33,42259412.26,5004350.32,False
2025-02-06,Historical,0.99,2020-03-06,1237,41655247.46,59271802.66,5004350.32,False
2025-02-06,Parametric (Normal),0.95,2020-03-06,1237,23689628.15,30016026.72,5004350.32,False
2025-02-06,Parametric (Normal),0.97,2020-03-06,1237,27261765.43,33125064.82,5004350.32,False
2025-02-06,Parametric (Normal),0.99,2020-03-06,1237,34007468.3,39137913.36,5004350.32,False
2025-02-06,Monte Carlo (Student-t),0.95,2020-03-06,1237,21288599.01,34401245.57,5004350.32,False
2025-02-06,Monte Carlo (Student-t),0.97,2020-03-06,1237,26347748.27,41563669.65,5004350.32,False
2025-02-06,Monte Carlo (Student-t),0.99,2020-03-06,1237,40259993.46,60902417.84,5004350.32,False
2025-02-07,Historical,0.95,2020-03-09,1237,20889593.71,35101137.67,-11657191.15,False
2025-02-07,Historical,0.97,2020-03-09,1237,27647648.33,42259412.26,-11657191.15,False
2025-02-07,Historical,0.99,2020-03-09,1237,41655247.46,59271802.66,-11657191.15,False
2025-02-07,Parametric (Normal),0.95,2020-03-09,1237,23655887.96,29978400.52,-11657191.15,False
2025-02-07,Parametric (Normal),0.97,2020-03-09,1237,27225831.05,33085528.9,-11657191.15,False
2025-02-07,Parametric (Normal),0.99,2020-03-09,1237,33967390.35,39094684.03,-11657191.15,False
2025-02-07,Monte Carlo (Student-t),0.95,2020-03-09,1237,20467668.48,32487327.93,-11657191.15,False
2025-02-07,Monte Carlo (Student-t),0.97,2020-03-09,1237,25377525.75,38916966.27,-11657191.15,False
2025-02-07,Monte Carlo (Student-t),0.99,2020-03-09,1237,38638755.59,55044121.33,-11657191.15,False
2025-02-10,Historical,0.95,2020-03-10,1237,20644738.65,34236342.81,7758149.59,False
2025-02-10,Historical,0.97,2020-03-10,1237,26995417.66,41012004.57,7758149.59,False
2025-02-10,Historical,0.99,2020-03-10,1237,41106973.94,56716370.9,7758149.59,False
2025-02-10,Parametric (Normal),0.95,2020-03-10,1237,23359271.0,29619324.34,7758149.59,False
2025-02-10,Parametric (Normal),0.97,2020-03-10,1237,26893947.12,32695757.82,7758149.59,False
2025-02-10,Parametric (Normal),0.99,2020-03-10,1237,33568907.49,38645549.34,7758149.59,False
2025-02-10,Monte Carlo (Student-t),0.95,2020-03-10,1237,20638295.37,34300986.87,7758149.59,False
2025-02-10,Monte Carlo (Student-t),0.97,2020-03-10,1237,26566375.62,41599527.49,7758149.59,False
2025-02-10,Monte Carlo (Student-t),0.99,2020-03-10,1237,40407872.31,60173619.93,7758149.59,False
2025-02-11,Historical,0.95,2020-03-11,1237,20644738.65,34236342.81,519444.78,False
2025-02-11,Historical,0.97,2020-03-11,1237,26995417.66,41012004.57,519444.78,False
2025-02-11,Historical,0.99,2020-03-11,1237,41106973.94,56716370.9,519444.78,False
2025-02-11,Parametric (Normal),0.95,2020-03-11,1237,23268372.78,29495510.52,519444.78,False
2025-02-11,Parametric (Normal),0.97,2020-03-11,1237,26784463.44,32555767.99,519444.78,False
2025-02-11,Parametric (Normal),0.99,2020-03-11,1237,33424326.61,38474275.28,519444.78,False
2025-02-11,Monte Carlo (Student-t),0.95,2020-03-11,1237,20634468.21,32670118.83,519444.78,False
2025-02-11,Monte Carlo (Student-t),0.97,2020-03-11,1237,25842784.82,38969854.82,519444.78,False
2025-02-11,Monte Carlo (Student-t),0.99,2020-03-11,1237,38707547.43,55246461.43,519444.78,False
2025-02-12,Historical,0.95,2020-03-12,1237,20356962.4,33842467.14,-2117884.7,False
2025-02-12,Historical,0.97,2020-03-12,1237,26495925.96,40524820.39,-2117884.7,False
2025-02-12,Historical,0.99,2020-03-12,1237,40252043.25,56400034.95,-2117884.7,False
2025-02-12,Parametric (Normal),0.95,2020-03-12,1237,23135749.41,29338547.96,-2117884.7,False
2025-02-12,Parametric (Normal),0.97,2020-03-12,1237,26638097.19,32386844.21,-2117884.7,False
2025-02-12,Parametric (Normal),0.99,2020-03-12,1237,33252008.0,38282218.6,-2117884.7,False
2025-02-12,Monte Carlo (Student-t),0.95,2020-03-12,1237,19783383.29,30921723.6,-2117884.7,False
2025-02-12,Monte Carlo (Student-t),0.97,2020-03-12,1237,24610704.39,36814311.88,-2117884.7,False
2025-02-12,Monte Carlo (Student-t),0.99,2020-03-12,1237,36889549.87,51728386.8,-2117884.7,False
2025-02-13,Historical,0.95,2020-03-13,1237,20174612.72,32602038.66,12135846.92,False
2025-02-13,Historical,0.97,2020-03-13,1237,26347710.43,38660551.57,12135846.92,False
2025-02-13,Historical,0.99,2020-03-13,1237,39030876.99,51929468.18,12135846.92,False
2025-02-13,Parametric (Normal),0.95,2020-03-13,1237,22620376.22,28711776.57,12135846.92,False
2025-02-13,Parametric (Normal),0.97,2020-03-13,1237,26059824.13,31705327.41,12135846.92,False
2025-02-13,Parametric (Normal),0.99,2020-03-13,1237,32554953.43,37494824.74,12135846.92,False
2025-02-13,Monte Carlo (Student-t),0.95,2020-03-13,1237,19824281.45,30848014.21,12135846.92,False
2025-02-13,Monte Carlo (Student-t),0.97,2020-03-13,1237,24813278.63,36724158.32,12135846.92,False
2025-02-13,Monte Carlo (Student-t),0.99,2020-03-13,1237,36677550.61,50622565.38,12135846.92,False
2025-02-14,Historical,0.95,2020-03-16,1237,20174612.72,32602038.66,766666.88,False
2025-02-14,Historical,0.97,2020-03-16,1237,26347710.43,38660551.57,766666.88,False
2025-02-14,Historical,0.99,2020-03-16,1237,39030876.99,51929468.18,766666.88,False
2025-02-14,Parametric (Normal),0.95,2020-03-16,1237,22246158.48,28224398.18,766666.88,False
2025-02-14,Parametric (Normal),0.97,2020-03-16,1237,25621711.36,31162337.48,766666.88,False
2025-02-14,Parametric (Normal),0.99,2020-03-16,1237,31996179.9,36844282.65,766666.88,False
2025-02-14,Monte Carlo (Student-t),0.95,2020-03-16,1237,20536879.97,31751973.88,766666.88,False
2025-02-14,Monte Carlo (Student-t),0.97,2020-03-16,1237,25204795.59,37847441.98,766666.88,False
2025-02-14,Monte Carlo (Student-t),0.99,2020-03-16,1237,37207100.47,53590295.04,766666.88,False
2025-02-18,Historical,0.95,2020-03-18,1236,20100040.84,30861294.03,780343.34,False
2025-02-18,Historical,0.97,2020-03-18,1236,26134741.6,35979782.97,780343.34,False
2025-02-18,Historical,0.99,2020-03-18,1236,38882053.37,45072831.36,780343.34,False
2025-02-18,Parametric (Normal),0.95,2020-03-18,1236,21242010.37,26979640.64,780343.34,False
2025-02-18,Parametric (Normal),0.97,2020-03-18,1236,24481705.56,29799335.13,780343.34,False
2025-02-18,Parametric (Normal),0.99,2020-03-18,1236,30599617.44,35252596.0,780343.34,False
2025-02-18,Monte Carlo (Student-t),0.95,2020-03-18,1236,20173098.3,31202243.38,780343.34,False
2025-02-18,Monte Carlo (Student-t),0.97,2020-03-18,1236,24682585.74,37147622.82,780343.34,False
2025-02-18,Monte Carlo (Student-t),0.99,2020-03-18,1236,36645311.33,52617519.02,780343.34,False
2025-02-19,Historical,0.95,2020-03-19,1236,20033442.24,30367077.92,3449176.53,False
2025-02-19,Historical,0.97,2020-03-19,1236,24860847.85,35299396.37,3449176.53,False
2025-02-19,Historical,0.99,2020-03-19,1236,38214651.48,44154264.8,3449176.53,False
2025-02-19,Parametric (Normal),0.95,2020-03-19,1236,21068369.64,26772474.62,3449176.53,False
2025-02-19,Parametric (Normal),0.97,2020-03-19,1236,24289135.11,29575693.48,3449176.53,False
2025-02-19,Parametric (Normal),0.99,2020-03-19,1236,30371299.7,34997090.64,3449176.53,False
2025-02-19,Monte Carlo (Student-t),0.95,2020-03-19,1236,18990791.15,28769759.61,3449176.53,False
2025-02-19,Monte Carlo (Student-t),0.97,2020-03-19,1236,23590977.37,33923224.83,3449176.53,False
2025-02-19,Monte Carlo (Student-t),0.99,2020-03-19,1236,33990442.85,46756666.42,3449176.53,False
2025-02-20,Historical,0.95,2020-03-20,1236,20033442.24,30367077.92,-4383507.2,False
2025-02-20,Historical,0.97,2020-03-20,1236,24860847.85,35299396.37,-4383507.2,False
2025-02-20,Historical,0.99,2020-03-20,1236,38214651.48,44154264.8,-4383507.2,False
2025-02-20,Parametric (Normal),0.95,2020-03-20,1236,21059561.49,26757109.26,-4383507.2,False
2025-02-20,Parametric (Normal),0.97,2020-03-20,1236,24276624.5,29557105.64,-4383507.2,False
2025-02-20,Parametric (Normal),0.99,2020-03-20,1236,30351797.26,34972270.58,-4383507.2,False
2025-02-20,Monte Carlo (Student-t),0.95,2020-03-20,1236,19263490.9,29286251.97,-4383507.2,False
2025-02-20,Monte Carlo (Student-t),0.97,2020-03-20,1236,23868872.63,34557190.83,-4383507.2,False
2025-02-20,Monte Carlo (Student-t),0.99,2020-03-20,1236,34629867.0,47606195.72,-4383507.2,False
2025-02-21,Historical,0.95,2020-03-23,1236,19900027.2,30064349.09,-17764603.57,False
2025-02-21,Historical,0.97,2020-03-23,1236,24645280.23,34927378.5,-17764603.57,False
2025-02-21,Historical,0.99,2020-03-23,1236,36783255.78,44028838.52,-17764603.57,False
2025-02-21,Parametric (Normal),0.95,2020-03-23,1236,20954419.66,26632327.92,-17764603.57,False
2025-02-21,Parametric (Normal),0.97,2020-03-23,1236,24160393.42,29422672.68,-17764603.57,False
2025-02-21,Parametric (Normal),0.99,2020-03-23,1236,30214624.99,34819171.49,-17764603.57,False
2025-02-21,Monte Carlo (Student-t),0.95,2020-03-23,1236,19500624.77,29387007.69,-17764603.57,False
2025-02-21,Monte Carlo (Student-t),0.97,2020-03-23,1236,24468275.85,34427948.08,-17764603.57,False
2025-02-21,Monte Carlo (Student-t),0.99,2020-03-23,1236,34077871.17,46301632.46,-17764603.57,False
2025-02-24,Historical,0.95,2020-03-24,1236,19900027.2,30064349.09,-6588024.19,False
2025-02-24,Historical,0.97,2020-03-24,1236,24645280.23,34927378.5,-6588024.19,False
2025-02-24,Historical,0.99,2020-03-24,1236,36783255.78,44028838.52,-6588024.19,False
2025-02-24,Parametric (Normal),0.95,2020-03-24,1236,20960138.2,26639043.31,-6588024.19,False
2025-02-24,Parametric (Normal),0.97,2020-03-24,1236,24166674.82,29429877.97,-6588024.19,False
2025-02-24,Parametric (Normal),0.99,2020-03-24,1236,30221969.32,34827324.22,-6588024.19,False
2025-02-24,Monte Carlo (Student-t),0.95,2020-03-24,1236,18996650.91,28623701.86,-6588024.19,False
2025-02-24,Monte Carlo (Student-t),0.97,2020-03-24,1236,23585879.83,33633989.85,-6588024.19,False
2025-02-24,Monte Carlo (Student-t),0.99,2020-03-24,1236,34203793.39,45274311.9,-6588024.19,False
2025-02-25,Historical,0.95,2020-03-25,1236,19900027.2,30064349.09,-7462921.7,False
2025-02-25,Historical,0.97,2020-03-25,1236,24645280.23,34927378.5,-7462921.7,False
2025-02-25,Historical,0.99,2020-03-25,1236,36783255.78,44028838.52,-7462921.7,False
2025-02-25,Parametric (Normal),0.95,2020-03-25,1236,20547694.51,26099472.05,-7462921.7,False
2025-02-25,Parametric (Normal),0.97,2020-03-25,1236,23682449.83,28827831.28,-7462921.7,False
2025-02-25,Parametric (Normal),0.99,2020-03-25,1236,29602190.93,34104450.68,-7462921.7,False
2025-02-25,Monte Carlo (Student-t),0.95,2020-03-25,1236,19749192.55,29536748.87,-7462921.7,False
2025-02-25,Monte Carlo (Student-t),0.97,2020-03-25,1236,24252914.56,34649164.07,-7462921.7,False
2025-02-25,Monte Carlo (Student-t),0.99,2020-03-25,1236,34852349.87,46587150.09,-7462921.7,False
2025-02-26,Historical,0.95,2020-03-26,1236,19900027.2,30064349.09,524447.53,False
2025-02-26,Historical,0.97,2020-03-26,1236,24645280.23,34927378.5,524447.53,False
2025-02-26,Historical,0.99,2020-03-26,1236,36783255.78,44028838.52,524447.53,False
2025-02-26,Parametric (Normal),0.95,2020-03-26,1236,20560274.48,26112958.26,524447.53,False
2025-02-26,Parametric (Normal),0.97,2020-03-26,1236,23695541.5,28841762.85,524447.53,False
2025-02-26,Parametric (Normal),0.99,2020-03-26,1236,29616248.9,34119243.57,524447.53,False
2025-02-26,Monte Carlo (Student-t),0.95,2020-03-26,1236,19399308.7,28594896.8,524447.53,False
2025-02-26,Monte Carlo (Student-t),0.97,2020-03-26,1236,23381883.4,33415793.7,524447.53,False
2025-02-26,Monte Carlo (Student-t),0.99,2020-03-26,1236,33345890.45,45394975.59,524447.53,False
2025-02-27,Historical,0.95,2020-03-27,1236,19900027.2,30064349.09,-19288541.34,False
2025-02-27,Historical,0.97,2020-03-27,1236,24645280.23,34927378.5,-19288541.34,False
2025-02-27,Historical,0.99,2020-03-27,1236,36783255.78,44028838.52,-19288541.34,False
2025-02-27,Parametric (Normal),0.95,2020-03-27,1236,20449783.65,25962789.24,-19288541.34,False
2025-02-27,Parametric (Normal),0.97,2020-03-27,1236,23562646.78,28672094.43,-19288541.34,False
2025-02-27,Parametric (Normal),0.99,2020-03-27,1236,29441046.18,33911863.5,-19288541.34,False
2025-02-27,Monte Carlo (Student-t),0.95,2020-03-27,1236,18974100.17,28262303.09,-19288541.34,True
2025-02-27,Monte Carlo (Student-t),0.97,2020-03-27,1236,22811279.51,33317839.71,-19288541.34,False
2025-02-27,Monte Carlo (Student-t),0.99,2020-03-27,1236,33150803.19,46768026.25,-19288541.34,False
2025-02-28,Historical,0.95,2020-03-30,1236,19522854.17,29832921.83,18118593.79,False
2025-02-28,Historical,0.97,2020-03-30,1236,24574206.4,34673989.34,18118593.79,False
2025-02-28,Historical,0.99,2020-03-30,1236,36783255.78,44028838.52,18118593.79,False
2025-02-28,Parametric (Normal),0.95,2020-03-30,1236,20395484.19,25897762.36,18118593.79,False
2025-02-28,Parametric (Normal),0.97,2020-03-30,1236,23502290.19,28601795.68,18118593.79,False
2025-02-28,Parametric (Normal),0.99,2020-03-30,1236,29369251.18,33831369.0,18118593.79,False
2025-02-28,Monte Carlo (Student-t),0.95,2020-03-30,1236,19645952.55,28930136.8,18118593.79,False
2025-02-28,Monte Carlo (Student-t),0.97,2020-03-30,1236,23907046.93,33757823.52,18118593.79,False
2025-02-28,Monte Carlo (Student-t),0.99,2020-03-30,1236,34513424.29,45095207.09,18118593.79,False
2025-03-03,Historical,0.95,2020-04-03,1233,19401932.37,29393350.77,-21536604.52,True
2025-03-03,Historical,0.97,2020-04-03,1233,24450183.93,34349950.18,-21536604.52,False
2025-03-03,Historical,0.99,2020-04-03,1233,35794782.99,43215746.81,-21536604.52,False
2025-03-03,Parametric (Normal),0.95,2020-04-03,1233,20210492.33,25669502.68,-21536604.52,True
2025-03-03,Parametric (Normal),0.97,2020-04-03,1233,23292867.59,28352272.51,-21536604.52,False
2025-03-03,Parametric (Normal),0.99,2020-04-03,1233,29113693.03,33540722.46,-21536604.52,False
2025-03-03,Monte Carlo (Student-t),0.95,2020-04-03,1233,18714437.95,28442398.03,-21536604.52,True
2025-03-03,Monte Carlo (Student-t),0.97,2020-04-03,1233,22558584.5,33749052.55,-21536604.52,False
2025-03-03,Monte Carlo (Student-t),0.99,2020-04-03,1233,33180401.42,47472334.27,-21536604.52,False
2025-03-04,Historical,0.95,2020-04-06,1233,19590547.0,29427650.31,-10320302.19,False
2025-03-04,Historical,0.97,2020-04-06,1233,24450183.93,34349950.18,-10320302.19,False
2025-03-04,Historical,0.99,2020-04-06,1233,35794782.99,43215746.81,-10320302.19,False
2025-03-04,Parametric (Normal),0.95,2020-04-06,1233,20226239.36,25688115.9,-10320302.19,False
2025-03-04,Parametric (Normal),0.97,2020-04-06,1233,23310232.98,28372294.28,-10320302.19,False
2025-03-04,Parametric (Normal),0.99,2020-04-06,1233,29134114.57,33563468.37,-10320302.19,False
2025-03-04,Monte Carlo (Student-t),0.95,2020-04-06,1233,18659288.24,27644954.75,-10320302.19,False
2025-03-04,Monte Carlo (Student-t),0.97,2020-04-06,1233,22568117.23,32434244.05,-10320302.19,False
2025-03-04,Monte Carlo (Student-t),0.99,2020-04-06,1233,33466991.61,43355082.13,-10320302.19,False
2025-03-05,Historical,0.95,2020-04-06,1234,19567982.73,29427650.31,12292913.4,False
2025-03-05,Historical,0.97,2020-04-06,1234,24446095.28,34349950.18,12292913.4,False
2025-03-05,Historical,0.99,2020-04-06,1234,35785456.01,43215746.81,12292913.4,False
2025-03-05,Parametric (Normal),0.95,2020-04-06,1234,20233770.24,25695173.07,12292913.4,False
2025-03-05,Parametric (Normal),0.97,2020-04-06,1234,23317496.39,28379118.66,12292913.4,False
2025-03-05,Parametric (Normal),0.99,2020-04-06,1234,29140872.88,33569842.52,12292913.4,False
2025-03-05,Monte Carlo (Student-t),0.95,2020-04-06,1234,18425808.34,27633721.2,12292913.4,False
2025-03-05,Monte Carlo (Student-t),0.97,2020-04-06,1234,22917258.7,32435228.78,12292913.4,False
2025-03-05,Monte Carlo (Student-t),0.99,2020-04-06,1234,33473383.19,43442148.13,12292913.4,False
2025-03-06,Historical,0.95,2020-04-06,1235,19545418.45,29427650.31,-19897150.25,True
2025-03-06,Historical,0.97,2020-04-06,1235,24439332.29,34089286.55,-19897150.25,False
2025-03-06,Historical,0.99,2020-04-06,1235,35776129.03,43215746.81,-19897150.25,False
2025-03-06,Parametric (Normal),0.95,2020-04-06,1235,20222326.47,25683090.7,-19897150.25,False
2025-03-06,Parametric (Normal),0.97,2020-04-06,1235,23305692.04,28366722.46,-19897150.25,False
2025-03-06,Parametric (Normal),0.99,2020-04-06,1235,29128387.61,33556839.37,-19897150.25,False
2025-03-06,Monte Carlo (Student-t),0.95,2020-04-06,1235,18888921.45,27716767.93,-19897150.25,True
2025-03-06,Monte Carlo (Student-t),0.97,2020-04-06,1235,23005522.14,32333999.84,-19897150.25,False
2025-03-06,Monte Carlo (Student-t),0.99,2020-04-06,1235,33381505.01,43572906.45,-19897150.25,False
2025-03-07,Historical,0.95,2020-04-07,1235,19872067.9,29428228.25,5320900.95,False
2025-03-07,Historical,0.97,2020-04-07,1235,24439332.29,34089286.55,5320900.95,False
2025-03-07,Historical,0.99,2020-04-07,1235,35776129.03,43215746.81,5320900.95,False
2025-03-07,Parametric (Normal),0.95,2020-04-07,1235,20049997.73,25447678.84,5320900.95,False
2025-03-07,Parametric (Normal),0.97,2020-04-07,1235,23097744.05,28100309.1,5320900.95,False
2025-03-07,Parametric (Normal),0.99,2020-04-07,1235,28853175.44,33230469.43,5320900.95,False
2025-03-07,Monte Carlo (Student-t),0.95,2020-04-07,1235,18648238.99,27514525.13,5320900.95,False
2025-03-07,Monte Carlo (Student-t),0.97,2020-04-07,1235,22631777.65,32225809.34,5320900.95,False
2025-03-07,Monte Carlo (Student-t),0.99,2020-04-07,1235,32025566.46,43394020.31,5320900.95,False
2025-03-10,Historical,0.95,2020-04-13,1233,19875651.09,29428228.25,-34201288.02,True
2025-03-10,Historical,0.97,2020-04-13,1233,24450183.93,34349950.18,-34201288.02,True
2025-03-10,Historical,0.99,2020-04-13,1233,35794782.99,43215746.81,-34201288.02,False
2025-03-10,Parametric (Normal),0.95,2020-04-13,1233,20045330.08,25436836.04,-34201288.02,True
2025-03-10,Parametric (Normal),0.97,2020-04-13,1233,23089589.66,28086431.58,-34201288.02,True
2025-03-10,Parametric (Normal),0.99,2020-04-13,1233,28838436.62,33210722.81,-34201288.02,True
2025-03-10,Monte Carlo (Student-t),0.95,2020-04-13,1233,19014206.7,27739527.54,-34201288.02,True
2025-03-10,Monte Carlo (Student-t),0.97,2020-04-13,1233,23644390.24,32154982.51,-34201288.02,True
2025-03-10,Monte Carlo (Student-t),0.99,2020-04-13,1233,32381277.54,42412875.26,-34201288.02,True
2025-03-11,Historical,0.95,2020-04-13,1234,19938801.5,29658940.14,-4877000.1,False
2025-03-11,Historical,0.97,2020-04-13,1234,24581697.23,34609957.4,-4877000.1,False
2025-03-11,Historical,0.99,2020-04-13,1234,35785456.01,43215746.81,-4877000.1,False
2025-03-11,Parametric (Normal),0.95,2020-04-13,1234,20129973.79,25535699.28,-4877000.1,False
2025-03-11,Parametric (Normal),0.97,2020-04-13,1234,23182262.29,28192282.86,-4877000.1,False
2025-03-11,Parametric (Normal),0.99,2020-04-13,1234,28946271.23,33330088.88,-4877000.1,False
2025-03-11,Monte Carlo (Student-t),0.95,2020-04-13,1234,18862649.11,27190397.36,-4877000.1,False
2025-03-11,Monte Carlo (Student-t),0.97,2020-04-13,1234,22974302.5,31435544.57,-4877000.1,False
2025-03-11,Monte Carlo (Student-t),0.99,2020-04-13,1234,32256923.0,40656336.13,-4877000.1,False
2025-03-12,Historical,0.95,2020-04-13,1235,19932851.33,29658940.14,9986652.06,False
2025-03-12,Historical,0.97,2020-04-13,1235,24578295.05,34346038.02,9986652.06,False
2025-03-12,Historical,0.99,2020-04-13,1235,35776129.03,43215746.81,9986652.06,False
2025-03-12,Parametric (Normal),0.95,2020-04-13,1235,20128099.39,25532109.15,9986652.06,False
2025-03-12,Parametric (Normal),0.97,2020-04-13,1235,23179419.12,28187849.55,9986652.06,False
2025-03-12,Parametric (Normal),0.99,2020-04-13,1235,28941598.61,33324024.87,9986652.06,False
2025-03-12,Monte Carlo (Student-t),0.95,2020-04-13,1235,18353426.64,28264412.17,9986652.06,False
2025-03-12,Monte Carlo (Student-t),0.97,2020-04-13,1235,22856973.61,33445134.2,9986652.06,False
2025-03-12,Monte Carlo (Student-t),0.99,2020-04-13,1235,33472897.81,46078639.81,9986652.06,False
2025-03-13,Historical,0.95,2020-04-13,1236,19926901.15,29658940.14,-15620001.29,False
2025-03-13,Historical,0.97,2020-04-13,1236,24574206.4,34346038.02,-15620001.29,False
2025-03-13,Historical,0.99,2020-04-13,1236,35766802.06,43215746.81,-15620001.29,False
2025-03-13,Parametric (Normal),0.95,2020-04-13,1236,20116355.45,25519199.22,-15620001.29,False
2025-03-13,Parametric (Normal),0.97,2020-04-13,1236,23167016.81,28174366.6,-15620001.29,False
2025-03-13,Parametric (Normal),0.99,2020-04-13,1236,28927953.03,33309433.71,-15620001.29,False
2025-03-13,Monte Carlo (Student-t),0.95,2020-04-13,1236,19274954.29,28374484.68,-15620001.29,False
2025-03-13,Monte Carlo (Student-t),0.97,2020-04-13,1236,23254650.93,33246055.94,-15620001.29,False
2025-03-13,Monte Carlo (Student-t),0.99,2020-04-13,1236,32439814.62,45783962.58,-15620001.29,False
2025-03-14,Historical,0.95,2020-04-14,1236,19926901.15,29658940.14,22450250.7,False
2025-03-14,Historical,0.97,2020-04-14,1236,24574206.4,34346038.02,22450250.7,False
2025-03-14,Historical,0.99,2020-04-14,1236,35766802.06,43215746.81,22450250.7,False
2025-03-14,Parametric (Normal),0.95,2020-04-14,1236,20147109.73,25553315.93,22450250.7,False
2025-03-14,Parametric (Normal),0.97,2020-04-14,1236,23199669.66,28210135.75,22450250.7,False
2025-03-14,Parametric (Normal),0.99,2020-04-14,1236,28964191.17,33348398.65,22450250.7,False
2025-03-14,Monte Carlo (Student-t),0.95,2020-04-14,1236,19055192.73,27563034.52,22450250.7,False
2025-03-14,Monte Carlo (Student-t),0.97,2020-04-14,1236,22991181.83,31972699.16,22450250.7,False
2025-03-14,Monte Carlo (Student-t),0.99,2020-04-14,1236,31703693.02,42924501.99,22450250.7,False
2025-03-17,Historical,0.95,2020-04-17,1234,19938801.5,29658940.14,2469651.31,False
2025-03-17,Historical,0.97,2020-04-17,1234,24581697.23,34609957.4,2469651.31,False
2025-03-17,Historical,0.99,2020-04-17,1234,35785456.01,43215746.81,2469651.31,False
2025-03-17,Parametric (Normal),0.95,2020-04-17,1234,20107643.19,25501916.44,2469651.31,False
2025-03-17,Parametric (Normal),0.97,2020-04-17,1234,23153465.3,28152871.95,2469651.31,False
2025-03-17,Parametric (Normal),0.99,2020-04-17,1234,28905262.97,33279793.32,2469651.31,False
2025-03-17,Monte Carlo (Student-t),0.95,2020-04-17,1234,19484746.33,28150879.35,2469651.31,False
2025-03-17,Monte Carlo (Student-t),0.97,2020-04-17,1234,23971484.19,32550821.08,2469651.31,False
2025-03-17,Monte Carlo (Student-t),0.99,2020-04-17,1234,32657199.01,43090568.13,2469651.31,False
2025-03-18,Historical,0.95,2020-04-20,1234,19938801.5,29658940.14,-13629074.76,False
2025-03-18,Historical,0.97,2020-04-20,1234,24581697.23,34609957.4,-13629074.76,False
2025-03-18,Historical,0.99,2020-04-20,1234,35785456.01,43215746.81,-13629074.76,False
2025-03-18,Parametric (Normal),0.95,2020-04-20,1234,20105483.09,25495985.88,-13629074.76,False
2025-03-18,Parametric (Normal),0.97,2020-04-20,1234,23149176.24,28145088.43,-13629074.76,False
2025-03-18,Parametric (Normal),0.99,2020-04-20,1234,28896953.54,33268426.21,-13629074.76,False
2025-03-18,Monte Carlo (Student-t),0.95,2020-04-20,1234,19190584.42,28408782.62,-13629074.76,False
2025-03-18,Monte Carlo (Student-t),0.97,2020-04-20,1234,23031413.42,33332550.41,-13629074.76,False
2025-03-18,Monte Carlo (Student-t),0.99,2020-04-20,1234,33951067.5,45229886.93,-13629074.76,False
2025-03-19,Historical,0.95,2020-04-20,1235,19932851.33,29658940.14,12203634.19,False
2025-03-19,Historical,0.97,2020-04-20,1235,24578295.05,34346038.02,12203634.19,False
2025-03-19,Historical,0.99,2020-04-20,1235,35776129.03,43215746.81,12203634.19,False
2025-03-19,Parametric (Normal),0.95,2020-04-20,1235,20120042.39,25511211.25,12203634.19,False
2025-03-19,Parametric (Normal),0.97,2020-04-20,1235,23164111.63,28160641.13,12203634.19,False
2025-03-19,Parametric (Normal),0.99,2020-04-20,1235,28912599.15,33284611.97,12203634.19,False
2025-03-19,Monte Carlo (Student-t),0.95,2020-04-20,1235,18816569.48,27207595.76,12203634.19,False
2025-03-19,Monte Carlo (Student-t),0.97,2020-04-20,1235,22711369.74,31507522.45,12203634.19,False
2025-03-19,Monte Carlo (Student-t),0.99,2020-04-20,1235,32790150.42,41817439.45,12203634.19,False
2025-03-20,Historical,0.95,2020-04-20,1236,19926901.15,29658940.14,-1648074.35,False
2025-03-20,Historical,0.97,2020-04-20,1236,24574206.4,34346038.02,-1648074.35,False
2025-03-20,Historical,0.99,2020-04-20,1236,35766802.06,43215746.81,-1648074.35,False
2025-03-20,Parametric (Normal),0.95,2020-04-20,1236,20108824.93,25499425.94,-1648074.35,False
2025-03-20,Parametric (Normal),0.97,2020-04-20,1236,23152573.54,28148576.76,-1648074.35,False
2025-03-20,Parametric (Normal),0.99,2020-04-20,1236,28900455.57,33272007.89,-1648074.35,False
2025-03-20,Monte Carlo (Student-t),0.95,2020-04-20,1236,18894678.48,27488587.85,-1648074.35,False
2025-03-20,Monte Carlo (Student-t),0.97,2020-04-20,1236,23055142.23,31984804.49,-1648074.35,False
2025-03-20,Monte Carlo (Student-t),0.99,2020-04-20,1236,32668293.99,42155181.98,-1648074.35,False
2025-03-21,Historical,0.95,2020-04-21,1236,19926901.15,29658940.14,4093344.78,False
2025-03-21,Historical,0.97,2020-04-21,1236,24574206.4,34346038.02,4093344.78,False
2025-03-21,Historical,0.99,2020-04-21,1236,35766802.06,43215746.81,4093344.78,False
2025-03-21,Parametric (Normal),0.95,2020-04-21,1236,20081603.44,25468308.26,4093344.78,False
2025-03-21,Parametric (Normal),0.97,2020-04-21,1236,23123152.11,28115544.34,4093344.78,False
2025-03-21,Parametric (Normal),0.99,2020-04-21,1236,28866879.72,33235272.39,4093344.78,False
2025-03-21,Monte Carlo (Student-t),0.95,2020-04-21,1236,19398716.47,28986483.37,4093344.78,False
2025-03-21,Monte Carlo (Student-t),0.97,2020-04-21,1236,23596941.74,34072332.0,4093344.78,False
2025-03-21,Monte Carlo (Student-t),0.99,2020-04-21,1236,33927392.63,46280030.7,4093344.78,False
2025-03-24,Historical,0.95,2020-04-24,1234,19873859.49,29380590.97,20322906.01,False
2025-03-24,Historical,0.97,2020-04-24,1234,24446095.28,34270125.55,20322906.01,False
2025-03-24,Historical,0.99,2020-04-24,1234,35151114.92,43062342.9,20322906.01,False
2025-03-24,Parametric (Normal),0.95,2020-04-24,1234,19963562.8,25322969.97,20322906.01,False
2025-03-24,Parametric (Normal),0.97,2020-04-24,1234,22989698.13,27956790.93,20322906.01,False
2025-03-24,Parametric (Normal),0.99,2020-04-24,1234,28704318.84,33050574.26,20322906.01,False
2025-03-24,Monte Carlo (Student-t),0.95,2020-04-24,1234,19384148.03,27687858.13,20322906.01,False
2025-03-24,Monte Carlo (Student-t),0.97,2020-04-24,1234,23286686.9,31952182.3,20322906.01,False
2025-03-24,Monte Carlo (Student-t),0.99,2020-04-24,1234,31942791.06,42840199.83,20322906.01,False
2025-03-25,Historical,0.95,2020-04-27,1234,19873859.49,29380590.97,3072264.22,False
2025-03-25,Historical,0.97,2020-04-27,1234,24446095.28,34270125.55,3072264.22,False
2025-03-25,Historical,0.99,2020-04-27,1234,35151114.92,43062342.9,3072264.22,False
2025-03-25,Parametric (Normal),0.95,2020-04-27,1234,19967765.61,25329144.98,3072264.22,False
2025-03-25,Parametric (Normal),0.97,2020-04-27,1234,22995014.52,27963935.15,3072264.22,False
2025-03-25,Parametric (Normal),0.99,2020-04-27,1234,28711738.14,33059592.92,3072264.22,False
2025-03-25,Monte Carlo (Student-t),0.95,2020-04-27,1234,18982909.23,26912166.93,3072264.22,False
2025-03-25,Monte Carlo (Student-t),0.97,2020-04-27,1234,22727095.74,31119876.31,3072264.22,False
2025-03-25,Monte Carlo (Student-t),0.99,2020-04-27,1234,31822827.29,40767576.23,3072264.22,False
2025-03-26,Historical,0.95,2020-04-27,1235,19872067.9,29380590.97,-15982080.09,False
2025-03-26,Historical,0.97,2020-04-27,1235,24439332.29,34011562.57,-15982080.09,False
2025-03-26,Historical,0.99,2020-04-27,1235,35150829.05,43062342.9,-15982080.09,False
2025-03-26,Parametric (Normal),0.95,2020-04-27,1235,19957839.9,25317095.88,-15982080.09,False
2025-03-26,Parametric (Normal),0.97,2020-04-27,1235,22983889.86,27950842.54,-15982080.09,False
2025-03-26,Parametric (Normal),0.99,2020-04-27,1235,28698349.36,33044482.17,-15982080.09,False
2025-03-26,Monte Carlo (Student-t),0.95,2020-04-27,1235,18837709.74,27327283.45,-15982080.09,False
2025-03-26,Monte Carlo (Student-t),0.97,2020-04-27,1235,22894835.23,31613335.05,-15982080.09,False
2025-03-26,Monte Carlo (Student-t),0.99,2020-04-27,1235,31767326.43,42009843.05,-15982080.09,False
2025-03-27,Historical,0.95,2020-04-27,1236,19870276.3,29380590.97,-3926963.5,False
2025-03-27,Historical,0.97,2020-04-27,1236,24431232.13,34011562.57,-3926963.5,False
2025-03-27,Historical,0.99,2020-04-27,1236,35150543.18,43062342.9,-3926963.5,False
2025-03-27,Parametric (Normal),0.95,2020-04-27,1236,19978355.77,25339304.81,-3926963.5,False
2025-03-27,Parametric (Normal),0.97,2020-04-27,1236,23005361.7,27973883.49,-3926963.5,False
2025-03-27,Parametric (Normal),0.99,2020-04-27,1236,28721626.46,33069132.26,-3926963.5,False
2025-03-27,Monte Carlo (Student-t),0.95,2020-04-27,1236,19750698.33,28872092.01,-3926963.5,False
2025-03-27,Monte Carlo (Student-t),0.97,2020-04-27,1236,24132102.78,33612590.53,-3926963.5,False
2025-03-27,Monte Carlo (Student-t),0.99,2020-04-27,1236,33331379.39,44407109.49,-3926963.5,False
2025-03-28,Historical,0.95,2020-04-28,1236,19870276.3,29380590.97,-22302401.99,True
2025-03-28,Historical,0.97,2020-04-28,1236,24431232.13,34011562.57,-22302401.99,False
2025-03-28,Historical,0.99,2020-04-28,1236,35150543.18,43062342.9,-22302401.99,False
2025-03-28,Parametric (Normal),0.95,2020-04-28,1236,19985932.04,25345275.17,-22302401.99,True
2025-03-28,Parametric (Normal),0.97,2020-04-28,1236,23012031.21,27979064.66,-22302401.99,False
2025-03-28,Parametric (Normal),0.99,2020-04-28,1236,28726583.63,33072787.11,-22302401.99,False
2025-03-28,Monte Carlo (Student-t),0.95,2020-04-28,1236,18806002.61,27264048.59,-22302401.99,True
2025-03-28,Monte Carlo (Student-t),0.97,2020-04-28,1236,23004602.03,31630998.52,-22302401.99,False
2025-03-28,Monte Carlo (Student-t),0.99,2020-04-28,1236,32764978.47,40578825.73,-22302401.99,False
2025-03-31,Historical,0.95,2020-04-30,1235,19932851.33,29419385.35,4157149.41,False
2025-03-31,Historical,0.97,2020-04-30,1235,24439332.29,34011562.57,4157149.41,False
2025-03-31,Historical,0.99,2020-04-30,1235,35150829.05,43062342.9,4157149.41,False
2025-03-31,Parametric (Normal),0.95,2020-04-30,1235,19995645.8,25349264.09,4157149.41,False
2025-03-31,Parametric (Normal),0.97,2020-04-30,1235,23018512.49,27980240.16,4157149.41,False
2025-03-31,Parametric (Normal),0.99,2020-04-30,1235,28726960.64,33068521.51,4157149.41,False
2025-03-31,Monte Carlo (Student-t),0.95,2020-04-30,1235,18837090.31,27519863.45,4157149.41,False
2025-03-31,Monte Carlo (Student-t),0.97,2020-04-30,1235,22817243.11,32101273.62,4157149.41,False
2025-03-31,Monte Carlo (Student-t),0.99,2020-04-30,1235,31755248.8,43325129.04,4157149.41,False
2025-04-01,Historical,0.95,2020-05-01,1235,19932851.33,29419385.35,5750879.46,False
2025-04-01,Historical,0.97,2020-05-01,1235,24439332.29,34011562.57,5750879.46,False
2025-04-01,Historical,0.99,2020-05-01,1235,35150829.05,43062342.9,5750879.46,False
2025-04-01,Parametric (Normal),0.95,2020-05-01,1235,19988969.47,25342446.96,5750879.46,False
2025-04-01,Parametric (Normal),0.97,2020-05-01,1235,23011756.66,27973353.84,5750879.46,False
2025-04-01,Parametric (Normal),0.99,2020-05-01,1235,28720054.68,33061501.38,5750879.46,False
2025-04-01,Monte Carlo (Student-t),0.95,2020-05-01,1235,19708359.26,28089074.09,5750879.46,False
2025-04-01,Monte Carlo (Student-t),0.97,2020-05-01,1235,23677187.48,32443905.67,5750879.46,False
2025-04-01,Monte Carlo (Student-t),0.99,2020-05-01,1235,33187145.69,42428085.33,5750879.46,False
2025-04-02,Historical,0.95,2020-05-04,1235,19872067.9,29246836.87,6995894.6,False
2025-04-02,Historical,0.97,2020-05-04,1235,24173575.9,33842603.92,6995894.6,False
2025-04-02,Historical,0.99,2020-05-04,1235,35150829.05,43062342.9,6995894.6,False
2025-04-02,Parametric (Normal),0.95,2020-05-04,1235,19908346.93,25248819.44,6995894.6,False
2025-04-02,Parametric (Normal),0.97,2020-05-04,1235,22923790.99,27873335.18,6995894.6,False
2025-04-02,Parametric (Normal),0.99,2020-05-04,1235,28618222.09,32949122.29,6995894.6,False
2025-04-02,Monte Carlo (Student-t),0.95,2020-05-04,1235,18361420.35,26755839.13,6995894.6,False
2025-04-02,Monte Carlo (Student-t),0.97,2020-05-04,1235,21909300.11,31242509.78,6995894.6,False
2025-04-02,Monte Carlo (Student-t),0.99,2020-05-04,1235,30709791.55,42782331.24,6995894.6,False
2025-04-03,Historical,0.95,2020-05-04,1236,19870276.3,29246836.87,-52480410.36,True
2025-04-03,Historical,0.97,2020-05-04,1236,24171849.12,33842603.92,-52480410.36,True
2025-04-03,Historical,0.99,2020-05-04,1236,35150543.18,43062342.9,-52480410.36,True
2025-04-03,Parametric (Normal),0.95,2020-05-04,1236,19896877.22,25235644.94,-52480410.36,True
2025-04-03,Parametric (Normal),0.97,2020-05-04,1236,22911358.69,27859322.87,-52480410.36,True
2025-04-03,Parametric (Normal),0.99,2020-05-04,1236,28603972.0,32933489.68,-52480410.36,True
2025-04-03,Monte Carlo (Student-t),0.95,2020-05-04,1236,19087085.58,27931748.7,-52480410.36,True
2025-04-03,Monte Carlo (Student-t),0.97,2020-05-04,1236,23757647.71,32420025.45,-52480410.36,True
2025-04-03,Monte Carlo (Student-t),0.99,2020-05-04,1236,32902990.94,42612720.52,-52480410.36,True
2025-04-04,Historical,0.95,2020-05-04,1237,19920950.97,29772373.32,-60261729.35,True
2025-04-04,Historical,0.97,2020-05-04,1237,24423131.97,34587490.32,-60261729.35,True
2025-04-04,Historical,0.99,2020-05-04,1237,35757475.08,44394639.96,-60261729.35,True
2025-04-04,Parametric (Normal),0.95,2020-05-04,1237,20080731.71,25455198.38,-60261729.35,True
2025-04-04,Parametric (Normal),0.97,2020-05-04,1237,23115370.23,28096420.15,-60261729.35,True
2025-04-04,Parametric (Normal),0.99,2020-05-04,1237,28846048.55,33204516.59,-60261729.35,True
2025-04-04,Monte Carlo (Student-t),0.95,2020-05-04,1237,19477965.46,28138998.01,-60261729.35,True
2025-04-04,Monte Carlo (Student-t),0.97,2020-05-04,1237,23381467.85,32743439.09,-60261729.35,True
2025-04-04,Monte Carlo (Student-t),0.99,2020-05-04,1237,32652202.3,44105938.91,-60261729.35,True
2025-04-07,Historical,0.95,2020-05-07,1235,20036899.92,30421495.51,856754.69,False
2025-04-07,Historical,0.97,2020-05-07,1235,24578295.05,35530042.87,856754.69,False
2025-04-07,Historical,0.99,2020-05-07,1235,37968229.0,46253754.04,856754.69,False
2025-04-07,Parametric (Normal),0.95,2020-05-07,1235,20345828.78,25771514.8,856754.69,False
2025-04-07,Parametric (Normal),0.97,2020-05-07,1235,23409387.79,28437907.75,856754.69,False
2025-04-07,Parametric (Normal),0.99,2020-05-07,1235,29194680.21,33594685.01,856754.69,False
2025-04-07,Monte Carlo (Student-t),0.95,2020-05-07,1235,18951144.93,28428948.29,856754.69,False
2025-04-07,Monte Carlo (Student-t),0.97,2020-05-07,1235,23158440.37,33519583.64,856754.69,False
2025-04-07,Monte Carlo (Student-t),0.99,2020-05-07,1235,33466136.77,46102812.84,856754.69,False
2025-04-08,Historical,0.95,2020-05-08,1235,20036899.92,30421495.51,-17010572.92,False
2025-04-08,Historical,0.97,2020-05-08,1235,24578295.05,35530042.87,-17010572.92,False
2025-04-08,Historical,0.99,2020-05-08,1235,37968229.0,46253754.04,-17010572.92,False
2025-04-08,Parametric (Normal),0.95,2020-05-08,1235,20348681.62,25772821.33,-17010572.92,False
2025-04-08,Parametric (Normal),0.97,2020-05-08,1235,23411367.52,28438454.36,-17010572.92,False
2025-04-08,Parametric (Normal),0.99,2020-05-08,1235,29195011.14,33593761.94,-17010572.92,False
2025-04-08,Monte Carlo (Student-t),0.95,2020-05-08,1235,19331521.6,28197049.48,-17010572.92,False
2025-04-08,Monte Carlo (Student-t),0.97,2020-05-08,1235,22849478.3,32977291.28,-17010572.92,False
2025-04-08,Monte Carlo (Student-t),0.99,2020-05-08,1235,33192395.33,45197775.47,-17010572.92,False
2025-04-09,Historical,0.95,2020-05-11,1235,20036899.92,30421495.51,109409179.82,False
2025-04-09,Historical,0.97,2020-05-11,1235,24578295.05,35530042.87,109409179.82,False
2025-04-09,Historical,0.99,2020-05-11,1235,37968229.0,46253754.04,109409179.82,False
2025-04-09,Parametric (Normal),0.95,2020-05-11,1235,20379268.72,25804081.44,109409179.82,False
2025-04-09,Parametric (Normal),0.97,2020-05-11,1235,23442334.63,28470045.23,109409179.82,False
2025-04-09,Parametric (Normal),0.99,2020-05-11,1235,29226695.88,33625992.46,109409179.82,False
2025-04-09,Monte Carlo (Student-t),0.95,2020-05-11,1235,18995520.86,27763416.63,109409179.82,False
2025-04-09,Monte Carlo (Student-t),0.97,2020-05-11,1235,22537367.78,32563833.4,109409179.82,False
2025-04-09,Monte Carlo (Student-t),0.99,2020-05-11,1235,32810391.24,43997874.23,109409179.82,False
2025-04-10,Historical,0.95,2020-05-11,1236,20033442.24,30421495.51,-38254549.77,True
2025-04-10,Historical,0.97,2020-05-11,1236,24574206.4,35530042.87,-38254549.77,True
2025-04-10,Historical,0.99,2020-05-11,1236,37939820.17,46253754.04,-38254549.77,True
2025-04-10,Parametric (Normal),0.95,2020-05-11,1236,20877493.31,26451162.14,-38254549.77,True
2025-04-10,Parametric (Normal),0.97,2020-05-11,1236,24024609.32,29190279.6,-38254549.77,True
2025-04-10,Parametric (Normal),0.99,2020-05-11,1236,29967692.64,34487705.32,-38254549.77,True
2025-04-10,Monte Carlo (Student-t),0.95,2020-05-11,1236,19075150.19,28810045.09,-38254549.77,True
2025-04-10,Monte Carlo (Student-t),0.97,2020-05-11,1236,23533333.34,33950714.87,-38254549.77,True
2025-04-10,Monte Carlo (Student-t),0.99,2020-05-11,1236,33623295.1,46432290.26,-38254549.77,True
2025-04-11,Historical,0.95,2020-05-11,1237,20097094.16,30714547.8,19607751.85,False
2025-04-11,Historical,0.97,2020-05-11,1237,24643250.98,35889872.58,19607751.85,False
2025-04-11,Historical,0.99,2020-05-11,1237,38689480.61,46253754.04,19607751.85,False
2025-04-11,Parametric (Normal),0.95,2020-05-11,1237,20977347.92,26568309.37,19607751.85,False
2025-04-11,Parametric (Normal),0.97,2020-05-11,1237,24134228.04,29315925.09,19607751.85,False
2025-04-11,Parametric (Normal),0.99,2020-05-11,1237,30095750.1,34629786.36,19607751.85,False
2025-04-11,Monte Carlo (Student-t),0.95,2020-05-11,1237,20476137.78,30247745.84,19607751.85,False
2025-04-11,Monte Carlo (Student-t),0.97,2020-05-11,1237,24439698.59,35555101.28,19607751.85,False
2025-04-11,Monte Carlo (Student-t),0.99,2020-05-11,1237,35058169.03,49144636.78,19607751.85,False
2025-04-14,Historical,0.95,2020-05-14,1235,20102987.52,30714547.8,6134005.59,False
2025-04-14,Historical,0.97,2020-05-14,1235,24647309.47,35889872.58,6134005.59,False
2025-04-14,Historical,0.99,2020-05-14,1235,38703072.2,46253754.04,6134005.59,False
2025-04-14,Parametric (Normal),0.95,2020-05-14,1235,20935762.42,26526556.49,6134005.59,False
2025-04-14,Parametric (Normal),0.97,2020-05-14,1235,24092548.03,29274089.95,6134005.59,False
2025-04-14,Parametric (Normal),0.99,2020-05-14,1235,30053891.61,34587792.13,6134005.59,False
2025-04-14,Monte Carlo (Student-t),0.95,2020-05-14,1235,19046033.76,28485144.93,6134005.59,False
2025-04-14,Monte Carlo (Student-t),0.97,2020-05-14,1235,23732291.33,33333656.94,6134005.59,False
2025-04-14,Monte Carlo (Student-t),0.99,2020-05-14,1235,34261971.52,44362611.06,6134005.59,False
2025-04-15,Historical,0.95,2020-05-15,1235,20102987.52,30714547.8,-2224084.85,False
2025-04-15,Historical,0.97,2020-05-15,1235,24647309.47,35889872.58,-2224084.85,False
2025-04-15,Historical,0.99,2020-05-15,1235,38703072.2,46253754.04,-2224084.85,False
2025-04-15,Parametric (Normal),0.95,2020-05-15,1235,20935417.34,26524663.56,-2224084.85,False
2025-04-15,Parametric (Normal),0.97,2020-05-15,1235,24091328.97,29271436.35,-2224084.85,False
2025-04-15,Parametric (Normal),0.99,2020-05-15,1235,30051022.12,34583667.41,-2224084.85,False
2025-04-15,Monte Carlo (Student-t),0.95,2020-05-15,1235,19336725.57,29598820.65,-2224084.85,False
2025-04-15,Monte Carlo (Student-t),0.97,2020-05-15,1235,24120619.37,35088926.63,-2224084.85,False
2025-04-15,Monte Carlo (Student-t),0.99,2020-05-15,1235,34871339.46,48761589.18,-2224084.85,False
2025-04-16,Historical,0.95,2020-05-18,1235,20102987.52,30714547.8,-27837220.22,True
2025-04-16,Historical,0.97,2020-05-18,1235,24647309.47,35889872.58,-27837220.22,True
2025-04-16,Historical,0.99,2020-05-18,1235,38703072.2,46253754.04,-27837220.22,False
2025-04-16,Parametric (Normal),0.95,2020-05-18,1235,20941769.88,26530622.29,-27837220.22,True
2025-04-16,Parametric (Normal),0.97,2020-05-18,1235,24097459.15,29277201.55,-27837220.22,True
2025-04-16,Parametric (Normal),0.99,2020-05-18,1235,30056732.39,34589058.31,-27837220.22,False
2025-04-16,Monte Carlo (Student-t),0.95,2020-05-18,1235,19835583.34,29695773.12,-27837220.22,True
2025-04-16,Monte Carlo (Student-t),0.97,2020-05-18,1235,24093652.74,34939066.15,-27837220.22,True
2025-04-16,Monte Carlo (Student-t),0.99,2020-05-18,1235,35622842.07,47786624.01,-27837220.22,False
2025-04-17,Historical,0.95,2020-05-18,1236,20182205.65,30838628.11,-1028482.12,False
2025-04-17,Historical,0.97,2020-05-18,1236,24860847.85,35973782.0,-1028482.12,False
2025-04-17,Historical,0.99,2020-05-18,1236,38696276.41,46253754.04,-1028482.12,False
2025-04-17,Parametric (Normal),0.95,2020-05-18,1236,20997754.53,26594890.32,-1028482.12,False
2025-04-17,Parametric (Normal),0.97,2020-05-18,1236,24158120.92,29345540.35,-1028482.12,False
2025-04-17,Parametric (Normal),0.99,2020-05-18,1236,30126226.55,34665269.95,-1028482.12,False
2025-04-17,Monte Carlo (Student-t),0.95,2020-05-18,1236,20453094.48,30014067.8,-1028482.12,False
2025-04-17,Monte Carlo (Student-t),0.97,2020-05-18,1236,24270530.75,35206788.33,-1028482.12,False
2025-04-17,Monte Carlo (Student-t),0.99,2020-05-18,1236,35660513.0,48402350.61,-1028482.12,False
2025-04-21,Historical,0.95,2020-05-21,1234,20197391.51,30838628.11,-26196032.65,True
2025-04-21,Historical,0.97,2020-05-21,1234,24885307.37,36273829.74,-26196032.65,True
2025-04-21,Historical,0.99,2020-05-21,1234,38709868.0,46253754.04,-26196032.65,False
2025-04-21,Parametric (Normal),0.95,2020-05-21,1234,20993751.0,26582210.37,-26196032.65,True
2025-04-21,Parametric (Normal),0.97,2020-05-21,1234,24149218.35,29328596.48,-26196032.65,True
2025-04-21,Parametric (Normal),0.99,2020-05-21,1234,30108072.5,34640079.69,-26196032.65,False
2025-04-21,Monte Carlo (Student-t),0.95,2020-05-21,1234,19194182.15,29169068.74,-26196032.65,True
2025-04-21,Monte Carlo (Student-t),0.97,2020-05-21,1234,23665990.4,34489856.49,-26196032.65,True
2025-04-21,Monte Carlo (Student-t),0.99,2020-05-21,1234,33646505.54,48120607.22,-26196032.65,False
2025-04-22,Historical,0.95,2020-05-22,1234,20402609.51,30933788.33,25780693.35,False
2025-04-22,Historical,0.97,2020-05-22,1234,26196084.33,36273829.74,25780693.35,False
2025-04-22,Historical,0.99,2020-05-22,1234,38709868.0,46253754.04,25780693.35,False
2025-04-22,Parametric (Normal),0.95,2020-05-22,1234,21040104.26,26636736.48,25780693.35,False
2025-04-22,Parametric (Normal),0.97,2020-05-22,1234,24200186.32,29387139.05,25780693.35,False
2025-04-22,Parametric (Normal),0.99,2020-05-22,1234,30167755.01,34706390.03,25780693.35,False
2025-04-22,Monte Carlo (Student-t),0.95,2020-05-22,1234,18780987.23,28631953.74,25780693.35,False
2025-04-22,Monte Carlo (Student-t),0.97,2020-05-22,1234,23359866.01,33788514.36,25780693.35,False
2025-04-22,Monte Carlo (Student-t),0.99,2020-05-22,1234,34428817.57,46266281.0,25780693.35,False
2025-04-23,Historical,0.95,2020-05-26,1234,20402609.51,30933788.33,21323376.61,False
2025-04-23,Historical,0.97,2020-05-26,1234,26196084.33,36273829.74,21323376.61,False
2025-04-23,Historical,0.99,2020-05-26,1234,38709868.0,46253754.04,21323376.61,False
2025-04-23,Parametric (Normal),0.95,2020-05-26,1234,21052577.64,26656858.9,21323376.61,False
2025-04-23,Parametric (Normal),0.97,2020-05-26,1234,24216978.65,29411020.49,21323376.61,False
2025-04-23,Parametric (Normal),0.99,2020-05-26,1234,30192703.34,34737541.42,21323376.61,False
2025-04-23,Monte Carlo (Student-t),0.95,2020-05-26,1234,19741780.62,28757339.7,21323376.61,False
2025-04-23,Monte Carlo (Student-t),0.97,2020-05-26,1234,23604219.08,33498696.34,21323376.61,False
2025-04-23,Monte Carlo (Student-t),0.99,2020-05-26,1234,32836851.68,45575991.88,21323376.61,False
2025-04-24,Historical,0.95,2020-05-26,1235,20387393.8,30933788.33,22480367.67,False
2025-04-24,Historical,0.97,2020-05-26,1235,26169552.31,36008624.55,22480367.67,False
2025-04-24,Historical,0.99,2020-05-26,1235,38703072.2,46253754.04,22480367.67,False
2025-04-24,Parametric (Normal),0.95,2020-05-26,1235,21047678.51,26654894.08,22480367.67,False
2025-04-24,Parametric (Normal),0.97,2020-05-26,1235,24213736.35,29410497.71,22480367.67,False
2025-04-24,Parametric (Normal),0.99,2020-05-26,1235,30192589.83,34739807.51,22480367.67,False
2025-04-24,Monte Carlo (Student-t),0.95,2020-05-26,1235,19059430.73,28363334.71,22480367.67,False
2025-04-24,Monte Carlo (Student-t),0.97,2020-05-26,1235,23407693.37,33209919.62,22480367.67,False
2025-04-24,Monte Carlo (Student-t),0.99,2020-05-26,1235,34664644.66,43728563.03,22480367.67,False
2025-04-25,Historical,0.95,2020-05-26,1236,20372178.1,30933788.33,12208765.86,False
2025-04-25,Historical,0.97,2020-05-26,1236,26129831.79,36008624.55,12208765.86,False
2025-04-25,Historical,0.99,2020-05-26,1236,38696276.41,46253754.04,12208765.86,False
2025-04-25,Parametric (Normal),0.95,2020-05-26,1236,21044206.23,26654949.62,12208765.86,False
2025-04-25,Parametric (Normal),0.97,2020-05-26,1236,24212256.02,29412286.96,12208765.86,False
2025-04-25,Parametric (Normal),0.99,2020-05-26,1236,30194871.14,34744949.74,12208765.86,False
2025-04-25,Monte Carlo (Student-t),0.95,2020-05-26,1236,19255247.29,28106612.76,12208765.86,False
2025-04-25,Monte Carlo (Student-t),0.97,2020-05-26,1236,23329662.56,32804296.77,12208765.86,False
2025-04-25,Monte Carlo (Student-t),0.99,2020-05-26,1236,33292541.1,43926556.09,12208765.86,False
2025-04-28,Historical,0.95,2020-05-28,1235,20387393.8,30933788.33,-805369.99,False
2025-04-28,Historical,0.97,2020-05-28,1235,26169552.31,36008624.55,-805369.99,False
2025-04-28,Historical,0.99,2020-05-28,1235,38703072.2,46253754.04,-805369.99,False
2025-04-28,Parametric (Normal),0.95,2020-05-28,1235,21055533.82,26669394.7,-805369.99,False
2025-04-28,Parametric (Normal),0.97,2020-05-28,1235,24225343.87,29428264.1,-805369.99,False
2025-04-28,Parametric (Normal),0.99,2020-05-28,1235,30211283.11,34763889.86,-805369.99,False
2025-04-28,Monte Carlo (Student-t),0.95,2020-05-28,1235,18929101.86,29243533.36,-805369.99,False
2025-04-28,Monte Carlo (Student-t),0.97,2020-05-28,1235,23486958.65,34768384.99,-805369.99,False
2025-04-28,Monte Carlo (Student-t),0.99,2020-05-28,1235,34870831.16,48044571.02,-805369.99,False
2025-04-29,Historical,0.95,2020-05-29,1235,20387393.8,30933788.33,5447682.66,False
2025-04-29,Historical,0.97,2020-05-29,1235,26169552.31,36008624.55,5447682.66,False
2025-04-29,Historical,0.99,2020-05-29,1235,38703072.2,46253754.04,5447682.66,False
2025-04-29,Parametric (Normal),0.95,2020-05-29,1235,21052493.54,26666136.97,5447682.66,False
2025-04-29,Parametric (Normal),0.97,2020-05-29,1235,24222180.81,29424899.5,5447682.66,False
2025-04-29,Parametric (Normal),0.99,2020-05-29,1235,30207888.18,34760318.58,5447682.66,False
2025-04-29,Monte Carlo (Student-t),0.95,2020-05-29,1235,19390429.11,29377950.57,5447682.66,False
2025-04-29,Monte Carlo (Student-t),0.97,2020-05-29,1235,23279185.56,34785016.25,5447682.66,False
2025-04-29,Monte Carlo (Student-t),0.99,2020-05-29,1235,34407885.21,48967694.11,5447682.66,False
2025-04-30,Historical,0.95,2020-06-01,1235,20387393.8,30933788.33,96289.58,False
2025-04-30,Historical,0.97,2020-06-01,1235,26169552.31,36008624.55,96289.58,False
2025-04-30,Historical,0.99,2020-06-01,1235,38703072.2,46253754.04,96289.58,False
2025-04-30,Parametric (Normal),0.95,2020-06-01,1235,21053128.3,26665925.05,96289.58,False
2025-04-30,Parametric (Normal),0.97,2020-06-01,1235,24222337.5,29424271.49,96289.58,False
2025-04-30,Parametric (Normal),0.99,2020-06-01,1235,30207142.07,34758885.86,96289.58,False
2025-04-30,Monte Carlo (Student-t),0.95,2020-06-01,1235,19221186.52,29314443.45,96289.58,False
2025-04-30,Monte Carlo (Student-t),0.97,2020-06-01,1235,24026242.54,34659619.04,96289.58,False
2025-04-30,Monte Carlo (Student-t),0.99,2020-06-01,1235,35354334.05,46191646.11,96289.58,False
2025-05-01,Historical,0.95,2020-06-01,1236,20372178.1,30933788.33,10339644.85,False
2025-05-01,Historical,0.97,2020-06-01,1236,26129831.79,36008624.55,10339644.85,False
2025-05-01,Historical,0.99,2020-06-01,1236,38696276.41,46253754.04,10339644.85,False
2025-05-01,Parametric (Normal),0.95,2020-06-01,1236,21044990.05,26655525.19,10339644.85,False
2025-05-01,Parametric (Normal),0.97,2020-06-01,1236,24212922.25,29412760.18,10339644.85,False
2025-05-01,Parametric (Normal),0.99,2020-06-01,1236,30195315.32,34745225.03,10339644.85,False
2025-05-01,Monte Carlo (Student-t),0.95,2020-06-01,1236,19368808.15,29005600.69,10339644.85,False
2025-05-01,Monte Carlo (Student-t),0.97,2020-06-01,1236,23462973.98,34092949.89,10339644.85,False
2025-05-01,Monte Carlo (Student-t),0.99,2020-06-01,1236,34643017.32,46704706.71,10339644.85,False
2025-05-02,Historical,0.95,2020-06-02,1236,20372178.1,30933788.33,13626891.95,False
2025-05-02,Historical,0.97,2020-06-02,1236,26129831.79,36008624.55,13626891.95,False
2025-05-02,Historical,0.99,2020-06-02,1236,38696276.41,46253754.04,13626891.95,False
2025-05-02,Parametric (Normal),0.95,2020-06-02,1236,21044154.26,26655587.14,13626891.95,False
2025-05-02,Parametric (Normal),0.97,2020-06-02,1236,24212593.37,29413263.32,13626891.95,False
2025-05-02,Parametric (Normal),0.99,2020-06-02,1236,30195943.68,34746581.42,13626891.95,False
2025-05-02,Monte Carlo (Student-t),0.95,2020-06-02,1236,19935301.36,29424217.78,13626891.95,False
2025-05-02,Monte Carlo (Student-t),0.97,2020-06-02,1236,24302192.58,34420991.24,13626891.95,False
2025-05-02,Monte Carlo (Student-t),0.99,2020-06-02,1236,34363698.96,46684443.59,13626891.95,False
2025-05-05,Historical,0.95,2020-06-05,1234,20402609.51,30933788.33,-8348113.22,False
2025-05-05,Historical,0.97,2020-06-05,1234,26196084.33,36273829.74,-8348113.22,False
2025-05-05,Historical,0.99,2020-06-05,1234,38709868.0,46253754.04,-8348113.22,False
2025-05-05,Parametric (Normal),0.95,2020-06-05,1234,21059189.27,26675516.95,-8348113.22,False
2025-05-05,Parametric (Normal),0.97,2020-06-05,1234,24230392.17,29435598.62,-8348113.22,False
2025-05-05,Parametric (Normal),0.99,2020-06-05,1234,30218961.7,34773568.91,-8348113.22,False
2025-05-05,Monte Carlo (Student-t),0.95,2020-06-05,1234,20011500.99,29053517.02,-8348113.22,False
2025-05-05,Monte Carlo (Student-t),0.97,2020-06-05,1234,24158069.33,33752235.87,-8348113.22,False
2025-05-05,Monte Carlo (Student-t),0.99,2020-06-05,1234,34368637.89,45205418.28,-8348113.22,False
2025-05-06,Historical,0.95,2020-06-08,1234,20402609.51,30933788.33,-7837106.51,False
2025-05-06,Historical,0.97,2020-06-08,1234,26196084.33,36273829.74,-7837106.51,False
2025-05-06,Historical,0.99,2020-06-08,1234,38709868.0,46253754.04,-7837106.51,False
2025-05-06,Parametric (Normal),0.95,2020-06-08,1234,21064062.53,26675035.35,-7837106.51,False
2025-05-06,Parametric (Normal),0.97,2020-06-08,1234,24232241.86,29432485.44,-7837106.51,False
2025-05-06,Parametric (Normal),0.99,2020-06-08,1234,30215101.62,34765366.27,-7837106.51,False
2025-05-06,Monte Carlo (Student-t),0.95,2020-06-08,1234,18952639.44,28183843.88,-7837106.51,False
2025-05-06,Monte Carlo (Student-t),0.97,2020-06-08,1234,23140415.21,33029729.69,-7837106.51,False
2025-05-06,Monte Carlo (Student-t),0.99,2020-06-08,1234,32790758.16,44060645.41,-7837106.51,False
2025-05-07,Historical,0.95,2020-06-08,1235,20387393.8,30933788.33,3298772.34,False
2025-05-07,Historical,0.97,2020-06-08,1235,26169552.31,36008624.55,3298772.34,False
2025-05-07,Historical,0.99,2020-06-08,1235,38703072.2,46253754.04,3298772.34,False
2025-05-07,Parametric (Normal),0.95,2020-06-08,1235,21066179.72,26675867.89,3298772.34,False
2025-05-07,Parametric (Normal),0.97,2020-06-08,1235,24233633.69,29432686.66,3298772.34,False
2025-05-07,Parametric (Normal),0.99,2020-06-08,1235,30215123.66,34764346.51,3298772.34,False
2025-05-07,Monte Carlo (Student-t),0.95,2020-06-08,1235,20399303.51,30522630.77,3298772.34,False
2025-05-07,Monte Carlo (Student-t),0.97,2020-06-08,1235,25085618.56,35904884.05,3298772.34,False
2025-05-07,Monte Carlo (Student-t),0.99,2020-06-08,1235,35386039.49,48967254.41,3298772.34,False
2025-05-08,Historical,0.95,2020-06-08,1236,20372178.1,30933788.33,6104703.48,False
2025-05-08,Historical,0.97,2020-06-08,1236,26129831.79,36008624.55,6104703.48,False
2025-05-08,Historical,0.99,2020-06-08,1236,38696276.41,46253754.04,6104703.48,False
2025-05-08,Parametric (Normal),0.95,2020-06-08,1236,21055649.19,26663131.43,6104703.48,False
2025-05-08,Parametric (Normal),0.97,2020-06-08,1236,24221857.6,29418866.11,6104703.48,False
2025-05-08,Parametric (Normal),0.99,2020-06-08,1236,30200995.43,34748429.36,6104703.48,False
2025-05-08,Monte Carlo (Student-t),0.95,2020-06-08,1236,19881933.78,30351890.41,6104703.48,False
2025-05-08,Monte Carlo (Student-t),0.97,2020-06-08,1236,24349797.91,36004015.12,6104703.48,False
2025-05-08,Monte Carlo (Student-t),0.99,2020-06-08,1236,35140696.06,49599610.79,6104703.48,False
2025-05-09,Historical,0.95,2020-06-09,1236,20372178.1,30933788.33,-248797.7,False
2025-05-09,Historical,0.97,2020-06-09,1236,26129831.79,36008624.55,-248797.7,False
2025-05-09,Historical,0.99,2020-06-09,1236,38696276.41,46253754.04,-248797.7,False
2025-05-09,Parametric (Normal),0.95,2020-06-09,1236,21056101.96,26663174.54,-248797.7,False
2025-05-09,Parametric (Normal),0.97,2020-06-09,1236,24222079.07,29418707.91,-248797.7,False
2025-05-09,Parametric (Normal),0.99,2020-06-09,1236,30200780.09,34747881.81,-248797.7,False
2025-05-09,Monte Carlo (Student-t),0.95,2020-06-09,1236,19921002.38,30790226.72,-248797.7,False
2025-05-09,Monte Carlo (Student-t),0.97,2020-06-09,1236,25012978.44,36539246.85,-248797.7,False
2025-05-09,Monte Carlo (Student-t),0.99,2020-06-09,1236,35852164.49,50816784.86,-248797.7,False
2025-05-12,Historical,0.95,2020-06-12,1234,20197391.51,30355838.93,39810828.46,False
2025-05-12,Historical,0.97,2020-06-12,1234,24885255.68,35464831.65,39810828.46,False
2025-05-12,Historical,0.99,2020-06-12,1234,37541319.6,44878799.26,39810828.46,False
2025-05-12,Parametric (Normal),0.95,2020-06-12,1234,20870677.85,26440239.1,39810828.46,False
2025-05-12,Parametric (Normal),0.97,2020-06-12,1234,24015474.56,29177337.93,39810828.46,False
2025-05-12,Parametric (Normal),0.99,2020-06-12,1234,29954178.05,34470859.64,39810828.46,False
2025-05-12,Monte Carlo (Student-t),0.95,2020-06-12,1234,19095231.16,28882351.49,39810828.46,False
2025-05-12,Monte Carlo (Student-t),0.97,2020-06-12,1234,23268594.69,34122767.63,39810828.46,False
2025-05-12,Monte Carlo (Student-t),0.99,2020-06-12,1234,32684821.49,48014840.61,39810828.46,False
2025-05-13,Historical,0.95,2020-06-15,1234,20197391.51,30355838.93,8826933.46,False
2025-05-13,Historical,0.97,2020-06-15,1234,24885255.68,35464831.65,8826933.46,False
2025-05-13,Historical,0.99,2020-06-15,1234,37541319.6,44878799.26,8826933.46,False
2025-05-13,Parametric (Normal),0.95,2020-06-15,1234,20917478.33,26504955.68,8826933.46,False
2025-05-13,Parametric (Normal),0.97,2020-06-15,1234,24072391.18,29250859.18,8826933.46,False
2025-05-13,Parametric (Normal),0.99,2020-06-15,1234,30030198.23,34561409.04,8826933.46,False
2025-05-13,Monte Carlo (Student-t),0.95,2020-06-15,1234,19804120.64,30049971.15,8826933.46,False
2025-05-13,Monte Carlo (Student-t),0.97,2020-06-15,1234,24410875.43,35506842.85,8826933.46,False
2025-05-13,Monte Carlo (Student-t),0.99,2020-06-15,1234,34138114.81,49883502.43,8826933.46,False
2025-05-14,Historical,0.95,2020-06-15,1235,20189798.58,30355838.93,4167035.68,False
2025-05-14,Historical,0.97,2020-06-15,1235,24867548.45,35186073.33,4167035.68,False
2025-05-14,Historical,0.99,2020-06-15,1235,37519706.57,44878799.26,4167035.68,False
2025-05-14,Parametric (Normal),0.95,2020-06-15,1235,20905281.59,26491254.65,4167035.68,False
2025-05-14,Parametric (Normal),0.97,2020-06-15,1235,24059345.07,29236418.89,4167035.68,False
2025-05-14,Parametric (Normal),0.99,2020-06-15,1235,30015548.12,34545539.01,4167035.68,False
2025-05-14,Monte Carlo (Student-t),0.95,2020-06-15,1235,19999552.61,30421953.52,4167035.68,False
2025-05-14,Monte Carlo (Student-t),0.97,2020-06-15,1235,24133586.41,36108919.12,4167035.68,False
2025-05-14,Monte Carlo (Student-t),0.99,2020-06-15,1235,36488759.15,50229237.67,4167035.68,False
2025-05-15,Historical,0.95,2020-06-15,1236,20182205.65,30355838.93,592863.25,False
2025-05-15,Historical,0.97,2020-06-15,1236,24860847.85,35186073.33,592863.25,False
2025-05-15,Historical,0.99,2020-06-15,1236,37498093.53,44878799.26,592863.25,False
2025-05-15,Parametric (Normal),0.95,2020-06-15,1236,20894356.11,26478187.48,592863.25,False
2025-05-15,Parametric (Normal),0.97,2020-06-15,1236,24047210.3,29222299.21,592863.25,False
2025-05-15,Parametric (Normal),0.99,2020-06-15,1236,30001129.72,34529383.79,592863.25,False
2025-05-15,Monte Carlo (Student-t),0.95,2020-06-15,1236,19785348.37,29226227.49,592863.25,False
2025-05-15,Monte Carlo (Student-t),0.97,2020-06-15,1236,23749881.27,34259308.58,592863.25,False
2025-05-15,Monte Carlo (Student-t),0.99,2020-06-15,1236,33849588.66,46978460.92,592863.25,False
2025-05-16,Historical,0.95,2020-06-16,1236,20182205.65,30355838.93,6551173.71,False
2025-05-16,Historical,0.97,2020-06-16,1236,24860847.85,35186073.33,6551173.71,False
2025-05-16,Historical,0.99,2020-06-16,1236,37498093.53,44878799.26,6551173.71,False
2025-05-16,Parametric (Normal),0.95,2020-06-16,1236,20897805.13,26480291.63,6551173.71,False
2025-05-16,Parametric (Normal),0.97,2020-06-16,1236,24049899.95,29223742.43,6551173.71,False
2025-05-16,Parametric (Normal),0.99,2020-06-16,1236,30002385.35,34529548.79,6551173.71,False
2025-05-16,Monte Carlo (Student-t),0.95,2020-06-16,1236,19799236.45,30057931.68,6551173.71,False
2025-05-16,Monte Carlo (Student-t),0.97,2020-06-16,1236,24840194.0,35517729.43,6551173.71,False
2025-05-16,Monte Carlo (Student-t),0.99,2020-06-16,1236,35959154.91,47941828.45,6551173.71,False
2025-05-19,Historical,0.95,2020-06-19,1234,20197391.51,30355838.93,1049497.91,False
2025-05-19,Historical,0.97,2020-06-19,1234,24885255.68,35464831.65,1049497.91,False
2025-05-19,Historical,0.99,2020-06-19,1234,37541319.6,44878799.26,1049497.91,False
2025-05-19,Parametric (Normal),0.95,2020-06-19,1234,20911268.81,26494877.87,1049497.91,False
2025-05-19,Parametric (Normal),0.97,2020-06-19,1234,24063997.48,29238880.34,1049497.91,False
2025-05-19,Parametric (Normal),0.99,2020-06-19,1234,30017679.84,34545753.62,1049497.91,False
2025-05-19,Monte Carlo (Student-t),0.95,2020-06-19,1234,19042191.42,28730960.14,1049497.91,False
2025-05-19,Monte Carlo (Student-t),0.97,2020-06-19,1234,23794188.26,33737320.98,1049497.91,False
2025-05-19,Monte Carlo (Student-t),0.99,2020-06-19,1234,33585049.41,45673708.44,1049497.91,False
2025-05-20,Historical,0.95,2020-06-22,1234,20197391.51,30355838.93,-4393916.65,False
2025-05-20,Historical,0.97,2020-06-22,1234,24885255.68,35464831.65,-4393916.65,False
2025-05-20,Historical,0.99,2020-06-22,1234,37541319.6,44878799.26,-4393916.65,False
2025-05-20,Parametric (Normal),0.95,2020-06-22,1234,20906207.1,26489520.35,-4393916.65,False
2025-05-20,Parametric (Normal),0.97,2020-06-22,1234,24058768.74,29233377.46,-4393916.65,False
2025-05-20,Parametric (Normal),0.99,2020-06-22,1234,30012135.7,34539969.6,-4393916.65,False
2025-05-20,Monte Carlo (Student-t),0.95,2020-06-22,1234,19445654.94,29463538.67,-4393916.65,False
2025-05-20,Monte Carlo (Student-t),0.97,2020-06-22,1234,23654666.34,34841784.17,-4393916.65,False
2025-05-20,Monte Carlo (Student-t),0.99,2020-06-22,1234,34277892.24,48727951.25,-4393916.65,False
2025-05-21,Historical,0.95,2020-06-22,1235,20189798.58,30355838.93,-14966796.6,False
2025-05-21,Historical,0.97,2020-06-22,1235,24867548.45,35186073.33,-14966796.6,False
2025-05-21,Historical,0.99,2020-06-22,1235,37519706.57,44878799.26,-14966796.6,False
2025-05-21,Parametric (Normal),0.95,2020-06-22,1235,20903215.28,26484644.17,-14966796.6,False
2025-05-21,Parametric (Normal),0.97,2020-06-22,1235,24054712.94,29227575.23,-14966796.6,False
2025-05-21,Parametric (Normal),0.99,2020-06-22,1235,30006070.64,34532376.41,-14966796.6,False
2025-05-21,Monte Carlo (Student-t),0.95,2020-06-22,1235,20397673.88,29996111.54,-14966796.6,False
2025-05-21,Monte Carlo (Student-t),0.97,2020-06-22,1235,24752777.95,35032850.51,-14966796.6,False
2025-05-21,Monte Carlo (Student-t),0.99,2020-06-22,1235,34532386.53,47220802.68,-14966796.6,False
2025-05-22,Historical,0.95,2020-06-22,1236,20182205.65,30355838.93,674938.44,False
2025-05-22,Historical,0.97,2020-06-22,1236,24860847.85,35186073.33,674938.44,False
2025-05-22,Historical,0.99,2020-06-22,1236,37498093.53,44878799.26,674938.44,False
2025-05-22,Parametric (Normal),0.95,2020-06-22,1236,20920099.95,26502522.65,674938.44,False
2025-05-22,Parametric (Normal),0.97,2020-06-22,1236,24072158.75,29245942.11,674938.44,False
2025-05-22,Parametric (Normal),0.99,2020-06-22,1236,30024576.13,34551687.83,674938.44,False
2025-05-22,Monte Carlo (Student-t),0.95,2020-06-22,1236,19630078.35,29476938.14,674938.44,False
2025-05-22,Monte Carlo (Student-t),0.97,2020-06-22,1236,23978346.06,34751695.57,674938.44,False
2025-05-22,Monte Carlo (Student-t),0.99,2020-06-22,1236,34944898.45,48369984.27,674938.44,False
2025-05-23,Historical,0.95,2020-06-23,1236,20182205.65,30355838.93,-9005094.75,False
2025-05-23,Historical,0.97,2020-06-23,1236,24860847.85,35186073.33,-9005094.75,False
2025-05-23,Historical,0.99,2020-06-23,1236,37498093.53,44878799.26,-9005094.75,False
2025-05-23,Parametric (Normal),0.95,2020-06-23,1236,20923493.6,26504622.25,-9005094.75,False
2025-05-23,Parametric (Normal),0.97,2020-06-23,1236,24074821.72,29247405.76,-9005094.75,False
2025-05-23,Parametric (Normal),0.99,2020-06-23,1236,30025859.29,34551921.57,-9005094.75,False
2025-05-23,Monte Carlo (Student-t),0.95,2020-06-23,1236,19313734.65,28862596.09,-9005094.75,False
2025-05-23,Monte Carlo (Student-t),0.97,2020-06-23,1236,23546908.65,34029807.19,-9005094.75,False
2025-05-23,Monte Carlo (Student-t),0.99,2020-06-23,1236,32406168.79,47701036.8,-9005094.75,False
2025-05-27,Historical,0.95,2020-06-29,1233,20043815.28,30157287.1,22672246.33,False
2025-05-27,Historical,0.97,2020-06-29,1233,24657596.43,35361291.33,22672246.33,False
2025-05-27,Historical,0.99,2020-06-29,1233,37562932.64,44878799.26,22672246.33,False
2025-05-27,Parametric (Normal),0.95,2020-06-29,1233,20848488.52,26416123.08,22672246.33,False
2025-05-27,Parametric (Normal),0.97,2020-06-29,1233,23992197.35,29152275.07,22672246.33,False
2025-05-27,Parametric (Normal),0.99,2020-06-29,1233,29928846.45,34443965.59,22672246.33,False
2025-05-27,Monte Carlo (Student-t),0.95,2020-06-29,1233,19802607.76,29814854.9,22672246.33,False
2025-05-27,Monte Carlo (Student-t),0.97,2020-06-29,1233,23971886.95,35291289.59,22672246.33,False
2025-05-27,Monte Carlo (Student-t),0.99,2020-06-29,1233,33873037.07,49191255.48,22672246.33,False
2025-05-28,Historical,0.95,2020-06-29,1234,20040357.6,30157287.1,-4144856.82,False
2025-05-28,Historical,0.97,2020-06-29,1234,24650895.83,35361291.33,-4144856.82,False
2025-05-28,Historical,0.99,2020-06-29,1234,37541319.6,44878799.26,-4144856.82,False
2025-05-28,Parametric (Normal),0.95,2020-06-29,1234,20845435.44,26416742.04,-4144856.82,False
2025-05-28,Parametric (Normal),0.97,2020-06-29,1234,23991217.64,29154698.6,-4144856.82,False
2025-05-28,Parametric (Normal),0.99,2020-06-29,1234,29931782.16,34449879.16,-4144856.82,False
2025-05-28,Monte Carlo (Student-t),0.95,2020-06-29,1234,19099229.58,29287237.87,-4144856.82,False
2025-05-28,Monte Carlo (Student-t),0.97,2020-06-29,1234,23660777.8,34722227.21,-4144856.82,False
2025-05-28,Monte Carlo (Student-t),0.99,2020-06-29,1234,34311355.83,48072178.71,-4144856.82,False
2025-05-29,Historical,0.95,2020-06-29,1235,20036899.92,30157287.1,4620050.14,False
2025-05-29,Historical,0.97,2020-06-29,1235,24647309.47,35079380.04,4620050.14,False
2025-05-29,Historical,0.99,2020-06-29,1235,37519706.57,44878799.26,4620050.14,False
2025-05-29,Parametric (Normal),0.95,2020-06-29,1235,20842149.37,26411545.31,4620050.14,False
2025-05-29,Parametric (Normal),0.97,2020-06-29,1235,23986852.74,29148562.91,4620050.14,False
2025-05-29,Parametric (Normal),0.99,2020-06-29,1235,29925379.97,34441927.51,4620050.14,False
2025-05-29,Monte Carlo (Student-t),0.95,2020-06-29,1235,19888626.42,28752882.58,4620050.14,False
2025-05-29,Monte Carlo (Student-t),0.97,2020-06-29,1235,24110558.93,33388649.57,4620050.14,False
2025-05-29,Monte Carlo (Student-t),0.99,2020-06-29,1235,33033319.87,44768750.77,4620050.14,False
2025-05-30,Historical,0.95,2020-06-30,1235,20036899.92,30157287.1,-924771.92,False
2025-05-30,Historical,0.97,2020-06-30,1235,24647309.47,35079380.04,-924771.92,False
2025-05-30,Historical,0.99,2020-06-30,1235,37519706.57,44878799.26,-924771.92,False
2025-05-30,Parametric (Normal),0.95,2020-06-30,1235,20842019.91,26409453.34,-924771.92,False
2025-05-30,Parametric (Normal),0.97,2020-06-30,1235,23985615.17,29145506.48,-924771.92,False
2025-05-30,Parametric (Normal),0.99,2020-06-30,1235,29922049.81,34437005.84,-924771.92,False
2025-05-30,Monte Carlo (Student-t),0.95,2020-06-30,1235,18839380.62,27635698.04,-924771.92,False
2025-05-30,Monte Carlo (Student-t),0.97,2020-06-30,1235,22839273.96,32262062.65,-924771.92,False
2025-05-30,Monte Carlo (Student-t),0.99,2020-06-30,1235,32466306.38,43129911.23,-924771.92,False
2025-06-02,Historical,0.95,2020-07-02,1234,20040357.6,30157287.1,4864797.33,False
2025-06-02,Historical,0.97,2020-07-02,1234,24650895.83,35361291.33,4864797.33,False
2025-06-02,Historical,0.99,2020-07-02,1234,37541319.6,44878799.26,4864797.33,False
2025-06-02,Parametric (Normal),0.95,2020-07-02,1234,20853912.91,26418996.78,4864797.33,False
2025-06-02,Parametric (Normal),0.97,2020-07-02,1234,23996181.51,29153895.26,4864797.33,False
2025-06-02,Parametric (Normal),0.99,2020-07-02,1234,29930110.87,34443161.5,4864797.33,False
2025-06-02,Monte Carlo (Student-t),0.95,2020-07-02,1234,19084984.41,28818370.03,4864797.33,False
2025-06-02,Monte Carlo (Student-t),0.97,2020-07-02,1234,23695058.42,33843684.59,4864797.33,False
2025-06-02,Monte Carlo (Student-t),0.99,2020-07-02,1234,33145958.7,46462954.51,4864797.33,False
2025-06-03,Historical,0.95,2020-07-06,1234,20040357.6,30157287.1,5284050.48,False
2025-06-03,Historical,0.97,2020-07-06,1234,24650895.83,35361291.33,5284050.48,False
2025-06-03,Historical,0.99,2020-07-06,1234,37541319.6,44878799.26,5284050.48,False
2025-06-03,Parametric (Normal),0.95,2020-07-06,1234,20854707.76,26419433.3,5284050.48,False
2025-06-03,Parametric (Normal),0.97,2020-07-06,1234,23996774.04,29154155.69,5284050.48,False
2025-06-03,Parametric (Normal),0.99,2020-07-06,1234,29930321.32,34443081.36,5284050.48,False
2025-06-03,Monte Carlo (Student-t),0.95,2020-07-06,1234,19495596.56,30078231.35,5284050.48,False
2025-06-03,Monte Carlo (Student-t),0.97,2020-07-06,1234,23589460.57,35799060.78,5284050.48,False
2025-06-03,Monte Carlo (Student-t),0.99,2020-07-06,1234,35663071.39,50606525.62,5284050.48,False
2025-06-04,Historical,0.95,2020-07-06,1235,20036899.92,30157287.1,1139610.84,False
2025-06-04,Historical,0.97,2020-07-06,1235,24647309.47,35079380.04,1139610.84,False
2025-06-04,Historical,0.99,2020-07-06,1235,37519706.57,44878799.26,1139610.84,False
2025-06-04,Parametric (Normal),0.95,2020-07-06,1235,20843298.89,26405997.03,1139610.84,False
2025-06-04,Parametric (Normal),0.97,2020-07-06,1235,23984220.41,29139723.07,1139610.84,False
2025-06-04,Parametric (Normal),0.99,2020-07-06,1235,29915605.92,34426721.82,1139610.84,False
2025-06-04,Monte Carlo (Student-t),0.95,2020-07-06,1235,19575241.92,29299635.91,1139610.84,False
2025-06-04,Monte Carlo (Student-t),0.97,2020-07-06,1235,23981049.04,34358285.86,1139610.84,False
2025-06-04,Monte Carlo (Student-t),0.99,2020-07-06,1235,32711596.67,47730912.9,1139610.84,False
2025-06-05,Historical,0.95,2020-07-06,1236,20033442.24,30157287.1,-7533962.41,False
2025-06-05,Historical,0.97,2020-07-06,1236,24645280.23,35079380.04,-7533962.41,False
2025-06-05,Historical,0.99,2020-07-06,1236,37498093.53,44878799.26,-7533962.41,False
2025-06-05,Parametric (Normal),0.95,2020-07-06,1236,20834362.74,26394808.41,-7533962.41,False
2025-06-05,Parametric (Normal),0.97,2020-07-06,1236,23974012.43,29127427.5,-7533962.41,False
2025-06-05,Parametric (Normal),0.99,2020-07-06,1236,29902996.18,34412285.42,-7533962.41,False
2025-06-05,Monte Carlo (Student-t),0.95,2020-07-06,1236,19680791.9,29705229.09,-7533962.41,False
2025-06-05,Monte Carlo (Student-t),0.97,2020-07-06,1236,23723504.69,35169472.05,-7533962.41,False
2025-06-05,Monte Carlo (Student-t),0.99,2020-07-06,1236,34464026.36,49305988.03,-7533962.41,False
2025-06-06,Historical,0.95,2020-07-06,1237,20029984.56,30157287.1,12592059.43,False
2025-06-06,Historical,0.97,2020-07-06,1237,24643250.98,35079380.04,12592059.43,False
2025-06-06,Historical,0.99,2020-07-06,1237,37476480.5,44878799.26,12592059.43,False
2025-06-06,Parametric (Normal),0.95,2020-07-06,1237,20836134.7,26395266.9,12592059.43,False
2025-06-06,Parametric (Normal),0.97,2020-07-06,1237,23975042.75,29127240.49,12592059.43,False
2025-06-06,Parametric (Normal),0.99,2020-07-06,1237,29902625.96,34410850.04,12592059.43,False
2025-06-06,Monte Carlo (Student-t),0.95,2020-07-06,1237,18859917.53,29128923.23,12592059.43,False
2025-06-06,Monte Carlo (Student-t),0.97,2020-07-06,1237,23228327.29,34707717.55,12592059.43,False
2025-06-06,Monte Carlo (Student-t),0.99,2020-07-06,1237,34791887.88,47956495.71,12592059.43,False
2025-06-09,Historical,0.95,2020-07-09,1235,20036899.92,30157287.1,2654581.33,False
2025-06-09,Historical,0.97,2020-07-09,1235,24647309.47,35079380.04,2654581.33,False
2025-06-09,Historical,0.99,2020-07-09,1235,37519706.57,44878799.26,2654581.33,False
2025-06-09,Parametric (Normal),0.95,2020-07-09,1235,20835860.33,26391820.57,2654581.33,False
2025-06-09,Parametric (Normal),0.97,2020-07-09,1235,23972977.37,29122235.34,2654581.33,False
2025-06-09,Parametric (Normal),0.99,2020-07-09,1235,29897178.39,34402830.14,2654581.33,False
2025-06-09,Monte Carlo (Student-t),0.95,2020-07-09,1235,19155664.54,28694977.53,2654581.33,False
2025-06-09,Monte Carlo (Student-t),0.97,2020-07-09,1235,23214739.32,33826428.01,2654581.33,False
2025-06-09,Monte Carlo (Student-t),0.99,2020-07-09,1235,34445498.99,46420775.7,2654581.33,False
2025-06-10,Historical,0.95,2020-07-10,1235,20036899.92,30157287.1,7526652.84,False
2025-06-10,Historical,0.97,2020-07-10,1235,24647309.47,35079380.04,7526652.84,False
2025-06-10,Historical,0.99,2020-07-10,1235,37519706.57,44878799.26,7526652.84,False
2025-06-10,Parametric (Normal),0.95,2020-07-10,1235,20835871.89,26391831.38,7526652.84,False
2025-06-10,Parametric (Normal),0.97,2020-07-10,1235,23972988.5,29122245.79,7526652.84,False
2025-06-10,Parametric (Normal),0.99,2020-07-10,1235,29897188.74,34402839.88,7526652.84,False
2025-06-10,Monte Carlo (Student-t),0.95,2020-07-10,1235,18984377.84,28629778.01,7526652.84,False
2025-06-10,Monte Carlo (Student-t),0.97,2020-07-10,1235,23451684.02,33689261.1,7526652.84,False
2025-06-10,Monte Carlo (Student-t),0.99,2020-07-10,1235,34148237.33,45820225.11,7526652.84,False
2025-06-11,Historical,0.95,2020-07-13,1235,20036899.92,30157287.1,-4171259.38,False
2025-06-11,Historical,0.97,2020-07-13,1235,24647309.47,35079380.04,-4171259.38,False
2025-06-11,Historical,0.99,2020-07-13,1235,37519706.57,44878799.26,-4171259.38,False
2025-06-11,Parametric (Normal),0.95,2020-07-13,1235,20835831.95,26391081.87,-4171259.38,False
2025-06-11,Parametric (Normal),0.97,2020-07-13,1235,23972547.91,29121147.56,-4171259.38,False
2025-06-11,Parametric (Normal),0.99,2020-07-13,1235,29895991.53,34401067.24,-4171259.38,False
2025-06-11,Monte Carlo (Student-t),0.95,2020-07-13,1235,19188999.53,29590444.76,-4171259.38,False
2025-06-11,Monte Carlo (Student-t),0.97,2020-07-13,1235,23834885.14,34989313.93,-4171259.38,False
2025-06-11,Monte Carlo (Student-t),0.99,2020-07-13,1235,34749563.8,48343117.44,-4171259.38,False
2025-06-12,Historical,0.95,2020-07-13,1236,20033442.24,30157287.1,4300304.38,False
2025-06-12,Historical,0.97,2020-07-13,1236,24645280.23,35079380.04,4300304.38,False
2025-06-12,Historical,0.99,2020-07-13,1236,37498093.53,44878799.26,4300304.38,False
2025-06-12,Parametric (Normal),0.95,2020-07-13,1236,20832541.87,26385886.58,4300304.38,False
2025-06-12,Parametric (Normal),0.97,2020-07-13,1236,23968182.08,29115015.98,4300304.38,False
2025-06-12,Parametric (Normal),0.99,2020-07-13,1236,29889594.22,34393124.88,4300304.38,False
2025-06-12,Monte Carlo (Student-t),0.95,2020-07-13,1236,19486040.79,28575803.66,4300304.38,False
2025-06-12,Monte Carlo (Student-t),0.97,2020-07-13,1236,23656917.89,33436057.18,4300304.38,False
2025-06-12,Monte Carlo (Student-t),0.99,2020-07-13,1236,33795292.54,44879516.26,4300304.38,False
2025-06-13,Historical,0.95,2020-07-13,1237,20029984.56,30157287.1,-10474661.28,False
2025-06-13,Historical,0.97,2020-07-13,1237,24643250.98,35079380.04,-10474661.28,False
2025-06-13,Historical,0.99,2020-07-13,1237,37476480.5,44878799.26,-10474661.28,False
2025-06-13,Parametric (Normal),0.95,2020-07-13,1237,20821587.33,26372821.26,-10474661.28,False
2025-06-13,Parametric (Normal),0.97,2020-07-13,1237,23956035.71,29100913.34,-10474661.28,False
2025-06-13,Parametric (Normal),0.99,2020-07-13,1237,29875197.17,34377016.08,-10474661.28,False
2025-06-13,Monte Carlo (Student-t),0.95,2020-07-13,1237,19734464.14,28874964.59,-10474661.28,False
2025-06-13,Monte Carlo (Student-t),0.97,2020-07-13,1237,23830015.99,33675036.42,-10474661.28,False
2025-06-13,Monte Carlo (Student-t),0.99,2020-07-13,1237,34089583.41,45315601.58,-10474661.28,False
2025-06-16,Historical,0.95,2020-07-16,1235,20036899.92,30157287.1,9909724.25,False
2025-06-16,Historical,0.97,2020-07-16,1235,24647309.47,35079380.04,9909724.25,False
2025-06-16,Historical,0.99,2020-07-16,1235,37519706.57,44878799.26,9909724.25,False
2025-06-16,Parametric (Normal),0.95,2020-07-16,1235,20834347.43,26386419.54,9909724.25,False
2025-06-16,Parametric (Normal),0.97,2020-07-16,1235,23969269.07,29114923.54,9909724.25,False
2025-06-16,Parametric (Normal),0.99,2020-07-16,1235,29889324.28,34391822.92,9909724.25,False
2025-06-16,Monte Carlo (Student-t),0.95,2020-07-16,1235,19236476.56,27935097.18,9909724.25,False
2025-06-16,Monte Carlo (Student-t),0.97,2020-07-16,1235,22829059.15,32564580.15,9909724.25,False
2025-06-16,Monte Carlo (Student-t),0.99,2020-07-16,1235,32119268.01,44742767.32,9909724.25,False
2025-06-17,Historical,0.95,2020-07-17,1235,20036899.92,30157287.1,-9240996.36,False
2025-06-17,Historical,0.97,2020-07-17,1235,24647309.47,35079380.04,-9240996.36,False
2025-06-17,Historical,0.99,2020-07-17,1235,37519706.57,44878799.26,-9240996.36,False
2025-06-17,Parametric (Normal),0.95,2020-07-17,1235,20822201.65,26374560.3,-9240996.36,False
2025-06-17,Parametric (Normal),0.97,2020-07-17,1235,23957285.09,29103205.11,-9240996.36,False
2025-06-17,Parametric (Normal),0.99,2020-07-17,1235,29877645.82,34380376.82,-9240996.36,False
2025-06-17,Monte Carlo (Student-t),0.95,2020-07-17,1235,18948082.13,28585723.96,-9240996.36,False
2025-06-17,Monte Carlo (Student-t),0.97,2020-07-17,1235,23511412.46,33667995.51,-9240996.36,False
2025-06-17,Monte Carlo (Student-t),0.99,2020-07-17,1235,33320156.63,46482456.42,-9240996.36,False
2025-06-18,Historical,0.95,2020-07-20,1235,20036899.92,30157287.1,-277248.01,False
2025-06-18,Historical,0.97,2020-07-20,1235,24647309.47,35079380.04,-277248.01,False
2025-06-18,Historical,0.99,2020-07-20,1235,37519706.57,44878799.26,-277248.01,False
2025-06-18,Parametric (Normal),0.95,2020-07-20,1235,20836193.33,26389892.86,-277248.01,False
2025-06-18,Parametric (Normal),0.97,2020-07-20,1235,23972033.88,29119196.63,-277248.01,False
2025-06-18,Parametric (Normal),0.99,2020-07-20,1235,29893824.35,34397642.76,-277248.01,False
2025-06-18,Monte Carlo (Student-t),0.95,2020-07-20,1235,18973848.14,28640874.06,-277248.01,False
2025-06-18,Monte Carlo (Student-t),0.97,2020-07-20,1235,23376945.93,33838624.47,-277248.01,False
2025-06-18,Monte Carlo (Student-t),0.99,2020-07-20,1235,33654484.92,45899557.49,-277248.01,False
2025-06-20,Historical,0.95,2020-07-20,1236,20033442.24,30157287.1,-3880566.98,False
2025-06-20,Historical,0.97,2020-07-20,1236,24645280.23,35079380.04,-3880566.98,False
2025-06-20,Historical,0.99,2020-07-20,1236,37498093.53,44878799.26,-3880566.98,False
2025-06-20,Parametric (Normal),0.95,2020-07-20,1236,20828479.54,26379951.74,-3880566.98,False
2025-06-20,Parametric (Normal),0.97,2020-07-20,1236,23963062.45,29108160.91,-3880566.98,False
2025-06-20,Parametric (Normal),0.99,2020-07-20,1236,29882477.97,34384490.1,-3880566.98,False
2025-06-20,Monte Carlo (Student-t),0.95,2020-07-20,1236,19414714.33,29175419.93,-3880566.98,False
2025-06-20,Monte Carlo (Student-t),0.97,2020-07-20,1236,24015895.16,34325872.1,-3880566.98,False
2025-06-20,Monte Carlo (Student-t),0.99,2020-07-20,1236,34084057.61,46863633.66,-3880566.98,False
2025-06-23,Historical,0.95,2020-07-23,1234,20040357.6,30157287.1,9804225.88,False
2025-06-23,Historical,0.97,2020-07-23,1234,24650895.83,35361291.33,9804225.88,False
2025-06-23,Historical,0.99,2020-07-23,1234,37541319.6,44878799.26,9804225.88,False
2025-06-23,Parametric (Normal),0.95,2020-07-23,1234,20845618.22,26396856.65,9804225.88,False
2025-06-23,Parametric (Normal),0.97,2020-07-23,1234,23980069.14,29124950.94,9804225.88,False
2025-06-23,Parametric (Normal),0.99,2020-07-23,1234,29899235.4,34401057.96,9804225.88,False
2025-06-23,Monte Carlo (Student-t),0.95,2020-07-23,1234,19960704.44,29822350.08,9804225.88,False
2025-06-23,Monte Carlo (Student-t),0.97,2020-07-23,1234,24081885.11,35149821.15,9804225.88,False
2025-06-23,Monte Carlo (Student-t),0.99,2020-07-23,1234,34561862.13,48447738.76,9804225.88,False
2025-06-24,Historical,0.95,2020-07-24,1234,19938801.5,30147863.55,11349862.67,False
2025-06-24,Historical,0.97,2020-07-24,1234,24650895.83,35361291.33,11349862.67,False
2025-06-24,Historical,0.99,2020-07-24,1234,37541319.6,44878799.26,11349862.67,False
2025-06-24,Parametric (Normal),0.95,2020-07-24,1234,20801379.69,26347639.08,11349862.67,False
2025-06-24,Parametric (Normal),0.97,2020-07-24,1234,23933019.24,29073286.48,11349862.67,False
2025-06-24,Parametric (Normal),0.99,2020-07-24,1234,29846876.46,34344661.22,11349862.67,False
2025-06-24,Monte Carlo (Student-t),0.95,2020-07-24,1234,19340517.88,28804782.94,11349862.67,False
2025-06-24,Monte Carlo (Student-t),0.97,2020-07-24,1234,23788188.19,33783178.76,11349862.67,False
2025-06-24,Monte Carlo (Student-t),0.99,2020-07-24,1234,33388113.48,45343962.72,11349862.67,False
2025-06-25,Historical,0.95,2020-07-27,1234,19938801.5,30147863.55,2764757.31,False
2025-06-25,Historical,0.97,2020-07-27,1234,24650895.83,35361291.33,2764757.31,False
2025-06-25,Historical,0.99,2020-07-27,1234,37541319.6,44878799.26,2764757.31,False
2025-06-25,Parametric (Normal),0.95,2020-07-27,1234,20790738.8,26337789.24,2764757.31,False
2025-06-25,Parametric (Normal),0.97,2020-07-27,1234,23922825.01,29063825.39,2764757.31,False
2025-06-25,Parametric (Normal),0.99,2020-07-27,1234,29837525.71,34335951.99,2764757.31,False
2025-06-25,Monte Carlo (Student-t),0.95,2020-07-27,1234,18849656.18,28142499.38,2764757.31,False
2025-06-25,Monte Carlo (Student-t),0.97,2020-07-27,1234,23116183.5,33015965.04,2764757.31,False
2025-06-25,Monte Carlo (Student-t),0.99,2020-07-27,1234,32539981.69,45320514.31,2764757.31,False
2025-06-26,Historical,0.95,2020-07-27,1235,19932851.33,30147863.55,7487926.11,False
2025-06-26,Historical,0.97,2020-07-27,1235,24647309.47,35079380.04,7487926.11,False
2025-06-26,Historical,0.99,2020-07-27,1235,37519706.57,44878799.26,7487926.11,False
2025-06-26,Parametric (Normal),0.95,2020-07-27,1235,20780645.27,26325485.4,7487926.11,False
2025-06-26,Parametric (Normal),0.97,2020-07-27,1235,23911483.45,29050435.31,7487926.11,False
2025-06-26,Parametric (Normal),0.99,2020-07-27,1235,29823827.33,34320461.13,7487926.11,False
2025-06-26,Monte Carlo (Student-t),0.95,2020-07-27,1235,20168244.78,29758379.81,7487926.11,False
2025-06-26,Monte Carlo (Student-t),0.97,2020-07-27,1235,24229655.12,34892572.83,7487926.11,False
2025-06-26,Monte Carlo (Student-t),0.99,2020-07-27,1235,34798905.15,48010467.97,7487926.11,False
2025-06-27,Historical,0.95,2020-07-27,1236,19926901.15,30147863.55,6410016.58,False
2025-06-27,Historical,0.97,2020-07-27,1236,24645280.23,35079380.04,6410016.58,False
2025-06-27,Historical,0.99,2020-07-27,1236,37498093.53,44878799.26,6410016.58,False
2025-06-27,Parametric (Normal),0.95,2020-07-27,1236,20768676.52,26311800.14,6410016.58,False
2025-06-27,Parametric (Normal),0.97,2020-07-27,1236,23898545.49,29035906.5,6410016.58,False
2025-06-27,Parametric (Normal),0.99,2020-07-27,1236,29809059.11,34304300.89,6410016.58,False
2025-06-27,Monte Carlo (Student-t),0.95,2020-07-27,1236,20068101.81,30386936.46,6410016.58,False
2025-06-27,Monte Carlo (Student-t),0.97,2020-07-27,1236,24358716.42,35934972.51,6410016.58,False
2025-06-27,Monte Carlo (Student-t),0.99,2020-07-27,1236,35806628.64,49011868.81,6410016.58,False
2025-06-30,Historical,0.95,2020-07-30,1234,19938801.5,30147863.55,4187266.45,False
2025-06-30,Historical,0.97,2020-07-30,1234,24650895.83,35361291.33,4187266.45,False
2025-06-30,Historical,0.99,2020-07-30,1234,37541319.6,44878799.26,4187266.45,False
2025-06-30,Parametric (Normal),0.95,2020-07-30,1234,20773497.72,26316331.12,4187266.45,False
2025-06-30,Parametric (Normal),0.97,2020-07-30,1234,23903202.82,29040294.86,4187266.45,False
2025-06-30,Parametric (Normal),0.99,2020-07-30,1234,29813406.98,34308413.41,4187266.45,False
2025-06-30,Monte Carlo (Student-t),0.95,2020-07-30,1234,19572633.92,29660212.77,4187266.45,False
2025-06-30,Monte Carlo (Student-t),0.97,2020-07-30,1234,24031637.07,35062548.93,4187266.45,False
2025-06-30,Monte Carlo (Student-t),0.99,2020-07-30,1234,36110371.03,46849382.13,4187266.45,False
2025-07-01,Historical,0.95,2020-08-03,1233,19944751.68,30147863.55,-2157279.02,False
2025-07-01,Historical,0.97,2020-08-03,1233,24657596.43,35361291.33,-2157279.02,False
2025-07-01,Historical,0.99,2020-08-03,1233,37562932.64,44878799.26,-2157279.02,False
2025-07-01,Parametric (Normal),0.95,2020-08-03,1233,20780993.22,26324718.04,-2157279.02,False
2025-07-01,Parametric (Normal),0.97,2020-08-03,1233,23911201.65,29049119.86,-2157279.02,False
2025-07-01,Parametric (Normal),0.99,2020-08-03,1233,29822356.32,34318085.65,-2157279.02,False
2025-07-01,Monte Carlo (Student-t),0.95,2020-08-03,1233,19037001.16,29522056.67,-2157279.02,False
2025-07-01,Monte Carlo (Student-t),0.97,2020-08-03,1233,24051272.64,34929001.53,-2157279.02,False
2025-07-01,Monte Carlo (Student-t),0.99,2020-08-03,1233,35003482.59,47697953.94,-2157279.02,False
2025-07-02,Historical,0.95,2020-08-03,1234,19938801.5,30147863.55,6755998.49,False
2025-07-02,Historical,0.97,2020-08-03,1234,24650895.83,35361291.33,6755998.49,False
2025-07-02,Historical,0.99,2020-08-03,1234,37541319.6,44878799.26,6755998.49,False
2025-07-02,Parametric (Normal),0.95,2020-08-03,1234,20775248.3,26316855.22,6755998.49,False
2025-07-02,Parametric (Normal),0.97,2020-08-03,1234,23904260.88,29040216.21,6755998.49,False
2025-07-02,Parametric (Normal),0.99,2020-08-03,1234,29813157.27,34307169.07,6755998.49,False
2025-07-02,Monte Carlo (Student-t),0.95,2020-08-03,1234,18958662.03,29662709.43,6755998.49,False
2025-07-02,Monte Carlo (Student-t),0.97,2020-08-03,1234,23657112.58,35374571.37,6755998.49,False
2025-07-02,Monte Carlo (Student-t),0.99,2020-08-03,1234,35484295.16,49049043.62,6755998.49,False
2025-07-03,Historical,0.95,2020-08-03,1235,19932851.33,30147863.55,8693673.64,False
2025-07-03,Historical,0.97,2020-08-03,1235,24647309.47,35079380.04,8693673.64,False
2025-07-03,Historical,0.99,2020-08-03,1235,37519706.57,44878799.26,8693673.64,False
2025-07-03,Parametric (Normal),0.95,2020-08-03,1235,20763420.39,26303198.6,8693673.64,False
2025-07-03,Parametric (Normal),0.97,2020-08-03,1235,23891400.41,29025660.9,8693673.64,False
2025-07-03,Parametric (Normal),0.99,2020-08-03,1235,29798346.89,34290875.69,8693673.64,False
2025-07-03,Monte Carlo (Student-t),0.95,2020-08-03,1235,19111682.38,29012174.27,8693673.64,False
2025-07-03,Monte Carlo (Student-t),0.97,2020-08-03,1235,23663971.94,34280534.43,8693673.64,False
2025-07-03,Monte Carlo (Student-t),0.99,2020-08-03,1235,34588514.68,47285312.82,8693673.64,False
2025-07-07,Historical,0.95,2020-08-07,1232,19950701.86,30147863.55,-9845647.41,False
2025-07-07,Historical,0.97,2020-08-07,1232,24664297.03,35361291.33,-9845647.41,False
2025-07-07,Historical,0.99,2020-08-07,1232,37584545.67,44878799.26,-9845647.41,False
2025-07-07,Parametric (Normal),0.95,2020-08-07,1232,20797206.48,26340883.97,-9845647.41,False
2025-07-07,Parametric (Normal),0.97,2020-08-07,1232,23927388.19,29065262.53,-9845647.41,False
2025-07-07,Parametric (Normal),0.99,2020-08-07,1232,29838492.39,34334183.34,-9845647.41,False
2025-07-07,Monte Carlo (Student-t),0.95,2020-08-07,1232,19301808.17,28941131.58,-9845647.41,False
2025-07-07,Monte Carlo (Student-t),0.97,2020-08-07,1232,23837489.93,33884497.26,-9845647.41,False
2025-07-07,Monte Carlo (Student-t),0.99,2020-08-07,1232,35369537.77,45466513.45,-9845647.41,False
2025-07-08,Historical,0.95,2020-08-10,1232,19950701.86,30147863.55,-850429.01,False
2025-07-08,Historical,0.97,2020-08-10,1232,24664297.03,35361291.33,-850429.01,False
2025-07-08,Historical,0.99,2020-08-10,1232,37584545.67,44878799.26,-850429.01,False
2025-07-08,Parametric (Normal),0.95,2020-08-10,1232,20806549.87,26351407.88,-850429.01,False
2025-07-08,Parametric (Normal),0.97,2020-08-10,1232,23937398.15,29076366.59,-850429.01,False
2025-07-08,Parametric (Normal),0.99,2020-08-10,1232,29849761.11,34346409.41,-850429.01,False
2025-07-08,Monte Carlo (Student-t),0.95,2020-08-10,1232,18492647.43,27686096.58,-850429.01,False
2025-07-08,Monte Carlo (Student-t),0.97,2020-08-10,1232,22516140.77,32627730.74,-850429.01,False
2025-07-08,Monte Carlo (Student-t),0.99,2020-08-10,1232,32067816.34,45222444.85,-850429.01,False
2025-07-09,Historical,0.95,2020-08-10,1233,19944751.68,30147863.55,6502164.84,False
2025-07-09,Historical,0.97,2020-08-10,1233,24657596.43,35361291.33,6502164.84,False
2025-07-09,Historical,0.99,2020-08-10,1233,37562932.64,44878799.26,6502164.84,False
2025-07-09,Parametric (Normal),0.95,2020-08-10,1233,20799382.87,26342034.78,6502164.84,False
2025-07-09,Parametric (Normal),0.97,2020-08-10,1233,23928985.49,29065909.32,6502164.84,False
2025-07-09,Parametric (Normal),0.99,2020-08-10,1233,29838996.13,34333855.38,6502164.84,False
2025-07-09,Monte Carlo (Student-t),0.95,2020-08-10,1233,19203770.42,29251529.97,6502164.84,False
2025-07-09,Monte Carlo (Student-t),0.97,2020-08-10,1233,23959861.05,34470287.86,6502164.84,False
2025-07-09,Monte Carlo (Student-t),0.99,2020-08-10,1233,35149097.3,46316097.23,6502164.84,False
2025-07-10,Historical,0.95,2020-08-10,1234,19938801.5,30147863.55,3641675.16,False
2025-07-10,Historical,0.97,2020-08-10,1234,24650895.83,35361291.33,3641675.16,False
2025-07-10,Historical,0.99,2020-08-10,1234,37541319.6,44878799.26,3641675.16,False
2025-07-10,Parametric (Normal),0.95,2020-08-10,1234,20787601.23,26328389.01,3641675.16,False
2025-07-10,Parametric (Normal),0.97,2020-08-10,1234,23916151.29,29051347.45,3641675.16,False
2025-07-10,Parametric (Normal),0.99,2020-08-10,1234,29824174.25,34317521.76,3641675.16,False
2025-07-10,Monte Carlo (Student-t),0.95,2020-08-10,1234,19202523.21,29222817.47,3641675.16,False
2025-07-10,Monte Carlo (Student-t),0.97,2020-08-10,1234,24050192.06,34407683.9,3641675.16,False
2025-07-10,Monte Carlo (Student-t),0.99,2020-08-10,1234,34668057.73,46295373.17,3641675.16,False
2025-07-11,Historical,0.95,2020-08-11,1234,19938801.5,30147863.55,-1946196.58,False
2025-07-11,Historical,0.97,2020-08-11,1234,24650895.83,35361291.33,-1946196.58,False
2025-07-11,Historical,0.99,2020-08-11,1234,37541319.6,44878799.26,-1946196.58,False
2025-07-11,Parametric (Normal),0.95,2020-08-11,1234,20784568.12,26325417.46,-1946196.58,False
2025-07-11,Parametric (Normal),0.97,2020-08-11,1234,23913152.94,29048406.16,-1946196.58,False
2025-07-11,Parametric (Normal),0.99,2020-08-11,1234,29821241.55,34314638.99,-1946196.58,False
2025-07-11,Monte Carlo (Student-t),0.95,2020-08-11,1234,19739631.41,29229882.69,-1946196.58,False
2025-07-11,Monte Carlo (Student-t),0.97,2020-08-11,1234,24162058.26,34262256.03,-1946196.58,False
2025-07-11,Monte Carlo (Student-t),0.99,2020-08-11,1234,35855874.21,45465320.19,-1946196.58,False
2025-07-14,Historical,0.95,2020-08-14,1232,19950701.86,30147863.55,194844.69,False
2025-07-14,Historical,0.97,2020-08-14,1232,24664297.03,35361291.33,194844.69,False
2025-07-14,Historical,0.99,2020-08-14,1232,37584545.67,44878799.26,194844.69,False
2025-07-14,Parametric (Normal),0.95,2020-08-14,1232,20775864.62,26312028.01,194844.69,False
2025-07-14,Parametric (Normal),0.97,2020-08-14,1232,23901803.56,29032713.84,194844.69,False
2025-07-14,Parametric (Normal),0.99,2020-08-14,1232,29804895.63,34294492.96,194844.69,False
2025-07-14,Monte Carlo (Student-t),0.95,2020-08-14,1232,19618240.36,29759331.03,194844.69,False
2025-07-14,Monte Carlo (Student-t),0.97,2020-08-14,1232,23766592.16,35314265.22,194844.69,False
2025-07-14,Monte Carlo (Student-t),0.99,2020-08-14,1232,33879512.95,50314151.91,194844.69,False
2025-07-15,Historical,0.95,2020-08-17,1232,19950701.86,30147863.55,-1657653.06,False
2025-07-15,Historical,0.97,2020-08-17,1232,24664297.03,35361291.33,-1657653.06,False
2025-07-15,Historical,0.99,2020-08-17,1232,37584545.67,44878799.26,-1657653.06,False
2025-07-15,Parametric (Normal),0.95,2020-08-17,1232,20776030.82,26312197.71,-1657653.06,False
2025-07-15,Parametric (Normal),0.97,2020-08-17,1232,23901971.74,29032885.26,-1657653.06,False
2025-07-15,Parametric (Normal),0.99,2020-08-17,1232,29805067.55,34294667.72,-1657653.06,False
2025-07-15,Monte Carlo (Student-t),0.95,2020-08-17,1232,19165045.33,28995988.36,-1657653.06,False
2025-07-15,Monte Carlo (Student-t),0.97,2020-08-17,1232,23711377.4,34221181.05,-1657653.06,False
2025-07-15,Monte Carlo (Student-t),0.99,2020-08-17,1232,34567184.28,46890312.81,-1657653.06,False
2025-07-16,Historical,0.95,2020-08-17,1233,19944751.68,30147863.55,4004007.45,False
2025-07-16,Historical,0.97,2020-08-17,1233,24657596.43,35361291.33,4004007.45,False
2025-07-16,Historical,0.99,2020-08-17,1233,37562932.64,44878799.26,4004007.45,False
2025-07-16,Parametric (Normal),0.95,2020-08-17,1233,20769713.59,26303724.7,4004007.45,False
2025-07-16,Parametric (Normal),0.97,2020-08-17,1233,23894437.27,29023352.82,4004007.45,False
2025-07-16,Parametric (Normal),0.99,2020-08-17,1233,29795234.41,34283086.33,4004007.45,False
2025-07-16,Monte Carlo (Student-t),0.95,2020-08-17,1233,18654656.65,28072239.44,4004007.45,False
2025-07-16,Monte Carlo (Student-t),0.97,2020-08-17,1233,22907109.17,33126286.85,4004007.45,False
2025-07-16,Monte Carlo (Student-t),0.99,2020-08-17,1233,32962470.52,45347776.41,4004007.45,False
2025-07-17,Historical,0.95,2020-08-17,1234,19938801.5,30147863.55,3717498.83,False
2025-07-17,Historical,0.97,2020-08-17,1234,24650895.83,35361291.33,3717498.83,False
2025-07-17,Historical,0.99,2020-08-17,1234,37541319.6,44878799.26,3717498.83,False
2025-07-17,Parametric (Normal),0.95,2020-08-17,1234,20758905.26,26290786.11,3717498.83,False
2025-07-17,Parametric (Normal),0.97,2020-08-17,1234,23882426.11,29009367.33,3717498.83,False
2025-07-17,Parametric (Normal),0.99,2020-08-17,1234,29780951.8,34267076.16,3717498.83,False
2025-07-17,Monte Carlo (Student-t),0.95,2020-08-17,1234,18952757.21,28657187.57,3717498.83,False
2025-07-17,Monte Carlo (Student-t),0.97,2020-08-17,1234,23168775.01,33885041.97,3717498.83,False
2025-07-17,Monte Carlo (Student-t),0.99,2020-08-17,1234,34073266.82,46201441.44,3717498.83,False
2025-07-18,Historical,0.95,2020-08-18,1234,19938801.5,30147863.55,395407.57,False
2025-07-18,Historical,0.97,2020-08-18,1234,24650895.83,35361291.33,395407.57,False
2025-07-18,Historical,0.99,2020-08-18,1234,37541319.6,44878799.26,395407.57,False
2025-07-18,Parametric (Normal),0.95,2020-08-18,1234,20759988.66,26290502.02,395407.57,False
2025-07-18,Parametric (Normal),0.97,2020-08-18,1234,23882737.37,29008411.2,395407.57,False
2025-07-18,Parametric (Normal),0.99,2020-08-18,1234,29779804.93,34264820.32,395407.57,False
2025-07-18,Monte Carlo (Student-t),0.95,2020-08-18,1234,19898407.58,29571171.24,395407.57,False
2025-07-18,Monte Carlo (Student-t),0.97,2020-08-18,1234,24600814.54,34638473.63,395407.57,False
2025-07-18,Monte Carlo (Student-t),0.99,2020-08-18,1234,35440360.41,46774686.85,395407.57,False
2025-07-21,Historical,0.95,2020-08-21,1232,19950701.86,30147863.55,3443929.88,False
2025-07-21,Historical,0.97,2020-08-21,1232,24664297.03,35361291.33,3443929.88,False
2025-07-21,Historical,0.99,2020-08-21,1232,37584545.67,44878799.26,3443929.88,False
2025-07-21,Parametric (Normal),0.95,2020-08-21,1232,20778283.66,26312101.0,3443929.88,False
2025-07-21,Parametric (Normal),0.97,2020-08-21,1232,23902897.93,29031633.89,3443929.88,False
2025-07-21,Parametric (Normal),0.99,2020-08-21,1232,29803488.46,34291183.24,3443929.88,False
2025-07-21,Monte Carlo (Student-t),0.95,2020-08-21,1232,18829646.68,28082989.14,3443929.88,False
2025-07-21,Monte Carlo (Student-t),0.97,2020-08-21,1232,22706127.17,33090082.68,3443929.88,False
2025-07-21,Monte Carlo (Student-t),0.99,2020-08-21,1232,32682595.02,46698628.71,3443929.88,False
2025-07-22,Historical,0.95,2020-08-24,1232,19950701.86,30147863.55,-571903.49,False
2025-07-22,Historical,0.97,2020-08-24,1232,24664297.03,35361291.33,-571903.49,False
2025-07-22,Historical,0.99,2020-08-24,1232,37584545.67,44878799.26,-571903.49,False
2025-07-22,Parametric (Normal),0.95,2020-08-24,1232,20779864.42,26312877.57,-571903.49,False
2025-07-22,Parametric (Normal),0.97,2020-08-24,1232,23904024.61,29032015.25,-571903.49,False
2025-07-22,Parametric (Normal),0.99,2020-08-24,1232,29803757.66,34290800.27,-571903.49,False
2025-07-22,Monte Carlo (Student-t),0.95,2020-08-24,1232,18997874.82,28153880.98,-571903.49,False
2025-07-22,Monte Carlo (Student-t),0.97,2020-08-24,1232,22847799.54,33128509.65,-571903.49,False
2025-07-22,Monte Carlo (Student-t),0.99,2020-08-24,1232,32972031.33,45364355.74,-571903.49,False
2025-07-23,Historical,0.95,2020-08-24,1233,19944751.68,30147863.55,7478616.56,False
2025-07-23,Historical,0.97,2020-08-24,1233,24657596.43,35361291.33,7478616.56,False
2025-07-23,Historical,0.99,2020-08-24,1233,37562932.64,44878799.26,7478616.56,False
2025-07-23,Parametric (Normal),0.95,2020-08-24,1233,20772422.88,26303221.68,7478616.56,False
2025-07-23,Parametric (Normal),0.97,2020-08-24,1233,23895332.76,29021271.14,7478616.56,False
2025-07-23,Parametric (Normal),0.99,2020-08-24,1233,29792704.68,34277951.55,7478616.56,False
2025-07-23,Monte Carlo (Student-t),0.95,2020-08-24,1233,18974065.25,28649610.15,7478616.56,False
2025-07-23,Monte Carlo (Student-t),0.97,2020-08-24,1233,23081974.39,33817869.02,7478616.56,False
2025-07-23,Monte Carlo (Student-t),0.99,2020-08-24,1233,33441096.07,46633659.77,7478616.56,False
2025-07-24,Historical,0.95,2020-08-24,1234,19938801.5,30147863.55,942780.62,False
2025-07-24,Historical,0.97,2020-08-24,1234,24650895.83,35361291.33,942780.62,False
2025-07-24,Historical,0.99,2020-08-24,1234,37541319.6,44878799.26,942780.62,False
2025-07-24,Parametric (Normal),0.95,2020-08-24,1234,20760456.41,26289549.2,942780.62,False
2025-07-24,Parametric (Normal),0.97,2020-08-24,1234,23882403.01,29006760.26,942780.62,False
2025-07-24,Parametric (Normal),0.99,2020-08-24,1234,29777955.85,34261819.22,942780.62,False
2025-07-24,Monte Carlo (Student-t),0.95,2020-08-24,1234,18645429.96,27898527.07,942780.62,False
2025-07-24,Monte Carlo (Student-t),0.97,2020-08-24,1234,22663353.71,32903185.57,942780.62,False
2025-07-24,Monte Carlo (Student-t),0.99,2020-08-24,1234,32887957.61,45098164.78,942780.62,False
2025-07-25,Historical,0.95,2020-08-25,1234,19938801.5,30147863.55,3664043.26,False
2025-07-25,Historical,0.97,2020-08-25,1234,24650895.83,35361291.33,3664043.26,False
2025-07-25,Historical,0.99,2020-08-25,1234,37541319.6,44878799.26,3664043.26,False
2025-07-25,Parametric (Normal),0.95,2020-08-25,1234,20763743.54,26292124.2,3664043.26,False
2025-07-25,Parametric (Normal),0.97,2020-08-25,1234,23885288.04,29008985.29,3664043.26,False
2025-07-25,Parametric (Normal),0.99,2020-08-25,1234,29780081.55,34263367.41,3664043.26,False
2025-07-25,Monte Carlo (Student-t),0.95,2020-08-25,1234,18919625.85,29408211.26,3664043.26,False
2025-07-25,Monte Carlo (Student-t),0.97,2020-08-25,1234,23731720.67,34985063.07,3664043.26,False
2025-07-25,Monte Carlo (Student-t),0.99,2020-08-25,1234,34913608.22,48023615.48,3664043.26,False
2025-07-28,Historical,0.95,2020-08-28,1232,19950701.86,30147863.55,2048121.25,False
2025-07-28,Historical,0.97,2020-08-28,1232,24664297.03,35361291.33,2048121.25,False
2025-07-28,Historical,0.99,2020-08-28,1232,37584545.67,44878799.26,2048121.25,False
2025-07-28,Parametric (Normal),0.95,2020-08-28,1232,20783817.54,26313872.42,2048121.25,False
2025-07-28,Parametric (Normal),0.97,2020-08-28,1232,23906307.38,29031556.29,2048121.25,False
2025-07-28,Parametric (Normal),0.99,2020-08-28,1232,29802886.08,34287529.66,2048121.25,False
2025-07-28,Monte Carlo (Student-t),0.95,2020-08-28,1232,18705881.71,28314531.69,2048121.25,False
2025-07-28,Monte Carlo (Student-t),0.97,2020-08-28,1232,23186490.65,33309358.13,2048121.25,False
2025-07-28,Monte Carlo (Student-t),0.99,2020-08-28,1232,33409469.34,45159764.24,2048121.25,False
2025-07-29,Historical,0.95,2020-08-31,1232,19950701.86,30147863.55,-4207944.0,False
2025-07-29,Historical,0.97,2020-08-31,1232,24664297.03,35361291.33,-4207944.0,False
2025-07-29,Historical,0.99,2020-08-31,1232,37584545.67,44878799.26,-4207944.0,False
2025-07-29,Parametric (Normal),0.95,2020-08-31,1232,20786271.77,26315504.05,-4207944.0,False
2025-07-29,Parametric (Normal),0.97,2020-08-31,1232,23908297.14,29032783.66,-4207944.0,False
2025-07-29,Parametric (Normal),0.99,2020-08-31,1232,29803998.71,34287975.19,-4207944.0,False
2025-07-29,Monte Carlo (Student-t),0.95,2020-08-31,1232,18481766.91,29041806.07,-4207944.0,False
2025-07-29,Monte Carlo (Student-t),0.97,2020-08-31,1232,23200761.34,34739580.96,-4207944.0,False
2025-07-29,Monte Carlo (Student-t),0.99,2020-08-31,1232,34466248.39,48338042.59,-4207944.0,False
2025-07-30,Historical,0.95,2020-08-31,1233,19944751.68,30147863.55,-790131.86,False
2025-07-30,Historical,0.97,2020-08-31,1233,24657596.43,35361291.33,-790131.86,False
2025-07-30,Historical,0.99,2020-08-31,1233,37562932.64,44878799.26,-790131.86,False
2025-07-30,Parametric (Normal),0.95,2020-08-31,1233,20783000.05,26310332.51,-790131.86,False
2025-07-30,Parametric (Normal),0.97,2020-08-31,1233,23903952.7,29026678.48,-790131.86,False
2025-07-30,Parametric (Normal),0.99,2020-08-31,1233,29797628.54,34280064.35,-790131.86,False
2025-07-30,Monte Carlo (Student-t),0.95,2020-08-31,1233,19543908.29,29930268.71,-790131.86,False
2025-07-30,Monte Carlo (Student-t),0.97,2020-08-31,1233,24077820.47,35425833.68,-790131.86,False
2025-07-30,Monte Carlo (Student-t),0.99,2020-08-31,1233,35913862.35,48011932.99,-790131.86,False
2025-07-31,Historical,0.95,2020-08-31,1234,19938801.5,30147863.55,-3010048.5,False
2025-07-31,Historical,0.97,2020-08-31,1234,24650895.83,35361291.33,-3010048.5,False
2025-07-31,Historical,0.99,2020-08-31,1234,37541319.6,44878799.26,-3010048.5,False
2025-07-31,Parametric (Normal),0.95,2020-08-31,1234,20775762.35,26300892.82,-3010048.5,False
2025-07-31,Parametric (Normal),0.97,2020-08-31,1234,23895471.67,29016156.64,-3010048.5,False
2025-07-31,Parametric (Normal),0.99,2020-08-31,1234,29786799.57,34267449.66,-3010048.5,False
2025-07-31,Monte Carlo (Student-t),0.95,2020-08-31,1234,19131863.38,28751228.61,-3010048.5,False
2025-07-31,Monte Carlo (Student-t),0.97,2020-08-31,1234,23027890.02,34000571.78,-3010048.5,False
2025-07-31,Monte Carlo (Student-t),0.99,2020-08-31,1234,33104944.39,47408518.39,-3010048.5,False
2025-08-01,Historical,0.95,2020-09-01,1234,19938801.5,30147863.55,-18076798.36,False
2025-08-01,Historical,0.97,2020-09-01,1234,24650895.83,35361291.33,-18076798.36,False
2025-08-01,Historical,0.99,2020-09-01,1234,37541319.6,44878799.26,-18076798.36,False
2025-08-01,Parametric (Normal),0.95,2020-09-01,1234,20782432.7,26307499.74,-18076798.36,False
2025-08-01,Parametric (Normal),0.97,2020-09-01,1234,23902106.21,29022732.39,-18076798.36,False
2025-08-01,Parametric (Normal),0.99,2020-09-01,1234,29793366.48,34273965.13,-18076798.36,False
2025-08-01,Monte Carlo (Student-t),0.95,2020-09-01,1234,18838840.36,29849423.75,-18076798.36,False
2025-08-01,Monte Carlo (Student-t),0.97,2020-09-01,1234,22732401.01,36053059.96,-18076798.36,False
2025-08-01,Monte Carlo (Student-t),0.99,2020-09-01,1234,34135984.99,53421425.19,-18076798.36,False
2025-08-04,Historical,0.95,2020-09-04,1232,19877442.69,29728008.05,13766660.55,False
2025-08-04,Historical,0.97,2020-09-04,1232,24585755.72,34786168.92,13766660.55,False
2025-08-04,Historical,0.99,2020-09-04,1232,35804109.96,44122265.02,13766660.55,False
2025-08-04,Parametric (Normal),0.95,2020-09-04,1232,20689487.63,26191904.87,13766660.55,False
2025-08-04,Parametric (Normal),0.97,2020-09-04,1232,23796372.15,28896006.53,13766660.55,False
2025-08-04,Parametric (Normal),0.99,2020-09-04,1232,29663481.43,34125712.04,13766660.55,False
2025-08-04,Monte Carlo (Student-t),0.95,2020-09-04,1232,19597051.03,29366639.3,13766660.55,False
2025-08-04,Monte Carlo (Student-t),0.97,2020-09-04,1232,23526498.67,34676125.99,13766660.55,False
2025-08-04,Monte Carlo (Student-t),0.99,2020-09-04,1232,35983396.65,46950846.42,13766660.55,False
2025-08-05,Historical,0.95,2020-09-08,1232,19877442.69,29728008.05,-4340333.76,False
2025-08-05,Historical,0.97,2020-09-08,1232,24585755.72,34786168.92,-4340333.76,False
2025-08-05,Historical,0.99,2020-09-08,1232,35804109.96,44122265.02,-4340333.76,False
2025-08-05,Parametric (Normal),0.95,2020-09-08,1232,20674834.36,26178157.13,-4340333.76,False
2025-08-05,Parametric (Normal),0.97,2020-09-08,1232,23782230.18,28882703.81,-4340333.76,False
2025-08-05,Parametric (Normal),0.99,2020-09-08,1232,29650305.01,34113269.97,-4340333.76,False
2025-08-05,Monte Carlo (Student-t),0.95,2020-09-08,1232,18564404.11,28669789.67,-4340333.76,False
2025-08-05,Monte Carlo (Student-t),0.97,2020-09-08,1232,23262228.19,33963414.87,-4340333.76,False
2025-08-05,Monte Carlo (Student-t),0.99,2020-09-08,1232,34689228.36,46848769.61,-4340333.76,False
2025-08-06,Historical,0.95,2020-09-08,1233,19875651.09,29728008.05,11678575.86,False
2025-08-06,Historical,0.97,2020-09-08,1233,24583726.48,34786168.92,11678575.86,False
2025-08-06,Historical,0.99,2020-09-08,1233,35794782.99,44122265.02,11678575.86,False
2025-08-06,Parametric (Normal),0.95,2020-09-08,1233,20671801.02,26173255.31,11678575.86,False
2025-08-06,Parametric (Normal),0.97,2020-09-08,1233,23778141.82,28876883.74,11678575.86,False
2025-08-06,Parametric (Normal),0.99,2020-09-08,1233,29644224.33,34105674.03,11678575.86,False
2025-08-06,Monte Carlo (Student-t),0.95,2020-09-08,1233,18993450.83,28265321.65,11678575.86,False
2025-08-06,Monte Carlo (Student-t),0.97,2020-09-08,1233,23022629.5,33136979.62,11678575.86,False
2025-08-06,Monte Carlo (Student-t),0.99,2020-09-08,1233,34405959.48,44881379.95,11678575.86,False
2025-08-07,Historical,0.95,2020-09-08,1234,19873859.49,29728008.05,-422139.2,False
2025-08-07,Historical,0.97,2020-09-08,1234,24581697.23,34786168.92,-422139.2,False
2025-08-07,Historical,0.99,2020-09-08,1234,35785456.01,44122265.02,-422139.2,False
2025-08-07,Parametric (Normal),0.95,2020-09-08,1234,20660142.22,26160836.37,-422139.2,False
2025-08-07,Parametric (Normal),0.97,2020-09-08,1234,23766053.82,28864091.24,-422139.2,False
2025-08-07,Parametric (Normal),0.99,2020-09-08,1234,29631325.8,34092159.05,-422139.2,False
2025-08-07,Monte Carlo (Student-t),0.95,2020-09-08,1234,19255254.54,28571010.04,-422139.2,False
2025-08-07,Monte Carlo (Student-t),0.97,2020-09-08,1234,23406661.18,33616366.12,-422139.2,False
2025-08-07,Monte Carlo (Student-t),0.99,2020-09-08,1234,34320185.75,45679612.05,-422139.2,False
2025-08-08,Historical,0.95,2020-09-08,1235,19872067.9,29728008.05,11063255.93,False
2025-08-08,Historical,0.97,2020-09-08,1235,24578295.05,34517612.39,11063255.93,False
2025-08-08,Historical,0.99,2020-09-08,1235,35776129.03,44122265.02,11063255.93,False
2025-08-08,Parametric (Normal),0.95,2020-09-08,1235,20652613.93,26151104.55,11063255.93,False
2025-08-08,Parametric (Normal),0.97,2020-09-08,1235,23757281.33,28853276.52,11063255.93,False
2025-08-08,Parametric (Normal),0.99,2020-09-08,1235,29620203.74,34079250.02,11063255.93,False
2025-08-08,Monte Carlo (Student-t),0.95,2020-09-08,1235,18645238.41,28367152.61,11063255.93,False
2025-08-08,Monte Carlo (Student-t),0.97,2020-09-08,1235,23217340.75,33395236.24,11063255.93,False
2025-08-08,Monte Carlo (Student-t),0.99,2020-09-08,1235,33720402.41,45656061.1,11063255.93,False
2025-08-11,Historical,0.95,2020-09-11,1233,19582446.58,29383534.05,-1570725.25,False
2025-08-11,Historical,0.97,2020-09-11,1233,24450183.93,34336501.73,-1570725.25,False
2025-08-11,Historical,0.99,2020-09-11,1233,35151400.79,43656252.85,-1570725.25,False
2025-08-11,Parametric (Normal),0.95,2020-09-11,1233,20488296.57,25954013.27,-1570725.25,False
2025-08-11,Parametric (Normal),0.97,2020-09-11,1233,23574458.5,28640078.86,-1570725.25,False
2025-08-11,Parametric (Normal),0.99,2020-09-11,1233,29402434.78,33834902.79,-1570725.25,False
2025-08-11,Monte Carlo (Student-t),0.95,2020-09-11,1233,19196737.27,28720586.1,-1570725.25,False
2025-08-11,Monte Carlo (Student-t),0.97,2020-09-11,1233,23245834.47,33824582.41,-1570725.25,False
2025-08-11,Monte Carlo (Student-t),0.99,2020-09-11,1233,32752913.61,47577787.15,-1570725.25,False
2025-08-12,Historical,0.95,2020-09-14,1233,19582446.58,29383534.05,11011487.02,False
2025-08-12,Historical,0.97,2020-09-14,1233,24450183.93,34336501.73,11011487.02,False
2025-08-12,Historical,0.99,2020-09-14,1233,35151400.79,43656252.85,11011487.02,False
2025-08-12,Parametric (Normal),0.95,2020-09-14,1233,20487378.47,25953031.12,11011487.02,False
2025-08-12,Parametric (Normal),0.97,2020-09-14,1233,23573504.24,28639065.23,11011487.02,False
2025-08-12,Parametric (Normal),0.99,2020-09-14,1233,29401412.22,33833828.28,11011487.02,False
2025-08-12,Monte Carlo (Student-t),0.95,2020-09-14,1233,18639351.18,28064042.74,11011487.02,False
2025-08-12,Monte Carlo (Student-t),0.97,2020-09-14,1233,22689154.23,33106829.23,11011487.02,False
2025-08-12,Monte Carlo (Student-t),0.99,2020-09-14,1233,32723166.24,45604733.14,11011487.02,False
2025-08-13,Historical,0.95,2020-09-14,1234,19559207.27,29383534.05,2779046.55,False
2025-08-13,Historical,0.97,2020-09-14,1234,24446095.28,34336501.73,2779046.55,False
2025-08-13,Historical,0.99,2020-09-14,1234,35151114.92,43656252.85,2779046.55,False
2025-08-13,Parametric (Normal),0.95,2020-09-14,1234,20475641.79,25940368.22,2779046.55,False
2025-08-13,Parametric (Normal),0.97,2020-09-14,1234,23561244.58,28625947.15,2779046.55,False
2025-08-13,Parametric (Normal),0.99,2020-09-14,1234,29388164.95,33819829.88,2779046.55,False
2025-08-13,Monte Carlo (Student-t),0.95,2020-09-14,1234,18833248.15,28111330.3,2779046.55,False
2025-08-13,Monte Carlo (Student-t),0.97,2020-09-14,1234,22912082.79,32969392.16,2779046.55,False
2025-08-13,Monte Carlo (Student-t),0.99,2020-09-14,1234,32181502.81,45218247.27,2779046.55,False
2025-08-14,Historical,0.95,2020-09-14,1235,19535967.96,29383534.05,2707880.38,False
2025-08-14,Historical,0.97,2020-09-14,1235,24439332.29,34076192.01,2707880.38,False
2025-08-14,Historical,0.99,2020-09-14,1235,35150829.05,43656252.85,2707880.38,False
2025-08-14,Parametric (Normal),0.95,2020-09-14,1235,20465667.11,25928218.19,2707880.38,False
2025-08-14,Parametric (Normal),0.97,2020-09-14,1235,23550041.61,28612728.07,2707880.38,False
2025-08-14,Parametric (Normal),0.99,2020-09-14,1235,29374642.45,33804543.27,2707880.38,False
2025-08-14,Monte Carlo (Student-t),0.95,2020-09-14,1235,18437001.13,27446890.09,2707880.38,False
2025-08-14,Monte Carlo (Student-t),0.97,2020-09-14,1235,22202695.56,32224093.11,2707880.38,False
2025-08-14,Monte Carlo (Student-t),0.99,2020-09-14,1235,32222272.21,44489435.62,2707880.38,False
2025-08-15,Historical,0.95,2020-09-15,1235,19535967.96,29383534.05,-908726.31,False
2025-08-15,Historical,0.97,2020-09-15,1235,24439332.29,34076192.01,-908726.31,False
2025-08-15,Historical,0.99,2020-09-15,1235,35150829.05,43656252.85,-908726.31,False
2025-08-15,Parametric (Normal),0.95,2020-09-15,1235,20462306.44,25920607.28,-908726.31,False
2025-08-15,Parametric (Normal),0.97,2020-09-15,1235,23544281.08,28603028.43,-908726.31,False
2025-08-15,Parametric (Normal),0.99,2020-09-15,1235,29364349.99,33790804.05,-908726.31,False
2025-08-15,Monte Carlo (Student-t),0.95,2020-09-15,1235,19143697.14,28741979.78,-908726.31,False
2025-08-15,Monte Carlo (Student-t),0.97,2020-09-15,1235,23348005.8,33860547.99,-908726.31,False
2025-08-15,Monte Carlo (Student-t),0.99,2020-09-15,1235,34232688.56,46474351.99,-908726.31,False
2025-08-18,Historical,0.95,2020-09-18,1233,19582446.58,29383534.05,217387.76,False
2025-08-18,Historical,0.97,2020-09-18,1233,24450183.93,34336501.73,217387.76,False
2025-08-18,Historical,0.99,2020-09-18,1233,35151400.79,43656252.85,217387.76,False
2025-08-18,Parametric (Normal),0.95,2020-09-18,1233,20451749.21,25910120.73,217387.76,False
2025-08-18,Parametric (Normal),0.97,2020-09-18,1233,23533763.76,28592576.61,217387.76,False
2025-08-18,Parametric (Normal),0.99,2020-09-18,1233,29353908.03,33780419.39,217387.76,False
2025-08-18,Monte Carlo (Student-t),0.95,2020-09-18,1233,18562738.98,28441162.77,217387.76,False
2025-08-18,Monte Carlo (Student-t),0.97,2020-09-18,1233,22724527.71,33732204.97,217387.76,False
2025-08-18,Monte Carlo (Student-t),0.99,2020-09-18,1233,32969016.6,47986413.73,217387.76,False
2025-08-19,Historical,0.95,2020-09-21,1233,19582446.58,29383534.05,-6907214.61,False
2025-08-19,Historical,0.97,2020-09-21,1233,24450183.93,34336501.73,-6907214.61,False
2025-08-19,Historical,0.99,2020-09-21,1233,35151400.79,43656252.85,-6907214.61,False
2025-08-19,Parametric (Normal),0.95,2020-09-21,1233,20434821.04,25891249.11,-6907214.61,False
2025-08-19,Parametric (Normal),0.97,2020-09-21,1233,23515738.24,28572749.91,-6907214.61,False
2025-08-19,Parametric (Normal),0.99,2020-09-21,1233,29333810.26,33758745.58,-6907214.61,False
2025-08-19,Monte Carlo (Student-t),0.95,2020-09-21,1233,18478526.04,28421347.33,-6907214.61,False
2025-08-19,Monte Carlo (Student-t),0.97,2020-09-21,1233,23152590.09,33563184.56,-6907214.61,False
2025-08-19,Monte Carlo (Student-t),0.99,2020-09-21,1233,33045155.6,46369793.75,-6907214.61,False
2025-08-20,Historical,0.95,2020-09-21,1234,19559207.27,29383534.05,-3810888.8,False
2025-08-20,Historical,0.97,2020-09-21,1234,24446095.28,34336501.73,-3810888.8,False
2025-08-20,Historical,0.99,2020-09-21,1234,35151114.92,43656252.85,-3810888.8,False
2025-08-20,Parametric (Normal),0.95,2020-09-21,1234,20435780.31,25890815.23,-3810888.8,False
2025-08-20,Parametric (Normal),0.97,2020-09-21,1234,23515910.88,28571631.38,-3810888.8,False
2025-08-20,Parametric (Normal),0.99,2020-09-21,1234,29332497.41,33756302.94,-3810888.8,False
2025-08-20,Monte Carlo (Student-t),0.95,2020-09-21,1234,19466279.59,29243463.22,-3810888.8,False
2025-08-20,Monte Carlo (Student-t),0.97,2020-09-21,1234,24107115.34,34417993.63,-3810888.8,False
2025-08-20,Monte Carlo (Student-t),0.99,2020-09-21,1234,34639032.97,46953345.22,-3810888.8,False
2025-08-21,Historical,0.95,2020-09-21,1235,19535967.96,29383534.05,-4357753.34,False
2025-08-21,Historical,0.97,2020-09-21,1235,24439332.29,34076192.01,-4357753.34,False
2025-08-21,Historical,0.99,2020-09-21,1235,35150829.05,43656252.85,-4357753.34,False
2025-08-21,Parametric (Normal),0.95,2020-09-21,1235,20432203.09,25885331.97,-4357753.34,False
2025-08-21,Parametric (Normal),0.97,2020-09-21,1235,23511257.43,28565211.41,-4357753.34,False
2025-08-21,Parametric (Normal),0.99,2020-09-21,1235,29325811.59,33748071.4,-4357753.34,False
2025-08-21,Monte Carlo (Student-t),0.95,2020-09-21,1235,18742783.46,28618616.37,-4357753.34,False
2025-08-21,Monte Carlo (Student-t),0.97,2020-09-21,1235,23075233.58,33894889.66,-4357753.34,False
2025-08-21,Monte Carlo (Student-t),0.99,2020-09-21,1235,32881237.97,47973260.52,-4357753.34,False
2025-08-22,Historical,0.95,2020-09-22,1235,19535967.96,29383534.05,15607613.13,False
2025-08-22,Historical,0.97,2020-09-22,1235,24439332.29,34076192.01,15607613.13,False
2025-08-22,Historical,0.99,2020-09-22,1235,35150829.05,43656252.85,15607613.13,False
2025-08-22,Parametric (Normal),0.95,2020-09-22,1235,20434277.84,25887599.68,15607613.13,False
2025-08-22,Parametric (Normal),0.97,2020-09-22,1235,23513441.14,28567573.95,15607613.13,False
2025-08-22,Parametric (Normal),0.99,2020-09-22,1235,29328201.04,33750617.33,15607613.13,False
2025-08-22,Monte Carlo (Student-t),0.95,2020-09-22,1235,18676369.53,28520261.08,15607613.13,False
2025-08-22,Monte Carlo (Student-t),0.97,2020-09-22,1235,23289639.13,33738211.65,15607613.13,False
2025-08-22,Monte Carlo (Student-t),0.99,2020-09-22,1235,32434188.06,47452236.47,15607613.13,False
2025-08-25,Historical,0.95,2020-09-25,1233,19362128.96,29209932.74,-3067970.72,False
2025-08-25,Historical,0.97,2020-09-25,1233,24185527.3,34182040.1,-3067970.72,False
2025-08-25,Historical,0.99,2020-09-25,1233,35151400.79,43656252.85,-3067970.72,False
2025-08-25,Parametric (Normal),0.95,2020-09-25,1233,20381441.46,25827921.67,-3067970.72,False
2025-08-25,Parametric (Normal),0.97,2020-09-25,1233,23456741.7,28504533.71,-3067970.72,False
2025-08-25,Parametric (Normal),0.99,2020-09-25,1233,29264206.53,33681074.55,-3067970.72,False
2025-08-25,Monte Carlo (Student-t),0.95,2020-09-25,1233,18732270.4,29517634.44,-3067970.72,False
2025-08-25,Monte Carlo (Student-t),0.97,2020-09-25,1233,22253847.41,35586487.64,-3067970.72,False
2025-08-25,Monte Carlo (Student-t),0.99,2020-09-25,1233,33255627.84,53992980.86,-3067970.72,False
2025-08-26,Historical,0.95,2020-09-28,1233,19362128.96,29209932.74,4618836.19,False
2025-08-26,Historical,0.97,2020-09-28,1233,24185527.3,34182040.1,4618836.19,False
2025-08-26,Historical,0.99,2020-09-28,1233,35151400.79,43656252.85,4618836.19,False
2025-08-26,Parametric (Normal),0.95,2020-09-28,1233,20382711.0,25824778.15,4618836.19,False
2025-08-26,Parametric (Normal),0.97,2020-09-28,1233,23455519.45,28499221.42,4618836.19,False
2025-08-26,Parametric (Normal),0.99,2020-09-28,1233,29258278.71,33671567.91,4618836.19,False
2025-08-26,Monte Carlo (Student-t),0.95,2020-09-28,1233,18614283.64,29374504.77,4618836.19,False
2025-08-26,Monte Carlo (Student-t),0.97,2020-09-28,1233,22830245.2,35297388.09,4618836.19,False
2025-08-26,Monte Carlo (Student-t),0.99,2020-09-28,1233,34160919.43,50817447.67,4618836.19,False
2025-08-27,Historical,0.95,2020-09-28,1234,19359262.03,29209932.74,2409566.62,False
2025-08-27,Historical,0.97,2020-09-28,1234,24177427.14,34182040.1,2409566.62,False
2025-08-27,Historical,0.99,2020-09-28,1234,35151114.92,43656252.85,2409566.62,False
2025-08-27,Parametric (Normal),0.95,2020-09-28,1234,20371777.49,25811803.98,2409566.62,False
2025-08-27,Parametric (Normal),0.97,2020-09-28,1234,23443433.7,28485244.4,2409566.62,False
2025-08-27,Parametric (Normal),0.99,2020-09-28,1234,29244017.06,33655651.37,2409566.62,False
2025-08-27,Monte Carlo (Student-t),0.95,2020-09-28,1234,18753730.14,28737079.73,2409566.62,False
2025-08-27,Monte Carlo (Student-t),0.97,2020-09-28,1234,23385174.06,33968908.79,2409566.62,False
2025-08-27,Monte Carlo (Student-t),0.99,2020-09-28,1234,34570439.62,47159745.33,2409566.62,False
2025-08-28,Historical,0.95,2020-09-28,1235,19356395.1,29209932.74,3826299.02,False
2025-08-28,Historical,0.97,2020-09-28,1235,24173575.9,33918689.75,3826299.02,False
2025-08-28,Historical,0.99,2020-09-28,1235,35150829.05,43656252.85,3826299.02,False
2025-08-28,Parametric (Normal),0.95,2020-09-28,1235,20362087.59,25799933.71,3826299.02,False
2025-08-28,Parametric (Normal),0.97,2020-09-28,1235,23432512.68,28472302.61,3826299.02,False
2025-08-28,Parametric (Normal),0.99,2020-09-28,1235,29230771.16,33640637.28,3826299.02,False
2025-08-28,Monte Carlo (Student-t),0.95,2020-09-28,1235,18517368.54,27400091.4,3826299.02,False
2025-08-28,Monte Carlo (Student-t),0.97,2020-09-28,1235,22862119.95,32021722.31,3826299.02,False
2025-08-28,Monte Carlo (Student-t),0.99,2020-09-28,1235,32033774.57,43311422.54,3826299.02,False
2025-08-29,Historical,0.95,2020-09-29,1235,19356395.1,29209932.74,-6325469.03,False
2025-08-29,Historical,0.97,2020-09-29,1235,24173575.9,33918689.75,-6325469.03,False
2025-08-29,Historical,0.99,2020-09-29,1235,35150829.05,43656252.85,-6325469.03,False
2025-08-29,Parametric (Normal),0.95,2020-09-29,1235,20360556.19,25795420.98,-6325469.03,False
2025-08-29,Parametric (Normal),0.97,2020-09-29,1235,23429297.9,28466324.74,-6325469.03,False
2025-08-29,Parametric (Normal),0.99,2020-09-29,1235,29224377.45,33631825.85,-6325469.03,False
2025-08-29,Monte Carlo (Student-t),0.95,2020-09-29,1235,18785865.89,28689718.85,-6325469.03,False
2025-08-29,Monte Carlo (Student-t),0.97,2020-09-29,1235,23007454.46,33942314.21,-6325469.03,False
2025-08-29,Monte Carlo (Student-t),0.99,2020-09-29,1235,33950215.7,47420830.52,-6325469.03,False
2025-09-02,Historical,0.95,2020-10-02,1233,19362128.96,29209932.74,-6386530.23,False
2025-09-02,Historical,0.97,2020-10-02,1233,24185527.3,34182040.1,-6386530.23,False
2025-09-02,Historical,0.99,2020-10-02,1233,35151400.79,43656252.85,-6386530.23,False
2025-09-02,Parametric (Normal),0.95,2020-10-02,1233,20388568.66,25826534.67,-6386530.23,False
2025-09-02,Parametric (Normal),0.97,2020-10-02,1233,23459061.45,28498962.49,-6386530.23,False
2025-09-02,Parametric (Normal),0.99,2020-10-02,1233,29257447.76,33667411.11,-6386530.23,False
2025-09-02,Monte Carlo (Student-t),0.95,2020-10-02,1233,18212855.04,27661689.24,-6386530.23,False
2025-09-02,Monte Carlo (Student-t),0.97,2020-10-02,1233,22092423.38,32835795.04,-6386530.23,False
2025-09-02,Monte Carlo (Student-t),0.99,2020-10-02,1233,32950631.0,45831294.67,-6386530.23,False
2025-09-03,Historical,0.95,2020-10-05,1233,19362128.96,29209932.74,8665402.84,False
2025-09-03,Historical,0.97,2020-10-05,1233,24185527.3,34182040.1,8665402.84,False
2025-09-03,Historical,0.99,2020-10-05,1233,35151400.79,43656252.85,8665402.84,False
2025-09-03,Parametric (Normal),0.95,2020-10-05,1233,20359913.19,25793246.28,8665402.84,False
2025-09-03,Parametric (Normal),0.97,2020-10-05,1233,23427790.04,28463397.3,8665402.84,False
2025-09-03,Parametric (Normal),0.99,2020-10-05,1233,29221236.37,33627442.61,8665402.84,False
2025-09-03,Monte Carlo (Student-t),0.95,2020-10-05,1233,18207713.11,27168131.91,8665402.84,False
2025-09-03,Monte Carlo (Student-t),0.97,2020-10-05,1233,22305515.61,31876693.96,8665402.84,False
2025-09-03,Monte Carlo (Student-t),0.99,2020-10-05,1233,32470990.85,42540321.28,8665402.84,False
2025-09-04,Historical,0.95,2020-10-05,1234,19359262.03,29209932.74,8678297.39,False
2025-09-04,Historical,0.97,2020-10-05,1234,24177427.14,34182040.1,8678297.39,False
2025-09-04,Historical,0.99,2020-10-05,1234,35151114.92,43656252.85,8678297.39,False
2025-09-04,Parametric (Normal),0.95,2020-10-05,1234,20348040.03,25779929.19,8678297.39,False
2025-09-04,Parametric (Normal),0.97,2020-10-05,1234,23415101.58,28449370.62,8678297.39,False
2025-09-04,Parametric (Normal),0.99,2020-10-05,1234,29207008.28,33612043.57,8678297.39,False
2025-09-04,Monte Carlo (Student-t),0.95,2020-10-05,1234,19409706.46,30228853.11,8678297.39,False
2025-09-04,Monte Carlo (Student-t),0.97,2020-10-05,1234,24071620.7,36096494.62,8678297.39,False
2025-09-04,Monte Carlo (Student-t),0.99,2020-10-05,1234,35892401.32,51313337.7,8678297.39,False
2025-09-05,Historical,0.95,2020-10-05,1235,19356395.1,29209932.74,-2566205.33,False
2025-09-05,Historical,0.97,2020-10-05,1235,24173575.9,33918689.75,-2566205.33,False
2025-09-05,Historical,0.99,2020-10-05,1235,35150829.05,43656252.85,-2566205.33,False
2025-09-05,Parametric (Normal),0.95,2020-10-05,1235,20336179.4,25766627.94,-2566205.33,False
2025-09-05,Parametric (Normal),0.97,2020-10-05,1235,23402427.52,28435361.38,-2566205.33,False
2025-09-05,Parametric (Normal),0.99,2020-10-05,1235,29192798.11,33596665.1,-2566205.33,False
2025-09-05,Monte Carlo (Student-t),0.95,2020-10-05,1235,18822623.84,27875515.22,-2566205.33,False
2025-09-05,Monte Carlo (Student-t),0.97,2020-10-05,1235,22881523.77,32724166.24,-2566205.33,False
2025-09-05,Monte Carlo (Student-t),0.99,2020-10-05,1235,32785236.42,44815367.06,-2566205.33,False
2025-09-08,Historical,0.95,2020-10-08,1233,19362128.96,29209932.74,2177879.22,False
2025-09-08,Historical,0.97,2020-10-08,1233,24185527.3,34182040.1,2177879.22,False
2025-09-08,Historical,0.99,2020-10-08,1233,35151400.79,43656252.85,2177879.22,False
2025-09-08,Parametric (Normal),0.95,2020-10-08,1233,20326976.42,25750128.7,2177879.22,False
2025-09-08,Parametric (Normal),0.97,2020-10-08,1233,23389104.78,28415276.49,2177879.22,False
2025-09-08,Parametric (Normal),0.99,2020-10-08,1233,29171695.54,33569645.58,2177879.22,False
2025-09-08,Monte Carlo (Student-t),0.95,2020-10-08,1233,18148026.22,27222308.14,2177879.22,False
2025-09-08,Monte Carlo (Student-t),0.97,2020-10-08,1233,22439415.8,31872105.55,2177879.22,False
2025-09-08,Monte Carlo (Student-t),0.99,2020-10-08,1233,31765734.48,43100432.95,2177879.22,False
2025-09-09,Historical,0.95,2020-10-09,1233,19362128.96,29209932.74,4387315.71,False
2025-09-09,Historical,0.97,2020-10-09,1233,24185527.3,34182040.1,4387315.71,False
2025-09-09,Historical,0.99,2020-10-09,1233,35151400.79,43656252.85,4387315.71,False
2025-09-09,Parametric (Normal),0.95,2020-10-09,1233,20329156.74,25751823.99,4387315.71,False
2025-09-09,Parametric (Normal),0.97,2020-10-09,1233,23391011.23,28416733.41,4387315.71,False
2025-09-09,Parametric (Normal),0.99,2020-10-09,1233,29173084.81,33570641.51,4387315.71,False
2025-09-09,Monte Carlo (Student-t),0.95,2020-10-09,1233,18237995.89,27554504.0,4387315.71,False
2025-09-09,Monte Carlo (Student-t),0.97,2020-10-09,1233,23023106.29,32342148.87,4387315.71,False
2025-09-09,Monte Carlo (Student-t),0.99,2020-10-09,1233,32308192.78,43072190.42,4387315.71,False
2025-09-10,Historical,0.95,2020-10-12,1233,19362128.96,29209932.74,3215251.39,False
2025-09-10,Historical,0.97,2020-10-12,1233,24185527.3,34182040.1,3215251.39,False
2025-09-10,Historical,0.99,2020-10-12,1233,35151400.79,43656252.85,3215251.39,False
2025-09-10,Parametric (Normal),0.95,2020-10-12,1233,20330056.54,25751675.97,3215251.39,False
2025-09-10,Parametric (Normal),0.97,2020-10-12,1233,23391319.39,28416070.46,3215251.39,False
2025-09-10,Parametric (Normal),0.99,2020-10-12,1233,29172275.71,33568982.67,3215251.39,False
2025-09-10,Monte Carlo (Student-t),0.95,2020-10-12,1233,18691695.31,27731467.09,3215251.39,False
2025-09-10,Monte Carlo (Student-t),0.97,2020-10-12,1233,22870283.68,32411873.48,3215251.39,False
2025-09-10,Monte Carlo (Student-t),0.99,2020-10-12,1233,31567703.81,44415541.81,3215251.39,False
2025-09-11,Historical,0.95,2020-10-12,1234,19359262.03,29209932.74,8733821.53,False
2025-09-11,Historical,0.97,2020-10-12,1234,24177427.14,34182040.1,8733821.53,False
2025-09-11,Historical,0.99,2020-10-12,1234,35151114.92,43656252.85,8733821.53,False
2025-09-11,Parametric (Normal),0.95,2020-10-12,1234,20319864.16,25739348.01,8733821.53,False
2025-09-11,Parametric (Normal),0.97,2020-10-12,1234,23379921.18,28402692.98,8733821.53,False
2025-09-11,Parametric (Normal),0.99,2020-10-12,1234,29158600.36,33553575.44,8733821.53,False
2025-09-11,Monte Carlo (Student-t),0.95,2020-10-12,1234,19071789.2,29331328.17,8733821.53,False
2025-09-11,Monte Carlo (Student-t),0.97,2020-10-12,1234,23662508.5,34792548.81,8733821.53,False
2025-09-11,Monte Carlo (Student-t),0.99,2020-10-12,1234,33970632.8,48385300.23,8733821.53,False
2025-09-12,Historical,0.95,2020-10-12,1235,19356395.1,29209932.74,2021936.91,False
2025-09-12,Historical,0.97,2020-10-12,1235,24173575.9,33918689.75,2021936.91,False
2025-09-12,Historical,0.99,2020-10-12,1235,35150829.05,43656252.85,2021936.91,False
2025-09-12,Parametric (Normal),0.95,2020-10-12,1235,20308028.61,25726093.87,2021936.91,False
2025-09-12,Parametric (Normal),0.97,2020-10-12,1235,23367284.64,28388741.69,2021936.91,False
2025-09-12,Parametric (Normal),0.99,2020-10-12,1235,29144451.2,33538275.87,2021936.91,False
2025-09-12,Monte Carlo (Student-t),0.95,2020-10-12,1235,18634042.01,28409443.97,2021936.91,False
2025-09-12,Monte Carlo (Student-t),0.97,2020-10-12,1235,22879160.46,33648712.04,2021936.91,False
2025-09-12,Monte Carlo (Student-t),0.99,2020-10-12,1235,34037901.65,46510155.29,2021936.91,False
2025-09-15,Historical,0.95,2020-10-15,1233,19362128.96,29209932.74,7236418.94,False
2025-09-15,Historical,0.97,2020-10-15,1233,24185527.3,34182040.1,7236418.94,False
2025-09-15,Historical,0.99,2020-10-15,1233,35151400.79,43656252.85,7236418.94,False
2025-09-15,Parametric (Normal),0.95,2020-10-15,1233,20301077.92,25715901.42,7236418.94,False
2025-09-15,Parametric (Normal),0.97,2020-10-15,1233,23358503.52,28376956.11,7236418.94,False
2025-09-15,Parametric (Normal),0.99,2020-10-15,1233,29132213.46,33523409.2,7236418.94,False
2025-09-15,Monte Carlo (Student-t),0.95,2020-10-15,1233,18648647.57,28633991.15,7236418.94,False
2025-09-15,Monte Carlo (Student-t),0.97,2020-10-15,1233,23226652.14,33908598.0,7236418.94,False
2025-09-15,Monte Carlo (Student-t),0.99,2020-10-15,1233,34117501.06,46522021.41,7236418.94,False
2025-09-16,Historical,0.95,2020-10-16,1233,19362128.96,29209932.74,579571.58,False
2025-09-16,Historical,0.97,2020-10-16,1233,24185527.3,34182040.1,579571.58,False
2025-09-16,Historical,0.99,2020-10-16,1233,35151400.79,43656252.85,579571.58,False
2025-09-16,Parametric (Normal),0.95,2020-10-16,1233,20290742.07,25705537.26,579571.58,False
2025-09-16,Parametric (Normal),0.97,2020-10-16,1233,23348151.68,28366578.03,579571.58,False
2025-09-16,Parametric (Normal),0.99,2020-10-16,1233,29121831.44,33513004.23,579571.58,False
2025-09-16,Monte Carlo (Student-t),0.95,2020-10-16,1233,18113491.45,27359988.61,579571.58,False
2025-09-16,Monte Carlo (Student-t),0.97,2020-10-16,1233,22018451.41,32311502.87,579571.58,False
2025-09-16,Monte Carlo (Student-t),0.99,2020-10-16,1233,32679980.26,43913391.72,579571.58,False
2025-09-17,Historical,0.95,2020-10-19,1233,19362128.96,29209932.74,-815363.44,False
2025-09-17,Historical,0.97,2020-10-19,1233,24185527.3,34182040.1,-815363.44,False
2025-09-17,Historical,0.99,2020-10-19,1233,35151400.79,43656252.85,-815363.44,False
2025-09-17,Parametric (Normal),0.95,2020-10-19,1233,20287633.15,25702269.76,-815363.44,False
2025-09-17,Parametric (Normal),0.97,2020-10-19,1233,23344953.22,28363232.61,-815363.44,False
2025-09-17,Parametric (Normal),0.99,2020-10-19,1233,29118463.9,33509508.09,-815363.44,False
2025-09-17,Monte Carlo (Student-t),0.95,2020-10-19,1233,18441668.27,27708099.64,-815363.44,False
2025-09-17,Monte Carlo (Student-t),0.97,2020-10-19,1233,22613182.92,32580638.78,-815363.44,False
2025-09-17,Monte Carlo (Student-t),0.99,2020-10-19,1233,32993748.06,44158081.1,-815363.44,False
2025-09-18,Historical,0.95,2020-10-19,1234,19359262.03,29209932.74,2929548.45,False
2025-09-18,Historical,0.97,2020-10-19,1234,24177427.14,34182040.1,2929548.45,False
2025-09-18,Historical,0.99,2020-10-19,1234,35151114.92,43656252.85,2929548.45,False
2025-09-18,Parametric (Normal),0.95,2020-10-19,1234,20280655.31,25693140.11,2929548.45,False
2025-09-18,Parametric (Normal),0.97,2020-10-19,1234,23336760.39,28353045.47,2929548.45,False
2025-09-18,Parametric (Normal),0.99,2020-10-19,1234,29107976.63,33497275.78,2929548.45,False
2025-09-18,Monte Carlo (Student-t),0.95,2020-10-19,1234,18422009.46,28438557.3,2929548.45,False
2025-09-18,Monte Carlo (Student-t),0.97,2020-10-19,1234,22576448.37,33811458.93,2929548.45,False
2025-09-18,Monte Carlo (Student-t),0.99,2020-10-19,1234,32861632.72,48164107.83,2929548.45,False
2025-09-19,Historical,0.95,2020-10-19,1235,19356395.1,29209932.74,6673572.84,False
2025-09-19,Historical,0.97,2020-10-19,1235,24173575.9,33918689.75,6673572.84,False
2025-09-19,Historical,0.99,2020-10-19,1235,35150829.05,43656252.85,6673572.84,False
2025-09-19,Parametric (Normal),0.95,2020-10-19,1235,20270665.21,25681003.89,6673572.84,False
2025-09-19,Parametric (Normal),0.97,2020-10-19,1235,23325558.5,28339854.57,6673572.84,False
2025-09-19,Parametric (Normal),0.99,2020-10-19,1235,29094486.39,33482045.13,6673572.84,False
2025-09-19,Monte Carlo (Student-t),0.95,2020-10-19,1235,18831407.4,28951779.52,6673572.84,False
2025-09-19,Monte Carlo (Student-t),0.97,2020-10-19,1235,23277837.51,34192198.98,6673572.84,False
2025-09-19,Monte Carlo (Student-t),0.99,2020-10-19,1235,33948319.84,46995979.04,6673572.84,False
2025-09-22,Historical,0.95,2020-10-22,1233,19362128.96,29209932.74,6144711.28,False
2025-09-22,Historical,0.97,2020-10-22,1233,24185527.3,34182040.1,6144711.28,False
2025-09-22,Historical,0.99,2020-10-22,1233,35151400.79,43656252.85,6144711.28,False
2025-09-22,Parametric (Normal),0.95,2020-10-22,1233,20248840.37,25658612.11,6144711.28,False
2025-09-22,Parametric (Normal),0.97,2020-10-22,1233,23303413.54,28317184.18,6144711.28,False
2025-09-22,Parametric (Normal),0.99,2020-10-22,1233,29071736.92,33458835.9,6144711.28,False
2025-09-22,Monte Carlo (Student-t),0.95,2020-10-22,1233,18642987.94,28772887.91,6144711.28,False
2025-09-22,Monte Carlo (Student-t),0.97,2020-10-22,1233,23227285.92,34106810.18,6144711.28,False
2025-09-22,Monte Carlo (Student-t),0.99,2020-10-22,1233,33465524.18,46981082.68,6144711.28,False
2025-09-23,Historical,0.95,2020-10-23,1233,19362128.96,29209932.74,-8088773.81,False
2025-09-23,Historical,0.97,2020-10-23,1233,24185527.3,34182040.1,-8088773.81,False
2025-09-23,Historical,0.99,2020-10-23,1233,35151400.79,43656252.85,-8088773.81,False
2025-09-23,Parametric (Normal),0.95,2020-10-23,1233,20247817.16,25657839.33,-8088773.81,False
2025-09-23,Parametric (Normal),0.97,2020-10-23,1233,23302531.74,28316534.47,-8088773.81,False
2025-09-23,Parametric (Normal),0.99,2020-10-23,1233,29071122.14,33458424.21,-8088773.81,False
2025-09-23,Monte Carlo (Student-t),0.95,2020-10-23,1233,18483870.8,27631280.66,-8088773.81,False
2025-09-23,Monte Carlo (Student-t),0.97,2020-10-23,1233,22582232.32,32542954.35,-8088773.81,False
2025-09-23,Monte Carlo (Student-t),0.99,2020-10-23,1233,32032595.76,45299316.55,-8088773.81,False
2025-09-24,Historical,0.95,2020-10-26,1233,19362128.96,29209932.74,-2136670.32,False
2025-09-24,Historical,0.97,2020-10-26,1233,24185527.3,34182040.1,-2136670.32,False
2025-09-24,Historical,0.99,2020-10-26,1233,35151400.79,43656252.85,-2136670.32,False
2025-09-24,Parametric (Normal),0.95,2020-10-26,1233,20261424.04,25672430.84,-2136670.32,False
2025-09-24,Parametric (Normal),0.97,2020-10-26,1233,23316694.58,28331609.85,-2136670.32,False
2025-09-24,Parametric (Normal),0.99,2020-10-26,1233,29086334.86,33474435.41,-2136670.32,False
2025-09-24,Monte Carlo (Student-t),0.95,2020-10-26,1233,18169214.25,28531248.26,-2136670.32,False
2025-09-24,Monte Carlo (Student-t),0.97,2020-10-26,1233,22653416.45,34030310.72,-2136670.32,False
2025-09-24,Monte Carlo (Student-t),0.99,2020-10-26,1233,34022989.93,48468979.98,-2136670.32,False
2025-09-25,Historical,0.95,2020-10-26,1234,19359262.03,29209932.74,-4574081.65,False
2025-09-25,Historical,0.97,2020-10-26,1234,24177427.14,34182040.1,-4574081.65,False
2025-09-25,Historical,0.99,2020-10-26,1234,35151114.92,43656252.85,-4574081.65,False
2025-09-25,Parametric (Normal),0.95,2020-10-26,1234,20255876.91,25664820.88,-4574081.65,False
2025-09-25,Parametric (Normal),0.97,2020-10-26,1234,23309982.69,28322986.14,-4574081.65,False
2025-09-25,Parametric (Normal),0.99,2020-10-26,1234,29077423.42,33463851.1,-4574081.65,False
2025-09-25,Monte Carlo (Student-t),0.95,2020-10-26,1234,18394524.71,27904399.99,-4574081.65,False
2025-09-25,Monte Carlo (Student-t),0.97,2020-10-26,1234,22731745.53,32858831.49,-4574081.65,False
2025-09-25,Monte Carlo (Student-t),0.99,2020-10-26,1234,32748269.19,45814591.63,-4574081.65,False
2025-09-26,Historical,0.95,2020-10-26,1235,19356395.1,29209932.74,4464371.46,False
2025-09-26,Historical,0.97,2020-10-26,1235,24173575.9,33918689.75,4464371.46,False
2025-09-26,Historical,0.99,2020-10-26,1235,35150829.05,43656252.85,4464371.46,False
2025-09-26,Parametric (Normal),0.95,2020-10-26,1235,20253410.11,25660573.44,4464371.46,False
2025-09-26,Parametric (Normal),0.97,2020-10-26,1235,23306510.47,28317863.63,4464371.46,False
2025-09-26,Parametric (Normal),0.99,2020-10-26,1235,29072052.55,33457036.23,4464371.46,False
2025-09-26,Monte Carlo (Student-t),0.95,2020-10-26,1235,18597151.12,28729489.03,4464371.46,False
2025-09-26,Monte Carlo (Student-t),0.97,2020-10-26,1235,22971906.32,34175489.92,4464371.46,False
2025-09-26,Monte Carlo (Student-t),0.99,2020-10-26,1235,33612204.25,48536203.18,4464371.46,False
2025-09-29,Historical,0.95,2020-10-29,1233,19308802.22,28891447.19,2132788.87,False
2025-09-29,Historical,0.97,2020-10-29,1233,24119470.04,33779051.7,2132788.87,False
2025-09-29,Historical,0.99,2020-10-29,1233,35094824.73,43352150.09,2132788.87,False
2025-09-29,Parametric (Normal),0.95,2020-10-29,1233,20115741.7,25500947.88,2132788.87,False
2025-09-29,Parametric (Normal),0.97,2020-10-29,1233,23156444.18,28147447.48,2132788.87,False
2025-09-29,Parametric (Normal),0.99,2020-10-29,1233,28898573.82,33265751.16,2132788.87,False
2025-09-29,Monte Carlo (Student-t),0.95,2020-10-29,1233,18131980.12,26897655.83,2132788.87,False
2025-09-29,Monte Carlo (Student-t),0.97,2020-10-29,1233,22229916.94,31453438.71,2132788.87,False
2025-09-29,Monte Carlo (Student-t),0.99,2020-10-29,1233,32208241.41,42597898.22,2132788.87,False
2025-09-30,Historical,0.95,2020-10-30,1233,19308802.22,28891447.19,4050088.51,False
2025-09-30,Historical,0.97,2020-10-30,1233,24119470.04,33779051.7,4050088.51,False
2025-09-30,Historical,0.99,2020-10-30,1233,35094824.73,43352150.09,4050088.51,False
2025-09-30,Parametric (Normal),0.95,2020-10-30,1233,20114916.98,25496899.7,4050088.51,False
2025-09-30,Parametric (Normal),0.97,2020-10-30,1233,23153799.36,28141815.15,4050088.51,False
2025-09-30,Parametric (Normal),0.99,2020-10-30,1233,28892491.89,33257055.13,4050088.51,False
2025-09-30,Monte Carlo (Student-t),0.95,2020-10-30,1233,18370453.86,27181172.5,4050088.51,False
2025-09-30,Monte Carlo (Student-t),0.97,2020-10-30,1233,22566856.83,31606280.51,4050088.51,False
2025-09-30,Monte Carlo (Student-t),0.99,2020-10-30,1233,30472828.52,42727024.23,4050088.51,False
2025-10-01,Historical,0.95,2020-11-02,1233,19308802.22,28891447.19,4870948.43,False
2025-10-01,Historical,0.97,2020-11-02,1233,24119470.04,33779051.7,4870948.43,False
2025-10-01,Historical,0.99,2020-11-02,1233,35094824.73,43352150.09,4870948.43,False
2025-10-01,Parametric (Normal),0.95,2020-11-02,1233,20080150.44,25457729.66,4870948.43,False
2025-10-01,Parametric (Normal),0.97,2020-11-02,1233,23116546.43,28100481.07,4870948.43,False
2025-10-01,Parametric (Normal),0.99,2020-11-02,1233,28850543.61,33211535.8,4870948.43,False
2025-10-01,Monte Carlo (Student-t),0.95,2020-11-02,1233,17789427.12,27153815.3,4870948.43,False
2025-10-01,Monte Carlo (Student-t),0.97,2020-11-02,1233,21968055.66,32151009.68,4870948.43,False
2025-10-01,Monte Carlo (Student-t),0.99,2020-11-02,1233,31667466.95,45264152.98,4870948.43,False
2025-10-02,Historical,0.95,2020-11-02,1234,19306269.61,28891447.19,-283215.64,False
2025-10-02,Historical,0.97,2020-11-02,1234,24117743.26,33779051.7,-283215.64,False
2025-10-02,Historical,0.99,2020-11-02,1234,35093664.2,43352150.09,-283215.64,False
2025-10-02,Parametric (Normal),0.95,2020-11-02,1234,20069240.51,25444826.94,-283215.64,False
2025-10-02,Parametric (Normal),0.97,2020-11-02,1234,23104511.29,28086599.01,-283215.64,False
2025-10-02,Parametric (Normal),0.99,2020-11-02,1234,28836383.59,33195759.71,-283215.64,False
2025-10-02,Monte Carlo (Student-t),0.95,2020-11-02,1234,18276880.72,28646994.06,-283215.64,False
2025-10-02,Monte Carlo (Student-t),0.97,2020-11-02,1234,22606265.95,34178543.19,-283215.64,False
2025-10-02,Monte Carlo (Student-t),0.99,2020-11-02,1234,34352701.06,49075362.24,-283215.64,False
2025-10-03,Historical,0.95,2020-11-03,1234,19306269.61,28891447.19,456357.73,False
2025-10-03,Historical,0.97,2020-11-03,1234,24117743.26,33779051.7,456357.73,False
2025-10-03,Historical,0.99,2020-11-03,1234,35093664.2,43352150.09,456357.73,False
2025-10-03,Parametric (Normal),0.95,2020-11-03,1234,20073612.91,25448459.81,456357.73,False
2025-10-03,Parametric (Normal),0.97,2020-11-03,1234,23108466.12,28089868.44,456357.73,False
2025-10-03,Parametric (Normal),0.99,2020-11-03,1234,28839549.88,33198326.26,456357.73,False
2025-10-03,Monte Carlo (Student-t),0.95,2020-11-03,1234,18231108.07,28113361.78,456357.73,False
2025-10-03,Monte Carlo (Student-t),0.97,2020-11-03,1234,22666140.35,33402696.08,456357.73,False
2025-10-03,Monte Carlo (Student-t),0.99,2020-11-03,1234,32418304.25,47611570.93,456357.73,False
2025-10-06,Historical,0.95,2020-11-06,1232,19311334.83,28891447.19,4895660.07,False
2025-10-06,Historical,0.97,2020-11-06,1232,24121196.82,33779051.7,4895660.07,False
2025-10-06,Historical,0.99,2020-11-06,1232,35095985.26,43352150.09,4895660.07,False
2025-10-06,Parametric (Normal),0.95,2020-11-06,1232,20051792.88,25405929.29,4895660.07,False
2025-10-06,Parametric (Normal),0.97,2020-11-06,1232,23074952.12,28037159.99,4895660.07,False
2025-10-06,Parametric (Normal),0.99,2020-11-06,1232,28783952.74,33125933.79,4895660.07,False
2025-10-06,Monte Carlo (Student-t),0.95,2020-11-06,1232,18676523.23,29938873.33,4895660.07,False
2025-10-06,Monte Carlo (Student-t),0.97,2020-11-06,1232,23129078.8,36119151.14,4895660.07,False
2025-10-06,Monte Carlo (Student-t),0.99,2020-11-06,1232,35110533.64,52793719.41,4895660.07,False
2025-10-07,Historical,0.95,2020-11-09,1232,19311334.83,28891447.19,-4115258.34,False
2025-10-07,Historical,0.97,2020-11-09,1232,24121196.82,33779051.7,-4115258.34,False
2025-10-07,Historical,0.99,2020-11-09,1232,35095985.26,43352150.09,-4115258.34,False
2025-10-07,Parametric (Normal),0.95,2020-11-09,1232,20050176.99,25404499.12,-4115258.34,False
2025-10-07,Parametric (Normal),0.97,2020-11-09,1232,23073441.1,28035821.1,-4115258.34,False
2025-10-07,Parametric (Normal),0.99,2020-11-09,1232,28782639.75,33124771.41,-4115258.34,False
2025-10-07,Monte Carlo (Student-t),0.95,2020-11-09,1232,18491180.19,28033674.64,-4115258.34,False
2025-10-07,Monte Carlo (Student-t),0.97,2020-11-09,1232,22314079.36,33215864.91,-4115258.34,False
2025-10-07,Monte Carlo (Student-t),0.99,2020-11-09,1232,32299097.14,47056293.45,-4115258.34,False
2025-10-08,Historical,0.95,2020-11-09,1233,19308802.22,28891447.19,5490467.87,False
2025-10-08,Historical,0.97,2020-11-09,1233,24119470.04,33779051.7,5490467.87,False
2025-10-08,Historical,0.99,2020-11-09,1233,35094824.73,43352150.09,5490467.87,False
2025-10-08,Parametric (Normal),0.95,2020-11-09,1233,20047168.23,25399666.64,5490467.87,False
2025-10-08,Parametric (Normal),0.97,2020-11-09,1233,23069402.59,28030092.37,5490467.87,False
2025-10-08,Parametric (Normal),0.99,2020-11-09,1233,28776656.65,33117309.35,5490467.87,False
2025-10-08,Monte Carlo (Student-t),0.95,2020-11-09,1233,18397838.76,28789571.93,5490467.87,False
2025-10-08,Monte Carlo (Student-t),0.97,2020-11-09,1233,22309019.77,34565376.05,5490467.87,False
2025-10-08,Monte Carlo (Student-t),0.99,2020-11-09,1233,34199165.64,49976961.74,5490467.87,False
2025-10-09,Historical,0.95,2020-11-09,1234,19306269.61,28891447.19,-1343362.11,False
2025-10-09,Historical,0.97,2020-11-09,1234,24117743.26,33779051.7,-1343362.11,False
2025-10-09,Historical,0.99,2020-11-09,1234,35093664.2,43352150.09,-1343362.11,False
2025-10-09,Parametric (Normal),0.95,2020-11-09,1234,20036040.78,25386632.22,-1343362.11,False
2025-10-09,Parametric (Normal),0.97,2020-11-09,1234,23057198.39,28016120.79,-1343362.11,False
2025-10-09,Parametric (Normal),0.99,2020-11-09,1234,28762419.08,33101525.31,-1343362.11,False
2025-10-09,Monte Carlo (Student-t),0.95,2020-11-09,1234,17954304.4,28022106.52,-1343362.11,False
2025-10-09,Monte Carlo (Student-t),0.97,2020-11-09,1234,22296533.17,33426279.39,-1343362.11,False
2025-10-09,Monte Carlo (Student-t),0.99,2020-11-09,1234,33545186.94,46505633.43,-1343362.11,False
2025-10-10,Historical,0.95,2020-11-10,1234,19306269.61,28891447.19,-27191539.21,True
2025-10-10,Historical,0.97,2020-11-10,1234,24117743.26,33779051.7,-27191539.21,True
2025-10-10,Historical,0.99,2020-11-10,1234,35093664.2,43352150.09,-27191539.21,False
2025-10-10,Parametric (Normal),0.95,2020-11-10,1234,20038566.16,25389229.72,-27191539.21,True
2025-10-10,Parametric (Normal),0.97,2020-11-10,1234,23059764.5,28018753.73,-27191539.21,True
2025-10-10,Parametric (Normal),0.99,2020-11-10,1234,28765062.08,33104226.8,-27191539.21,False
2025-10-10,Monte Carlo (Student-t),0.95,2020-11-10,1234,18650376.64,28029734.82,-27191539.21,True
2025-10-10,Monte Carlo (Student-t),0.97,2020-11-10,1234,22763308.63,33074733.54,-27191539.21,True
2025-10-10,Monte Carlo (Student-t),0.99,2020-11-10,1234,32536539.82,45351214.94,-27191539.21,False
2025-10-13,Historical,0.95,2020-11-13,1232,19364995.88,29018097.93,16104200.89,False
2025-10-13,Historical,0.97,2020-11-13,1232,24193627.46,33860587.17,16104200.89,False
2025-10-13,Historical,0.99,2020-11-13,1232,35095985.26,43352150.09,16104200.89,False
2025-10-13,Parametric (Normal),0.95,2020-11-13,1232,20093484.67,25453537.19,16104200.89,False
2025-10-13,Parametric (Normal),0.97,2020-11-13,1232,23119984.39,28087675.3,16104200.89,False
2025-10-13,Parametric (Normal),0.99,2020-11-13,1232,28835293.22,33182071.99,16104200.89,False
2025-10-13,Monte Carlo (Student-t),0.95,2020-11-13,1232,18511434.22,28234513.01,16104200.89,False
2025-10-13,Monte Carlo (Student-t),0.97,2020-11-13,1232,23111623.25,33230161.72,16104200.89,False
2025-10-13,Monte Carlo (Student-t),0.99,2020-11-13,1232,32770990.34,46110337.57,16104200.89,False
2025-10-14,Historical,0.95,2020-11-16,1232,19364995.88,29018097.93,-2748129.81,False
2025-10-14,Historical,0.97,2020-11-16,1232,24193627.46,33860587.17,-2748129.81,False
2025-10-14,Historical,0.99,2020-11-16,1232,35095985.26,43352150.09,-2748129.81,False
2025-10-14,Parametric (Normal),0.95,2020-11-16,1232,20096260.18,25458547.19,-2748129.81,False
2025-10-14,Parametric (Normal),0.97,2020-11-16,1232,23124021.58,28093783.41,-2748129.81,False
2025-10-14,Parametric (Normal),0.99,2020-11-16,1232,28841713.0,33190303.84,-2748129.81,False
2025-10-14,Monte Carlo (Student-t),0.95,2020-11-16,1232,18524660.01,28777166.12,-2748129.81,False
2025-10-14,Monte Carlo (Student-t),0.97,2020-11-16,1232,23195589.92,34163490.14,-2748129.81,False
2025-10-14,Monte Carlo (Student-t),0.99,2020-11-16,1232,35217172.56,47311698.52,-2748129.81,False
2025-10-15,Historical,0.95,2020-11-16,1233,19362128.96,29018097.93,4880280.44,False
2025-10-15,Historical,0.97,2020-11-16,1233,24185527.3,33860587.17,4880280.44,False
2025-10-15,Historical,0.99,2020-11-16,1233,35094824.73,43352150.09,4880280.44,False
2025-10-15,Parametric (Normal),0.95,2020-11-16,1233,20091476.33,25451773.38,4880280.44,False
2025-10-15,Parametric (Normal),0.97,2020-11-16,1233,23118114.12,28086031.66,4880280.44,False
2025-10-15,Parametric (Normal),0.99,2020-11-16,1233,28833683.69,33180660.76,4880280.44,False
2025-10-15,Monte Carlo (Student-t),0.95,2020-11-16,1233,18333890.04,28328515.29,4880280.44,False
2025-10-15,Monte Carlo (Student-t),0.97,2020-11-16,1233,22540726.51,33721412.3,4880280.44,False
2025-10-15,Monte Carlo (Student-t),0.99,2020-11-16,1233,32493905.19,47790771.7,4880280.44,False
2025-10-16,Historical,0.95,2020-11-16,1234,19359262.03,29018097.93,-5264155.47,False
2025-10-16,Historical,0.97,2020-11-16,1234,24177427.14,33860587.17,-5264155.47,False
2025-10-16,Historical,0.99,2020-11-16,1234,35093664.2,43352150.09,-5264155.47,False
2025-10-16,Parametric (Normal),0.95,2020-11-16,1234,20080559.79,25438880.63,-5264155.47,False
2025-10-16,Parametric (Normal),0.97,2020-11-16,1234,23106081.73,28072167.72,-5264155.47,False
2025-10-16,Parametric (Normal),0.99,2020-11-16,1234,28819544.11,33164918.56,-5264155.47,False
2025-10-16,Monte Carlo (Student-t),0.95,2020-11-16,1234,18185408.31,28511830.08,-5264155.47,False
2025-10-16,Monte Carlo (Student-t),0.97,2020-11-16,1234,21874931.44,34226151.43,-5264155.47,False
2025-10-16,Monte Carlo (Student-t),0.99,2020-11-16,1234,33326776.82,50300559.95,-5264155.47,False
2025-10-17,Historical,0.95,2020-11-17,1234,19359262.03,29018097.93,6260185.39,False
2025-10-17,Historical,0.97,2020-11-17,1234,24177427.14,33860587.17,6260185.39,False
2025-10-17,Historical,0.99,2020-11-17,1234,35093664.2,43352150.09,6260185.39,False
2025-10-17,Parametric (Normal),0.95,2020-11-17,1234,20090687.33,25448332.5,6260185.39,False
2025-10-17,Parametric (Normal),0.97,2020-11-17,1234,23115827.76,28081287.54,6260185.39,False
2025-10-17,Parametric (Normal),0.99,2020-11-17,1234,28828569.69,33173396.2,6260185.39,False
2025-10-17,Monte Carlo (Student-t),0.95,2020-11-17,1234,18370829.71,26994539.43,6260185.39,False
2025-10-17,Monte Carlo (Student-t),0.97,2020-11-17,1234,22333476.13,31568307.25,6260185.39,False
2025-10-17,Monte Carlo (Student-t),0.99,2020-11-17,1234,30438107.64,43445230.3,6260185.39,False
2025-10-20,Historical,0.95,2020-11-20,1232,19364995.88,29018097.93,11322586.9,False
2025-10-20,Historical,0.97,2020-11-20,1232,24193627.46,33860587.17,11322586.9,False
2025-10-20,Historical,0.99,2020-11-20,1232,35095985.26,43352150.09,11322586.9,False
2025-10-20,Parametric (Normal),0.95,2020-11-20,1232,20096462.22,25457729.05,11322586.9,False
2025-10-20,Parametric (Normal),0.97,2020-11-20,1232,23123647.58,28092463.91,11322586.9,False
2025-10-20,Parametric (Normal),0.99,2020-11-20,1232,28840251.2,33188014.71,11322586.9,False
2025-10-20,Monte Carlo (Student-t),0.95,2020-11-20,1232,18069079.45,27969092.37,11322586.9,False
2025-10-20,Monte Carlo (Student-t),0.97,2020-11-20,1232,22373612.82,33251983.79,11322586.9,False
2025-10-20,Monte Carlo (Student-t),0.99,2020-11-20,1232,33231572.32,46153577.36,11322586.9,False
2025-10-21,Historical,0.95,2020-11-23,1232,19364995.88,29018097.93,-264329.56,False
2025-10-21,Historical,0.97,2020-11-23,1232,24193627.46,33860587.17,-264329.56,False
2025-10-21,Historical,0.99,2020-11-23,1232,35095985.26,43352150.09,-264329.56,False
2025-10-21,Parametric (Normal),0.95,2020-11-23,1232,20078559.51,25439654.74,-264329.56,False
2025-10-21,Parametric (Normal),0.97,2020-11-23,1232,23105647.98,28074305.28,-264329.56,False
2025-10-21,Parametric (Normal),0.99,2020-11-23,1232,28822068.64,33169693.0,-264329.56,False
2025-10-21,Monte Carlo (Student-t),0.95,2020-11-23,1232,18141674.76,27416345.21,-264329.56,False
2025-10-21,Monte Carlo (Student-t),0.97,2020-11-23,1232,22545770.59,32359348.1,-264329.56,False
2025-10-21,Monte Carlo (Student-t),0.99,2020-11-23,1232,31233653.54,45190848.21,-264329.56,False
2025-10-22,Historical,0.95,2020-11-23,1233,19362128.96,29018097.93,-3803200.93,False
2025-10-22,Historical,0.97,2020-11-23,1233,24185527.3,33860587.17,-3803200.93,False
2025-10-22,Historical,0.99,2020-11-23,1233,35094824.73,43352150.09,-3803200.93,False
2025-10-22,Parametric (Normal),0.95,2020-11-23,1233,20071125.03,25430066.01,-3803200.93,False
2025-10-22,Parametric (Normal),0.97,2020-11-23,1233,23096997.12,28063657.86,-3803200.93,False
2025-10-22,Parametric (Normal),0.99,2020-11-23,1233,28811120.74,33156998.1,-3803200.93,False
2025-10-22,Monte Carlo (Student-t),0.95,2020-11-23,1233,18022206.81,28588244.46,-3803200.93,False
2025-10-22,Monte Carlo (Student-t),0.97,2020-11-23,1233,22689417.31,34250383.22,-3803200.93,False
2025-10-22,Monte Carlo (Student-t),0.99,2020-11-23,1233,33282489.9,48781361.59,-3803200.93,False
2025-10-23,Historical,0.95,2020-11-23,1234,19359262.03,29018097.93,4891246.39,False
2025-10-23,Historical,0.97,2020-11-23,1234,24177427.14,33860587.17,4891246.39,False
2025-10-23,Historical,0.99,2020-11-23,1234,35093664.2,43352150.09,4891246.39,False
2025-10-23,Parametric (Normal),0.95,2020-11-23,1234,20067691.88,25424767.0,4891246.39,False
2025-10-23,Parametric (Normal),0.97,2020-11-23,1234,23092510.43,28057441.89,4891246.39,False
2025-10-23,Parametric (Normal),0.99,2020-11-23,1234,28804644.52,33149008.74,4891246.39,False
2025-10-23,Monte Carlo (Student-t),0.95,2020-11-23,1234,17625067.83,28042892.07,4891246.39,False
2025-10-23,Monte Carlo (Student-t),0.97,2020-11-23,1234,21740307.03,33729182.96,4891246.39,False
2025-10-23,Monte Carlo (Student-t),0.99,2020-11-23,1234,32555815.18,49102179.63,4891246.39,False
2025-10-24,Historical,0.95,2020-11-24,1234,19359262.03,29018097.93,7968326.32,False
2025-10-24,Historical,0.97,2020-11-24,1234,24177427.14,33860587.17,7968326.32,False
2025-10-24,Historical,0.99,2020-11-24,1234,35093664.2,43352150.09,7968326.32,False
2025-10-24,Parametric (Normal),0.95,2020-11-24,1234,20067736.39,25424800.01,7968326.32,False
2025-10-24,Parametric (Normal),0.97,2020-11-24,1234,23092548.45,28057469.25,7968326.32,False
2025-10-24,Parametric (Normal),0.99,2020-11-24,1234,28804670.28,33149025.17,7968326.32,False
2025-10-24,Monte Carlo (Student-t),0.95,2020-11-24,1234,18587765.94,28357189.88,7968326.32,False
2025-10-24,Monte Carlo (Student-t),0.97,2020-11-24,1234,22684292.15,33717088.97,7968326.32,False
2025-10-24,Monte Carlo (Student-t),0.99,2020-11-24,1234,33466816.97,46678282.45,7968326.32,False
2025-10-27,Historical,0.95,2020-11-27,1233,19362128.96,29018097.93,13935680.87,False
2025-10-27,Historical,0.97,2020-11-27,1233,24185527.3,33860587.17,13935680.87,False
2025-10-27,Historical,0.99,2020-11-27,1233,35094824.73,43352150.09,13935680.87,False
2025-10-27,Parametric (Normal),0.95,2020-11-27,1233,20074994.32,25431875.53,13935680.87,False
2025-10-27,Parametric (Normal),0.97,2020-11-27,1233,23099703.39,28064455.14,13935680.87,False
2025-10-27,Parametric (Normal),0.99,2020-11-27,1233,28811630.73,33155837.7,13935680.87,False
2025-10-27,Monte Carlo (Student-t),0.95,2020-11-27,1233,17992177.9,27000425.67,13935680.87,False
2025-10-27,Monte Carlo (Student-t),0.97,2020-11-27,1233,22055091.88,31732530.32,13935680.87,False
2025-10-27,Monte Carlo (Student-t),0.99,2020-11-27,1233,31552125.41,43543350.83,13935680.87,False
2025-10-28,Historical,0.95,2020-11-30,1233,19362128.96,29018097.93,4841847.78,False
2025-10-28,Historical,0.97,2020-11-30,1233,24185527.3,33860587.17,4841847.78,False
2025-10-28,Historical,0.99,2020-11-30,1233,35094824.73,43352150.09,4841847.78,False
2025-10-28,Parametric (Normal),0.95,2020-11-30,1233,20075422.44,25434346.26,4841847.78,False
2025-10-28,Parametric (Normal),0.97,2020-11-30,1233,23101284.84,28067929.67,4841847.78,False
2025-10-28,Parametric (Normal),0.99,2020-11-30,1233,28815390.17,33161253.6,4841847.78,False
2025-10-28,Monte Carlo (Student-t),0.95,2020-11-30,1233,19045128.51,29065022.31,4841847.78,False
2025-10-28,Monte Carlo (Student-t),0.97,2020-11-30,1233,23262025.49,34510979.89,4841847.78,False
2025-10-28,Monte Carlo (Student-t),0.99,2020-11-30,1233,33966560.58,48963471.93,4841847.78,False
2025-10-29,Historical,0.95,2020-11-30,1234,19359262.03,29018097.93,-398099.68,False
2025-10-29,Historical,0.97,2020-11-30,1234,24177427.14,33860587.17,-398099.68,False
2025-10-29,Historical,0.99,2020-11-30,1234,35093664.2,43352150.09,-398099.68,False
2025-10-29,Parametric (Normal),0.95,2020-11-30,1234,20064528.43,25421471.66,-398099.68,False
2025-10-29,Parametric (Normal),0.97,2020-11-30,1234,23089272.52,28054081.74,-398099.68,False
2025-10-29,Parametric (Normal),0.99,2020-11-30,1234,28801265.98,33145523.24,-398099.68,False
2025-10-29,Monte Carlo (Student-t),0.95,2020-11-30,1234,18858254.59,28633194.86,-398099.68,False
2025-10-29,Monte Carlo (Student-t),0.97,2020-11-30,1234,22900766.42,33928774.91,-398099.68,False
2025-10-29,Monte Carlo (Student-t),0.99,2020-11-30,1234,32208503.93,47739213.15,-398099.68,False
2025-10-30,Historical,0.95,2020-11-30,1235,19356395.1,29018097.93,-10973120.62,False
2025-10-30,Historical,0.97,2020-11-30,1235,24173575.9,33605696.11,-10973120.62,False
2025-10-30,Historical,0.99,2020-11-30,1235,35092503.67,43352150.09,-10973120.62,False
2025-10-30,Parametric (Normal),0.95,2020-11-30,1235,20057237.65,25412036.52,-10973120.62,False
2025-10-30,Parametric (Normal),0.97,2020-11-30,1235,23080770.94,28043592.77,-10973120.62,False
2025-10-30,Parametric (Normal),0.99,2020-11-30,1235,28790477.92,33132996.19,-10973120.62,False
2025-10-30,Monte Carlo (Student-t),0.95,2020-11-30,1235,18438001.43,28414439.71,-10973120.62,False
2025-10-30,Monte Carlo (Student-t),0.97,2020-11-30,1235,22577297.04,33664349.11,-10973120.62,False
2025-10-30,Monte Carlo (Student-t),0.99,2020-11-30,1235,32578491.17,47784350.95,-10973120.62,False
2025-10-31,Historical,0.95,2020-11-30,1236,19353528.18,29018097.93,3803179.95,False
2025-10-31,Historical,0.97,2020-11-30,1236,24171849.12,33605696.11,3803179.95,False
2025-10-31,Historical,0.99,2020-11-30,1236,35091343.14,43352150.09,3803179.95,False
2025-10-31,Parametric (Normal),0.95,2020-11-30,1236,20065878.09,25420406.71,3803179.95,False
2025-10-31,Parametric (Normal),0.97,2020-11-30,1236,23089258.79,28051830.16,3803179.95,False
2025-10-31,Parametric (Normal),0.99,2020-11-30,1236,28798677.61,33140976.72,3803179.95,False
2025-10-31,Monte Carlo (Student-t),0.95,2020-11-30,1236,18028144.03,28275373.1,3803179.95,False
2025-10-31,Monte Carlo (Student-t),0.97,2020-11-30,1236,22542658.27,33700680.87,3803179.95,False
2025-10-31,Monte Carlo (Student-t),0.99,2020-11-30,1236,33676608.85,47369724.45,3803179.95,False
2025-11-03,Historical,0.95,2020-12-03,1234,19359262.03,29018097.93,2133559.9,False
2025-11-03,Historical,0.97,2020-12-03,1234,24177427.14,33860587.17,2133559.9,False
2025-11-03,Historical,0.99,2020-12-03,1234,35093664.2,43352150.09,2133559.9,False
2025-11-03,Parametric (Normal),0.95,2020-12-03,1234,20080569.41,25437506.09,2133559.9,False
2025-11-03,Parametric (Normal),0.97,2020-12-03,1234,23105309.8,28070112.95,2133559.9,False
2025-11-03,Parametric (Normal),0.99,2020-12-03,1234,28817296.27,33161548.22,2133559.9,False
2025-11-03,Monte Carlo (Student-t),0.95,2020-12-03,1234,18011744.05,26974038.91,2133559.9,False
2025-11-03,Monte Carlo (Student-t),0.97,2020-12-03,1234,22298634.4,31695010.53,2133559.9,False
2025-11-03,Monte Carlo (Student-t),0.99,2020-12-03,1234,32336658.91,42486010.99,2133559.9,False
2025-11-04,Historical,0.95,2020-12-04,1234,19359262.03,29018097.93,-9790137.12,False
2025-11-04,Historical,0.97,2020-12-04,1234,24177427.14,33860587.17,-9790137.12,False
2025-11-04,Historical,0.99,2020-12-04,1234,35093664.2,43352150.09,-9790137.12,False
2025-11-04,Parametric (Normal),0.95,2020-12-04,1234,20076463.33,25433271.35,-9790137.12,False
2025-11-04,Parametric (Normal),0.97,2020-12-04,1234,23101131.07,28065814.98,-9790137.12,False
2025-11-04,Parametric (Normal),0.99,2020-12-04,1234,28812980.36,33157127.98,-9790137.12,False
2025-11-04,Monte Carlo (Student-t),0.95,2020-12-04,1234,18231866.59,27810852.36,-9790137.12,False
2025-11-04,Monte Carlo (Student-t),0.97,2020-12-04,1234,22639785.16,32847759.19,-9790137.12,False
2025-11-04,Monte Carlo (Student-t),0.99,2020-12-04,1234,32612670.71,45582346.65,-9790137.12,False
2025-11-05,Historical,0.95,2020-12-07,1234,19359262.03,29018097.93,3002132.0,False
2025-11-05,Historical,0.97,2020-12-07,1234,24177427.14,33860587.17,3002132.0,False
2025-11-05,Historical,0.99,2020-12-07,1234,35093664.2,43352150.09,3002132.0,False
2025-11-05,Parametric (Normal),0.95,2020-12-07,1234,20094394.27,25452092.03,3002132.0,False
2025-11-05,Parametric (Normal),0.97,2020-12-07,1234,23119564.39,28085072.91,3002132.0,False
2025-11-05,Parametric (Normal),0.99,2020-12-07,1234,28832362.39,33177231.55,3002132.0,False
2025-11-05,Monte Carlo (Student-t),0.95,2020-12-07,1234,18424389.06,28815731.25,3002132.0,False
2025-11-05,Monte Carlo (Student-t),0.97,2020-12-07,1234,22984752.79,34276972.75,3002132.0,False
2025-11-05,Monte Carlo (Student-t),0.99,2020-12-07,1234,32332277.5,48522856.26,3002132.0,False
2025-11-06,Historical,0.95,2020-12-07,1235,19356395.1,29018097.93,-11834421.12,False
2025-11-06,Historical,0.97,2020-12-07,1235,24173575.9,33605696.11,-11834421.12,False
2025-11-06,Historical,0.99,2020-12-07,1235,35092503.67,43352150.09,-11834421.12,False
2025-11-06,Parametric (Normal),0.95,2020-12-07,1235,20084431.62,25440011.22,-11834421.12,False
2025-11-06,Parametric (Normal),0.97,2020-12-07,1235,23108405.75,28071951.16,-11834421.12,False
2025-11-06,Parametric (Normal),0.99,2020-12-07,1235,28818945.2,33162096.61,-11834421.12,False
2025-11-06,Monte Carlo (Student-t),0.95,2020-12-07,1235,18104233.76,27709837.55,-11834421.12,False
2025-11-06,Monte Carlo (Student-t),0.97,2020-12-07,1235,22179233.65,32975845.08,-11834421.12,False
2025-11-06,Monte Carlo (Student-t),0.99,2020-12-07,1235,32849447.76,45930014.75,-11834421.12,False
2025-11-07,Historical,0.95,2020-12-07,1236,19353528.18,29018097.93,-720712.56,False
2025-11-07,Historical,0.97,2020-12-07,1236,24171849.12,33605696.11,-720712.56,False
2025-11-07,Historical,0.99,2020-12-07,1236,35091343.14,43352150.09,-720712.56,False
2025-11-07,Parametric (Normal),0.95,2020-12-07,1236,20094826.1,25450408.98,-720712.56,False
2025-11-07,Parametric (Normal),0.97,2020-12-07,1236,23118802.08,28082350.53,-720712.56,False
2025-11-07,Parametric (Normal),0.99,2020-12-07,1236,28829345.03,33172499.11,-720712.56,False
2025-11-07,Monte Carlo (Student-t),0.95,2020-12-07,1236,18122466.44,27701022.19,-720712.56,False
2025-11-07,Monte Carlo (Student-t),0.97,2020-12-07,1236,22649909.04,32716934.08,-720712.56,False
2025-11-07,Monte Carlo (Student-t),0.99,2020-12-07,1236,32575351.02,44665050.85,-720712.56,False
2025-11-10,Historical,0.95,2020-12-10,1234,19359262.03,29018097.93,15752454.35,False
2025-11-10,Historical,0.97,2020-12-10,1234,24177427.14,33860587.17,15752454.35,False
2025-11-10,Historical,0.99,2020-12-10,1234,35093664.2,43352150.09,15752454.35,False
2025-11-10,Parametric (Normal),0.95,2020-12-10,1234,20093347.5,25450619.21,15752454.35,False
2025-11-10,Parametric (Normal),0.97,2020-12-10,1234,23118277.06,28083390.71,15752454.35,False
2025-11-10,Parametric (Normal),0.99,2020-12-10,1234,28830620.77,33175144.41,15752454.35,False
2025-11-10,Monte Carlo (Student-t),0.95,2020-12-10,1234,18270854.91,27328751.09,15752454.35,False
2025-11-10,Monte Carlo (Student-t),0.97,2020-12-10,1234,22230422.75,32159493.35,15752454.35,False
2025-11-10,Monte Carlo (Student-t),0.99,2020-12-10,1234,32436441.47,43543921.34,15752454.35,False
2025-11-11,Historical,0.95,2020-12-11,1234,19359262.03,29018097.93,3906109.5,False
2025-11-11,Historical,0.97,2020-12-11,1234,24177427.14,33860587.17,3906109.5,False
2025-11-11,Historical,0.99,2020-12-11,1234,35093664.2,43352150.09,3906109.5,False
2025-11-11,Parametric (Normal),0.95,2020-12-11,1234,20092636.24,25452783.11,3906109.5,False
2025-11-11,Parametric (Normal),0.97,2020-12-11,1234,23119189.23,28086967.58,3906109.5,False
2025-11-11,Parametric (Normal),0.99,2020-12-11,1234,28834598.66,33181453.95,3906109.5,False
2025-11-11,Monte Carlo (Student-t),0.95,2020-12-11,1234,17868506.5,29015186.07,3906109.5,False
2025-11-11,Monte Carlo (Student-t),0.97,2020-12-11,1234,22771679.46,34989018.67,3906109.5,False
2025-11-11,Monte Carlo (Student-t),0.99,2020-12-11,1234,33816931.27,49354790.46,3906109.5,False
2025-11-12,Historical,0.95,2020-12-14,1234,19359262.03,29018097.93,-55279.24,False
2025-11-12,Historical,0.97,2020-12-14,1234,24177427.14,33860587.17,-55279.24,False
2025-11-12,Historical,0.99,2020-12-14,1234,35093664.2,43352150.09,-55279.24,False
2025-11-12,Parametric (Normal),0.95,2020-12-14,1234,20088684.17,25448877.63,-55279.24,False
2025-11-12,Parametric (Normal),0.97,2020-12-14,1234,23115263.47,28083084.99,-55279.24,False
2025-11-12,Parametric (Normal),0.99,2020-12-14,1234,28830722.58,33177615.63,-55279.24,False
2025-11-12,Monte Carlo (Student-t),0.95,2020-12-14,1234,18043668.13,27304173.63,-55279.24,False
2025-11-12,Monte Carlo (Student-t),0.97,2020-12-14,1234,22388770.12,32229850.82,-55279.24,False
2025-11-12,Monte Carlo (Student-t),0.99,2020-12-14,1234,31307817.18,44499721.38,-55279.24,False
2025-11-13,Historical,0.95,2020-12-14,1235,19356395.1,29018097.93,-15644551.15,False
2025-11-13,Historical,0.97,2020-12-14,1235,24173575.9,33605696.11,-15644551.15,False
2025-11-13,Historical,0.99,2020-12-14,1235,35092503.67,43352150.09,-15644551.15,False
2025-11-13,Parametric (Normal),0.95,2020-12-14,1235,20081055.61,25439091.75,-15644551.15,False
2025-11-13,Parametric (Normal),0.97,2020-12-14,1235,23106416.8,28072238.93,-15644551.15,False
2025-11-13,Parametric (Normal),0.99,2020-12-14,1235,28819575.61,33164719.18,-15644551.15,False
2025-11-13,Monte Carlo (Student-t),0.95,2020-12-14,1235,17944118.34,27670735.22,-15644551.15,False
2025-11-13,Monte Carlo (Student-t),0.97,2020-12-14,1235,22556123.1,32780856.52,-15644551.15,False
2025-11-13,Monte Carlo (Student-t),0.99,2020-12-14,1235,32825545.39,45162052.2,-15644551.15,False
2025-11-14,Historical,0.95,2020-12-14,1236,19353528.18,29018097.93,-275796.27,False
2025-11-14,Historical,0.97,2020-12-14,1236,24171849.12,33605696.11,-275796.27,False
2025-11-14,Historical,0.99,2020-12-14,1236,35091343.14,43352150.09,-275796.27,False
2025-11-14,Parametric (Normal),0.95,2020-12-14,1236,20100384.53,25459907.87,-275796.27,False
2025-11-14,Parametric (Normal),0.97,2020-12-14,1236,23126585.45,28093785.91,-275796.27,False
2025-11-14,Parametric (Normal),0.99,2020-12-14,1236,28841330.03,33187679.65,-275796.27,False
2025-11-14,Monte Carlo (Student-t),0.95,2020-12-14,1236,17957045.05,28569482.05,-275796.27,False
2025-11-14,Monte Carlo (Student-t),0.97,2020-12-14,1236,21951462.48,34419931.03,-275796.27,False
2025-11-14,Monte Carlo (Student-t),0.99,2020-12-14,1236,33962052.24,50118090.94,-275796.27,False
2025-11-17,Historical,0.95,2020-12-17,1234,19359262.03,29018097.93,-7656776.88,False
2025-11-17,Historical,0.97,2020-12-17,1234,24177427.14,33860587.17,-7656776.88,False
2025-11-17,Historical,0.99,2020-12-17,1234,35093664.2,43352150.09,-7656776.88,False
2025-11-17,Parametric (Normal),0.95,2020-12-17,1234,20121645.83,25483820.25,-7656776.88,False
2025-11-17,Parametric (Normal),0.97,2020-12-17,1234,23149343.66,28119001.14,-7656776.88,False
2025-11-17,Parametric (Normal),0.99,2020-12-17,1234,28866915.03,33215414.57,-7656776.88,False
2025-11-17,Monte Carlo (Student-t),0.95,2020-12-17,1234,18961267.56,29629676.44,-7656776.88,False
2025-11-17,Monte Carlo (Student-t),0.97,2020-12-17,1234,23177912.23,35544624.0,-7656776.88,False
2025-11-17,Monte Carlo (Student-t),0.99,2020-12-17,1234,35230258.7,50388552.35,-7656776.88,False
2025-11-18,Historical,0.95,2020-12-18,1234,19359262.03,29018097.93,-10594165.44,False
2025-11-18,Historical,0.97,2020-12-18,1234,24177427.14,33860587.17,-10594165.44,False
2025-11-18,Historical,0.99,2020-12-18,1234,35093664.2,43352150.09,-10594165.44,False
2025-11-18,Parametric (Normal),0.95,2020-12-18,1234,20135208.37,25498066.29,-10594165.44,False
2025-11-18,Parametric (Normal),0.97,2020-12-18,1234,23163292.13,28133583.08,-10594165.44,False
2025-11-18,Parametric (Normal),0.99,2020-12-18,1234,28881592.3,33230646.12,-10594165.44,False
2025-11-18,Monte Carlo (Student-t),0.95,2020-12-18,1234,17783720.63,27568223.28,-10594165.44,False
2025-11-18,Monte Carlo (Student-t),0.97,2020-12-18,1234,22156153.26,32770583.62,-10594165.44,False
2025-11-18,Monte Carlo (Student-t),0.99,2020-12-18,1234,33180573.97,45364569.47,-10594165.44,False
2025-11-19,Historical,0.95,2020-12-21,1234,19359262.03,29018097.93,4421792.4,False
2025-11-19,Historical,0.97,2020-12-21,1234,24177427.14,33860587.17,4421792.4,False
2025-11-19,Historical,0.99,2020-12-21,1234,35093664.2,43352150.09,4421792.4,False
2025-11-19,Parametric (Normal),0.95,2020-12-21,1234,20149834.42,25514411.89,4421792.4,False
2025-11-19,Parametric (Normal),0.97,2020-12-21,1234,23178889.1,28150773.73,4421792.4,False
2025-11-19,Parametric (Normal),0.99,2020-12-21,1234,28899022.79,33249471.1,4421792.4,False
2025-11-19,Monte Carlo (Student-t),0.95,2020-12-21,1234,18438662.63,28294816.48,4421792.4,False
2025-11-19,Monte Carlo (Student-t),0.97,2020-12-21,1234,22849958.96,33543332.39,4421792.4,False
2025-11-19,Monte Carlo (Student-t),0.99,2020-12-21,1234,35050883.0,45606147.67,4421792.4,False
2025-11-20,Historical,0.95,2020-12-21,1235,19356395.1,29018097.93,-13401016.7,False
2025-11-20,Historical,0.97,2020-12-21,1235,24173575.9,33605696.11,-13401016.7,False
2025-11-20,Historical,0.99,2020-12-21,1235,35092503.67,43352150.09,-13401016.7,False
2025-11-20,Parametric (Normal),0.95,2020-12-21,1235,20139098.39,25501659.09,-13401016.7,False
2025-11-20,Parametric (Normal),0.97,2020-12-21,1235,23167014.32,28137029.81,-13401016.7,False
2025-11-20,Parametric (Normal),0.99,2020-12-21,1235,28884997.57,33233810.37,-13401016.7,False
2025-11-20,Monte Carlo (Student-t),0.95,2020-12-21,1235,18377767.63,27806714.8,-13401016.7,False
2025-11-20,Monte Carlo (Student-t),0.97,2020-12-21,1235,22556225.59,32763918.19,-13401016.7,False
2025-11-20,Monte Carlo (Student-t),0.99,2020-12-21,1235,31332663.31,46285704.86,-13401016.7,False
2025-11-21,Historical,0.95,2020-12-21,1236,19353528.18,29018097.93,8163674.94,False
2025-11-21,Historical,0.97,2020-12-21,1236,24171849.12,33605696.11,8163674.94,False
2025-11-21,Historical,0.99,2020-12-21,1236,35091343.14,43352150.09,8163674.94,False
2025-11-21,Parametric (Normal),0.95,2020-12-21,1236,20152887.19,25515997.06,8163674.94,False
2025-11-21,Parametric (Normal),0.97,2020-12-21,1236,23181113.21,28151637.67,8163674.94,False
2025-11-21,Parametric (Normal),0.99,2020-12-21,1236,28899682.03,33248940.18,8163674.94,False
2025-11-21,Monte Carlo (Student-t),0.95,2020-12-21,1236,17823249.29,27188440.0,8163674.94,False
2025-11-21,Monte Carlo (Student-t),0.97,2020-12-21,1236,22077457.06,32128955.38,8163674.94,False
2025-11-21,Monte Carlo (Student-t),0.99,2020-12-21,1236,31893129.61,44260660.58,8163674.94,False
2025-11-24,Historical,0.95,2020-12-24,1234,19359262.03,29018097.93,15874333.5,False
2025-11-24,Historical,0.97,2020-12-24,1234,24177427.14,33860587.17,15874333.5,False
2025-11-24,Historical,0.99,2020-12-24,1234,35093664.2,43352150.09,15874333.5,False
2025-11-24,Parametric (Normal),0.95,2020-12-24,1234,20159090.5,25526934.96,15874333.5,False
2025-11-24,Parametric (Normal),0.97,2020-12-24,1234,23189989.86,28164902.33,15874333.5,False
2025-11-24,Parametric (Normal),0.99,2020-12-24,1234,28913607.07,33266704.77,15874333.5,False
2025-11-24,Monte Carlo (Student-t),0.95,2020-12-24,1234,18578120.1,28397421.31,15874333.5,False
2025-11-24,Monte Carlo (Student-t),0.97,2020-12-24,1234,22625116.59,33691446.81,15874333.5,False
2025-11-24,Monte Carlo (Student-t),0.99,2020-12-24,1234,33131134.3,47697609.21,15874333.5,False
2025-11-25,Historical,0.95,2020-12-28,1234,19359262.03,29018097.93,9080340.2,False
2025-11-25,Historical,0.97,2020-12-28,1234,24177427.14,33860587.17,9080340.2,False
2025-11-25,Historical,0.99,2020-12-28,1234,35093664.2,43352150.09,9080340.2,False
2025-11-25,Parametric (Normal),0.95,2020-12-28,1234,20160558.52,25531202.51,9080340.2,False
2025-11-25,Parametric (Normal),0.97,2020-12-28,1234,23193038.6,28170545.67,9080340.2,False
2025-11-25,Parametric (Normal),0.99,2020-12-28,1234,28919640.89,33275008.9,9080340.2,False
2025-11-25,Monte Carlo (Student-t),0.95,2020-12-28,1234,17844338.24,27527452.33,9080340.2,False
2025-11-25,Monte Carlo (Student-t),0.97,2020-12-28,1234,21981069.13,32786149.18,9080340.2,False
2025-11-25,Monte Carlo (Student-t),0.99,2020-12-28,1234,33137702.03,45323078.41,9080340.2,False
2025-11-26,Historical,0.95,2020-12-28,1235,19356395.1,29018097.93,6095132.42,False
2025-11-26,Historical,0.97,2020-12-28,1235,24173575.9,33605696.11,6095132.42,False
2025-11-26,Historical,0.99,2020-12-28,1235,35092503.67,43352150.09,6095132.42,False
2025-11-26,Parametric (Normal),0.95,2020-12-28,1235,20148832.58,25518163.89,6095132.42,False
2025-11-26,Parametric (Normal),0.97,2020-12-28,1235,23180571.47,28156861.95,6095132.42,False
2025-11-26,Parametric (Normal),0.99,2020-12-28,1235,28905774.07,33260077.55,6095132.42,False
2025-11-26,Monte Carlo (Student-t),0.95,2020-12-28,1235,19067231.32,29163965.31,6095132.42,False
2025-11-26,Monte Carlo (Student-t),0.97,2020-12-28,1235,23311665.38,34723473.52,6095132.42,False
2025-11-26,Monte Carlo (Student-t),0.99,2020-12-28,1235,34435945.95,48429378.97,6095132.42,False
2025-11-28,Historical,0.95,2020-12-28,1236,19353528.18,29018097.93,5477513.79,False
2025-11-28,Historical,0.97,2020-12-28,1236,24171849.12,33605696.11,5477513.79,False
2025-11-28,Historical,0.99,2020-12-28,1236,35091343.14,43352150.09,5477513.79,False
2025-11-28,Parametric (Normal),0.95,2020-12-28,1236,20137492.73,25504993.17,5477513.79,False
2025-11-28,Parametric (Normal),0.97,2020-12-28,1236,23168197.84,28142791.48,5477513.79,False
2025-11-28,Parametric (Normal),0.99,2020-12-28,1236,28891448.23,33244266.95,5477513.79,False
2025-11-28,Monte Carlo (Student-t),0.95,2020-12-28,1236,19018014.74,28915942.52,5477513.79,False
2025-11-28,Monte Carlo (Student-t),0.97,2020-12-28,1236,23500394.65,34231069.34,5477513.79,False
2025-11-28,Monte Carlo (Student-t),0.99,2020-12-28,1236,34982453.97,46571461.38,5477513.79,False
2025-12-01,Historical,0.95,2021-01-04,1233,19362128.96,29018097.93,-3598912.85,False
2025-12-01,Historical,0.97,2021-01-04,1233,24185527.3,33860587.17,-3598912.85,False
2025-12-01,Historical,0.99,2021-01-04,1233,35094824.73,43352150.09,-3598912.85,False
2025-12-01,Parametric (Normal),0.95,2021-01-04,1233,20163103.92,25535814.71,-3598912.85,False
2025-12-01,Parametric (Normal),0.97,2021-01-04,1233,23196751.0,28176173.58,-3598912.85,False
2025-12-01,Parametric (Normal),0.99,2021-01-04,1233,28925557.07,33282601.16,-3598912.85,False
2025-12-01,Monte Carlo (Student-t),0.95,2021-01-04,1233,18706044.25,28965153.04,-3598912.85,False
2025-12-01,Monte Carlo (Student-t),0.97,2021-01-04,1233,22835772.14,34500609.04,-3598912.85,False
2025-12-01,Monte Carlo (Student-t),0.99,2021-01-04,1233,32531743.22,49801309.23,-3598912.85,False
2025-12-02,Historical,0.95,2021-01-04,1234,19359262.03,29018097.93,2777307.22,False
2025-12-02,Historical,0.97,2021-01-04,1234,24177427.14,33860587.17,2777307.22,False
2025-12-02,Historical,0.99,2021-01-04,1234,35093664.2,43352150.09,2777307.22,False
2025-12-02,Parametric (Normal),0.95,2021-01-04,1234,20159331.39,25530139.93,2777307.22,False
2025-12-02,Parametric (Normal),0.97,2021-01-04,1234,23191904.38,28169563.96,2777307.22,False
2025-12-02,Parametric (Normal),0.99,2021-01-04,1234,28918682.13,33274183.58,2777307.22,False
2025-12-02,Monte Carlo (Student-t),0.95,2021-01-04,1234,18717643.24,27622752.52,2777307.22,False
2025-12-02,Monte Carlo (Student-t),0.97,2021-01-04,1234,23285830.4,32261535.11,2777307.22,False
2025-12-02,Monte Carlo (Student-t),0.99,2021-01-04,1234,32708538.68,42428316.17,2777307.22,False
2025-12-03,Historical,0.95,2021-01-04,1235,19356395.1,29018097.93,3520423.76,False
2025-12-03,Historical,0.97,2021-01-04,1235,24173575.9,33605696.11,3520423.76,False
2025-12-03,Historical,0.99,2021-01-04,1235,35092503.67,43352150.09,3520423.76,False
2025-12-03,Parametric (Normal),0.95,2021-01-04,1235,20149476.89,25518151.24,3520423.76,False
2025-12-03,Parametric (Normal),0.97,2021-01-04,1235,23180844.83,28156526.45,3520423.76,False
2025-12-03,Parametric (Normal),0.99,2021-01-04,1235,28905346.94,33259117.65,3520423.76,False
2025-12-03,Monte Carlo (Student-t),0.95,2021-01-04,1235,17926574.03,26530432.69,3520423.76,False
2025-12-03,Monte Carlo (Student-t),0.97,2021-01-04,1235,22007400.52,31071907.12,3520423.76,False
2025-12-03,Monte Carlo (Student-t),0.99,2021-01-04,1235,31490156.96,41996401.63,3520423.76,False
2025-12-04,Historical,0.95,2021-01-04,1236,19353528.18,29018097.93,779002.32,False
2025-12-04,Historical,0.97,2021-01-04,1236,24171849.12,33605696.11,779002.32,False
2025-12-04,Historical,0.99,2021-01-04,1236,35091343.14,43352150.09,779002.32,False
2025-12-04,Parametric (Normal),0.95,2021-01-04,1236,20139200.24,25505785.3,779002.32,False
2025-12-04,Parametric (Normal),0.97,2021-01-04,1236,23169388.49,28143133.74,779002.32,False
2025-12-04,Parametric (Normal),0.99,2021-01-04,1236,28891662.82,33243739.2,779002.32,False
2025-12-04,Monte Carlo (Student-t),0.95,2021-01-04,1236,18513851.58,28333578.95,779002.32,False
2025-12-04,Monte Carlo (Student-t),0.97,2021-01-04,1236,22719606.11,33595001.8,779002.32,False
2025-12-04,Monte Carlo (Student-t),0.99,2021-01-04,1236,34399645.44,45526047.16,779002.32,False
2025-12-05,Historical,0.95,2021-01-05,1236,19353528.18,29018097.93,2443910.3,False
2025-12-05,Historical,0.97,2021-01-05,1236,24171849.12,33605696.11,2443910.3,False
2025-12-05,Historical,0.99,2021-01-05,1236,35091343.14,43352150.09,2443910.3,False
2025-12-05,Parametric (Normal),0.95,2021-01-05,1236,20120119.02,25484482.44,2443910.3,False
2025-12-05,Parametric (Normal),0.97,2021-01-05,1236,23149052.84,28120739.09,2443910.3,False
2025-12-05,Parametric (Normal),0.99,2021-01-05,1236,28868958.3,33219233.02,2443910.3,False
2025-12-05,Monte Carlo (Student-t),0.95,2021-01-05,1236,18590539.28,28152185.05,2443910.3,False
2025-12-05,Monte Carlo (Student-t),0.97,2021-01-05,1236,22844786.49,33338517.2,2443910.3,False
2025-12-05,Monte Carlo (Student-t),0.99,2021-01-05,1236,32285159.13,46464990.53,2443910.3,False
2025-12-08,Historical,0.95,2021-01-08,1234,19359262.03,29018097.93,-3775220.49,False
2025-12-08,Historical,0.97,2021-01-08,1234,24177427.14,33860587.17,-3775220.49,False
2025-12-08,Historical,0.99,2021-01-08,1234,35093664.2,43352150.09,-3775220.49,False
2025-12-08,Parametric (Normal),0.95,2021-01-08,1234,20122038.76,25482810.36,-3775220.49,False
2025-12-08,Parametric (Normal),0.97,2021-01-08,1234,23148944.5,28117301.85,-3775220.49,False
2025-12-08,Parametric (Normal),0.99,2021-01-08,1234,28865020.07,33212381.98,-3775220.49,False
2025-12-08,Monte Carlo (Student-t),0.95,2021-01-08,1234,18620022.45,28488193.43,-3775220.49,False
2025-12-08,Monte Carlo (Student-t),0.97,2021-01-08,1234,23072507.85,33767163.29,-3775220.49,False
2025-12-08,Monte Carlo (Student-t),0.99,2021-01-08,1234,33680213.04,46664072.03,-3775220.49,False
2025-12-09,Historical,0.95,2021-01-11,1234,19359262.03,29018097.93,-770246.51,False
2025-12-09,Historical,0.97,2021-01-11,1234,24177427.14,33860587.17,-770246.51,False
2025-12-09,Historical,0.99,2021-01-11,1234,35093664.2,43352150.09,-770246.51,False
2025-12-09,Parametric (Normal),0.95,2021-01-11,1234,20130019.22,25490640.33,-770246.51,False
2025-12-09,Parametric (Normal),0.97,2021-01-11,1234,23156839.98,28125057.87,-770246.51,False
2025-12-09,Parametric (Normal),0.99,2021-01-11,1234,28872755.1,33219994.98,-770246.51,False
2025-12-09,Monte Carlo (Student-t),0.95,2021-01-11,1234,18488414.34,28396679.5,-770246.51,False
2025-12-09,Monte Carlo (Student-t),0.97,2021-01-11,1234,22484301.51,33765823.12,-770246.51,False
2025-12-09,Monte Carlo (Student-t),0.99,2021-01-11,1234,33327393.74,47969845.85,-770246.51,False
2025-12-10,Historical,0.95,2021-01-11,1235,19356395.1,29018097.93,4376674.84,False
2025-12-10,Historical,0.97,2021-01-11,1235,24173575.9,33605696.11,4376674.84,False
2025-12-10,Historical,0.99,2021-01-11,1235,35092503.67,43352150.09,4376674.84,False
2025-12-10,Parametric (Normal),0.95,2021-01-11,1235,20123035.26,25481523.9,4376674.84,False
2025-12-10,Parametric (Normal),0.97,2021-01-11,1235,23148651.95,28114893.46,4376674.84,False
2025-12-10,Parametric (Normal),0.99,2021-01-11,1235,28862293.26,33207803.79,4376674.84,False
2025-12-10,Monte Carlo (Student-t),0.95,2021-01-11,1235,18205447.52,28048888.89,4376674.84,False
2025-12-10,Monte Carlo (Student-t),0.97,2021-01-11,1235,22688151.32,33218495.6,4376674.84,False
2025-12-10,Monte Carlo (Student-t),0.99,2021-01-11,1235,32968896.05,46043557.62,4376674.84,False
2025-12-11,Historical,0.95,2021-01-11,1236,19353528.18,29018097.93,838729.08,False
2025-12-11,Historical,0.97,2021-01-11,1236,24171849.12,33605696.11,838729.08,False
2025-12-11,Historical,0.99,2021-01-11,1236,35091343.14,43352150.09,838729.08,False
2025-12-11,Parametric (Normal),0.95,2021-01-11,1236,20112340.05,25468811.86,838729.08,False
2025-12-11,Parametric (Normal),0.97,2021-01-11,1236,23136817.95,28101190.27,838729.08,False
2025-12-11,Parametric (Normal),0.99,2021-01-11,1236,28848308.76,33192183.72,838729.08,False
2025-12-11,Monte Carlo (Student-t),0.95,2021-01-11,1236,17874732.5,27665625.98,838729.08,False
2025-12-11,Monte Carlo (Student-t),0.97,2021-01-11,1236,22020515.86,32854553.5,838729.08,False
2025-12-11,Monte Carlo (Student-t),0.99,2021-01-11,1236,33945919.92,44867533.62,838729.08,False
2025-12-12,Historical,0.95,2021-01-12,1236,19353528.18,29018097.93,-8025979.95,False
2025-12-12,Historical,0.97,2021-01-12,1236,24171849.12,33605696.11,-8025979.95,False
2025-12-12,Historical,0.99,2021-01-12,1236,35091343.14,43352150.09,-8025979.95,False
2025-12-12,Parametric (Normal),0.95,2021-01-12,1236,20104802.37,25460694.11,-8025979.95,False
2025-12-12,Parametric (Normal),0.97,2021-01-12,1236,23128952.74,28092787.45,-8025979.95,False
2025-12-12,Parametric (Normal),0.99,2021-01-12,1236,28839825.03,33183229.58,-8025979.95,False
2025-12-12,Monte Carlo (Student-t),0.95,2021-01-12,1236,18436461.34,28212187.54,-8025979.95,False
2025-12-12,Monte Carlo (Student-t),0.97,2021-01-12,1236,22975891.39,33357221.42,-8025979.95,False
2025-12-12,Monte Carlo (Student-t),0.99,2021-01-12,1236,33814059.41,45644698.19,-8025979.95,False
2025-12-15,Historical,0.95,2021-01-15,1234,19359262.03,29018097.93,-1745680.79,False
2025-12-15,Historical,0.97,2021-01-15,1234,24177427.14,33860587.17,-1745680.79,False
2025-12-15,Historical,0.99,2021-01-15,1234,35093664.2,43352150.09,-1745680.79,False
2025-12-15,Parametric (Normal),0.95,2021-01-15,1234,20120232.04,25479976.34,-1745680.79,False
2025-12-15,Parametric (Normal),0.97,2021-01-15,1234,23146557.72,28113962.97,-1745680.79,False
2025-12-15,Parametric (Normal),0.99,2021-01-15,1234,28861537.9,33208066.72,-1745680.79,False
2025-12-15,Monte Carlo (Student-t),0.95,2021-01-15,1234,18387327.16,29109926.56,-1745680.79,False
2025-12-15,Monte Carlo (Student-t),0.97,2021-01-15,1234,22793279.99,34855742.55,-1745680.79,False
2025-12-15,Monte Carlo (Student-t),0.99,2021-01-15,1234,33910401.14,49728901.25,-1745680.79,False
2025-12-16,Historical,0.95,2021-01-19,1234,19359262.03,29018097.93,-1114982.53,False
2025-12-16,Historical,0.97,2021-01-19,1234,24177427.14,33860587.17,-1114982.53,False
2025-12-16,Historical,0.99,2021-01-19,1234,35093664.2,43352150.09,-1114982.53,False
2025-12-16,Parametric (Normal),0.95,2021-01-19,1234,20110635.52,25469313.46,-1114982.53,False
2025-12-16,Parametric (Normal),0.97,2021-01-19,1234,23136359.09,28102776.05,-1114982.53,False
2025-12-16,Parametric (Normal),0.99,2021-01-19,1234,28850202.25,33195866.29,-1114982.53,False
2025-12-16,Monte Carlo (Student-t),0.95,2021-01-19,1234,18044554.59,27221621.2,-1114982.53,False
2025-12-16,Monte Carlo (Student-t),0.97,2021-01-19,1234,21990811.73,32145793.03,-1114982.53,False
2025-12-16,Monte Carlo (Student-t),0.99,2021-01-19,1234,31496343.73,44590428.22,-1114982.53,False
2025-12-17,Historical,0.95,2021-01-19,1235,19356395.1,29018097.93,-11313138.86,False
2025-12-17,Historical,0.97,2021-01-19,1235,24173575.9,33605696.11,-11313138.86,False
2025-12-17,Historical,0.99,2021-01-19,1235,35092503.67,43352150.09,-11313138.86,False
2025-12-17,Parametric (Normal),0.95,2021-01-19,1235,20104014.46,25460578.8,-11313138.86,False
2025-12-17,Parametric (Normal),0.97,2021-01-19,1235,23128544.61,28093002.68,-11313138.86,False
2025-12-17,Parametric (Normal),0.99,2021-01-19,1235,28840134.07,33184084.07,-11313138.86,False
2025-12-17,Monte Carlo (Student-t),0.95,2021-01-19,1235,19294167.87,28596511.16,-11313138.86,False
2025-12-17,Monte Carlo (Student-t),0.97,2021-01-19,1235,23239116.27,33578346.95,-11313138.86,False
2025-12-17,Monte Carlo (Student-t),0.99,2021-01-19,1235,33084925.68,47006237.74,-11313138.86,False
2025-12-18,Historical,0.95,2021-01-19,1236,19353528.18,29018097.93,8378746.38,False
2025-12-18,Historical,0.97,2021-01-19,1236,24171849.12,33605696.11,8378746.38,False
2025-12-18,Historical,0.99,2021-01-19,1236,35091343.14,43352150.09,8378746.38,False
2025-12-18,Parametric (Normal),0.95,2021-01-19,1236,20113270.98,25469659.89,8378746.38,False
2025-12-18,Parametric (Normal),0.97,2021-01-19,1236,23137702.07,28101997.55,8378746.38,False
2025-12-18,Parametric (Normal),0.99,2021-01-19,1236,28849104.47,33192912.2,8378746.38,False
2025-12-18,Monte Carlo (Student-t),0.95,2021-01-19,1236,18402515.34,27983650.77,8378746.38,False
2025-12-18,Monte Carlo (Student-t),0.97,2021-01-19,1236,22664693.72,33099376.45,8378746.38,False
2025-12-18,Monte Carlo (Student-t),0.99,2021-01-19,1236,33680148.72,45261250.57,8378746.38,False
2025-12-19,Historical,0.95,2021-01-19,1237,19350661.25,29018097.93,8191078.72,False
2025-12-19,Historical,0.97,2021-01-19,1237,24170122.34,33605696.11,8191078.72,False
2025-12-19,Historical,0.99,2021-01-19,1237,35090182.6,43352150.09,8191078.72,False
2025-12-19,Parametric (Normal),0.95,2021-01-19,1237,20101598.46,25456543.28,8191078.72,False
2025-12-19,Parametric (Normal),0.97,2021-01-19,1237,23125214.16,28088171.26,8191078.72,False
2025-12-19,Parametric (Normal),0.99,2021-01-19,1237,28835076.77,33177713.4,8191078.72,False
2025-12-19,Monte Carlo (Student-t),0.95,2021-01-19,1237,18014133.87,28292976.95,8191078.72,False
2025-12-19,Monte Carlo (Student-t),0.97,2021-01-19,1237,22689914.63,33844253.08,8191078.72,False
2025-12-19,Monte Carlo (Student-t),0.99,2021-01-19,1237,33621060.84,46832391.63,8191078.72,False
2025-12-22,Historical,0.95,2021-01-22,1235,19356395.1,29018097.93,5498104.97,False
2025-12-22,Historical,0.97,2021-01-22,1235,24173575.9,33605696.11,5498104.97,False
2025-12-22,Historical,0.99,2021-01-22,1235,35092503.67,43352150.09,5498104.97,False
2025-12-22,Parametric (Normal),0.95,2021-01-22,1235,20118568.91,25472152.85,5498104.97,False
2025-12-22,Parametric (Normal),0.97,2021-01-22,1235,23141416.21,28103112.04,5498104.97,False
2025-12-22,Parametric (Normal),0.99,2021-01-22,1235,28849827.73,33191360.75,5498104.97,False
2025-12-22,Monte Carlo (Student-t),0.95,2021-01-22,1235,18214661.49,27269722.31,5498104.97,False
2025-12-22,Monte Carlo (Student-t),0.97,2021-01-22,1235,22211538.54,32200801.8,5498104.97,False
2025-12-22,Monte Carlo (Student-t),0.99,2021-01-22,1235,31450176.35,44862960.06,5498104.97,False
2025-12-23,Historical,0.95,2021-01-25,1235,19356395.1,29018097.93,5612059.02,False
2025-12-23,Historical,0.97,2021-01-25,1235,24173575.9,33605696.11,5612059.02,False
2025-12-23,Historical,0.99,2021-01-25,1235,35092503.67,43352150.09,5612059.02,False
2025-12-23,Parametric (Normal),0.95,2021-01-25,1235,20113070.7,25466808.28,5612059.02,False
2025-12-23,Parametric (Normal),0.97,2021-01-25,1235,23136004.75,28097842.98,5612059.02,False
2025-12-23,Parametric (Normal),0.99,2021-01-25,1235,28844580.1,33186237.71,5612059.02,False
2025-12-23,Monte Carlo (Student-t),0.95,2021-01-25,1235,18035365.25,27836620.42,5612059.02,False
2025-12-23,Monte Carlo (Student-t),0.97,2021-01-25,1235,22341605.51,33027928.4,5612059.02,False
2025-12-23,Monte Carlo (Student-t),0.99,2021-01-25,1235,32386159.94,46863128.96,5612059.02,False
2025-12-24,Historical,0.95,2021-01-25,1236,19353528.18,29018097.93,3279397.33,False
2025-12-24,Historical,0.97,2021-01-25,1236,24171849.12,33605696.11,3279397.33,False
2025-12-24,Historical,0.99,2021-01-25,1236,35091343.14,43352150.09,3279397.33,False
2025-12-24,Parametric (Normal),0.95,2021-01-25,1236,20101897.83,25453752.94,3279397.33,False
2025-12-24,Parametric (Normal),0.97,2021-01-25,1236,23123768.96,28083862.52,3279397.33,False
2025-12-24,Parametric (Normal),0.99,2021-01-25,1236,28830337.07,33170468.08,3279397.33,False
2025-12-24,Monte Carlo (Student-t),0.95,2021-01-25,1236,18144341.53,27900076.31,3279397.33,False
2025-12-24,Monte Carlo (Student-t),0.97,2021-01-25,1236,21909334.62,33212217.72,3279397.33,False
2025-12-24,Monte Carlo (Student-t),0.99,2021-01-25,1236,32777187.98,47575061.61,3279397.33,False
2025-12-26,Historical,0.95,2021-01-26,1236,19353528.18,29018097.93,-158927.55,False
2025-12-26,Historical,0.97,2021-01-26,1236,24171849.12,33605696.11,-158927.55,False
2025-12-26,Historical,0.99,2021-01-26,1236,35091343.14,43352150.09,-158927.55,False
2025-12-26,Parametric (Normal),0.95,2021-01-26,1236,20103027.33,25454632.6,-158927.55,False
2025-12-26,Parametric (Normal),0.97,2021-01-26,1236,23124757.39,28084619.39,-158927.55,False
2025-12-26,Parametric (Normal),0.99,2021-01-26,1236,28831059.1,33170987.49,-158927.55,False
2025-12-26,Monte Carlo (Student-t),0.95,2021-01-26,1236,17861301.05,28321467.43,-158927.55,False
2025-12-26,Monte Carlo (Student-t),0.97,2021-01-26,1236,22149287.38,33892350.94,-158927.55,False
2025-12-26,Monte Carlo (Student-t),0.99,2021-01-26,1236,33033670.48,48266695.09,-158927.55,False
2025-12-29,Historical,0.95,2021-01-29,1234,19306269.61,28904851.85,-3327435.82,False
2025-12-29,Historical,0.97,2021-01-29,1234,24117743.26,33801513.56,-3327435.82,False
2025-12-29,Historical,0.99,2021-01-29,1234,35093664.2,43352150.09,-3327435.82,False
2025-12-29,Parametric (Normal),0.95,2021-01-29,1234,20062193.4,25407791.96,-3327435.82,False
2025-12-29,Parametric (Normal),0.97,2021-01-29,1234,23080531.83,28034826.82,-3327435.82,False
2025-12-29,Parametric (Normal),0.99,2021-01-29,1234,28780428.71,33115485.92,-3327435.82,False
2025-12-29,Monte Carlo (Student-t),0.95,2021-01-29,1234,17769209.68,27207920.97,-3327435.82,False
2025-12-29,Monte Carlo (Student-t),0.97,2021-01-29,1234,21994790.54,32274760.38,-3327435.82,False
2025-12-29,Monte Carlo (Student-t),0.99,2021-01-29,1234,32154900.55,45178715.73,-3327435.82,False
2025-12-30,Historical,0.95,2021-02-01,1234,19306269.61,28904851.85,-572199.1,False
2025-12-30,Historical,0.97,2021-02-01,1234,24117743.26,33801513.56,-572199.1,False
2025-12-30,Historical,0.99,2021-02-01,1234,35093664.2,43352150.09,-572199.1,False
2025-12-30,Parametric (Normal),0.95,2021-02-01,1234,20029517.23,25370048.92,-572199.1,False
2025-12-30,Parametric (Normal),0.97,2021-02-01,1234,23044994.7,27994593.73,-572199.1,False
2025-12-30,Parametric (Normal),0.99,2021-02-01,1234,28739488.9,33070437.09,-572199.1,False
2025-12-30,Monte Carlo (Student-t),0.95,2021-02-01,1234,18729038.37,28253737.0,-572199.1,False
2025-12-30,Monte Carlo (Student-t),0.97,2021-02-01,1234,22489074.98,33377589.16,-572199.1,False
2025-12-30,Monte Carlo (Student-t),0.99,2021-02-01,1234,33260741.51,46538043.21,-572199.1,False
2025-12-31,Historical,0.95,2021-02-01,1235,19303737.0,28904851.85,-6447038.83,False
2025-12-31,Historical,0.97,2021-02-01,1235,24115608.62,33546662.36,-6447038.83,False
2025-12-31,Historical,0.99,2021-02-01,1235,35092503.67,43352150.09,-6447038.83,False
2025-12-31,Parametric (Normal),0.95,2021-02-01,1235,20022392.45,25360792.23,-6447038.83,False
2025-12-31,Parametric (Normal),0.97,2021-02-01,1235,23036666.16,27984289.33,-6447038.83,False
2025-12-31,Parametric (Normal),0.99,2021-02-01,1235,28728887.14,33058106.44,-6447038.83,False
2025-12-31,Monte Carlo (Student-t),0.95,2021-02-01,1235,17683873.06,27236054.92,-6447038.83,False
2025-12-31,Monte Carlo (Student-t),0.97,2021-02-01,1235,21347519.31,32503579.6,-6447038.83,False
2025-12-31,Monte Carlo (Student-t),0.99,2021-02-01,1235,31791413.22,46500630.92,-6447038.83,False
